代码,名称,一级,二级,三级,上市日期,市场,注册地,注册资本万元,主营,最新收盘,行情日期,流通市值亿元,近一年涨跌%,总股本亿股,样本起月,样本终月,区间涨跌%,区间最高,最高月,区间最低,最低月,年化波动%,主升段数,主跌段数,最大主升%,最大主跌%,末段方向,末段起,末段幅度%,与行业指数相关,与猪价指数相关,营收2023亿,营收2024亿,营收2025亿,营收2026H1亿,营收2026H1同比%,归母2023亿,归母2024亿,归母2025亿,归母2026H1亿,归母2025H1亿,ROE2025,毛利率2025,净利率2025,负债率2023,负债率2024,负债率2025,负债率2026H1,现金流2025亿,ROE2026H1,毛利率2026H1,净利率2026H1,现金流2026H1亿,净资产亿,净资产期,流动比率,速动比率,存货周转天数,应收周转天数,商誉亿,公告-再融资,公告-重大重组与并购,公告-回购与激励,公告-对外投资与转型,公告-担保与关联交易,公告-股东行为,公告-业绩与风险,近三年公告数,股本变动次数2023+,股本变动原因,最近股本变动,总股本2021亿股,总股本最新亿股,增发次数,可转债转股次数,近三年分红次数,近三年每股分红,主营构成期,主营构成类别,主营首位,主营首位占比,主营首位2021,主营首位变化,主营首位占比变化,画像
002714,牧原股份,农林牧渔,养殖业,生猪养殖,2014-01-28,深交所主板,河南省南阳市,577299.6144,生猪的养殖销售、生猪屠宰。,40.48,2026-09-24,1327.9461247359998,-24.98,54.65353161000001,2021-01,2026-09,-54.465691788526435,113.9,2021-02,34.99,2026-06,38.697138972083714,2,3,55.91489361702129,-52.45219347581552,下跌,2025-08,-36.335516739446874,,,1108.607277144,1379.4689207687,1441.4496537168,594.1030638459,-22.30163798388639,-42.6328082031,178.8126048527,154.8689125404,-60.776532789399994,105.3005109842,20.57,17.818111,10.969385,62.111089,58.680119,54.150762,54.17927,300.56186914470004,-7.48,-1.575637,-10.241396,-22.236683826799997,802.1519425374,20260630,0.7902,0.2841,,,,23,0,34,1,28,39,10,615,34,可转债转股 28 次、激励股份解禁 3 次、股份回购 2 次、限售股份上市 1 次,2024-09-30,52.62358594,54.65353161000001,7,45,5,3.5017614999999997,2026-06-30,按产品分类,生猪,88.2512,生猪,False,-6.914500000000004,breeding
300498,温氏股份,农林牧渔,养殖业,生猪养殖,2015-11-02,深交所创业板,广东省云浮市,665392.9305,肉鸡和肉猪的养殖与销售，兼营肉鸭、蛋鸡、鸽子等产品的养殖与销售。,14.51,2026-09-24,862.7471835019,-23.55,66.52917473000001,2021-01,2026-09,-14.44575471698114,24.04,2022-07,12.32,2026-06,29.802289477035288,2,3,91.09697933227343,-42.456795889771136,下跌,2024-05,-42.456795889771136,,,899.2109954585001,1056.4518375781,1038.6218849972,467.64965640080004,-6.234969866699336,-63.896623585,92.79937440450001,52.6641581782,-43.6594920176,34.7463644292,12.57,11.183484,5.273329,61.411306,53.144542,49.817648,58.938865,118.0744568582,-11.13,-2.91751,-9.407404,4.2161903692000005,384.41392308269997,20260630,0.8269,0.2906,,,1.6795618446,58,3,82,1,34,5,8,686,17,可转债转股 13 次、股权激励 3 次、增发新股上市 2 次、股份回购 1 次,2024-09-30,63.51814344,66.52917473000001,5,23,7,1.25,2026-06-30,按行业分类,养殖行业,131.0889,养殖行业,False,34.79769999999999,breeding
002311,海大集团,农林牧渔,饲料,水产饲料,2009-11-27,深交所主板,广东省广州市,165701.0297,围绕动物养殖提供整体解决方案进行产业链业务布局。,41.1,2026-09-24,680.37576228,-34.11,16.6374997,2021-01,2026-09,-37.547485184622396,83.4,2021-04,37.8,2024-01,30.19052240117951,2,2,68.70370370370374,-54.67625899280576,下跌,2025-09,-35.549631488160585,,,1161.1716874297001,1146.0105666229,1284.6823091496,642.399679633,9.194272518973223,27.4125637498,45.039955183900005,42.803307340799996,16.1075733,26.3854092421,17.42,10.333206,3.538146,53.267391,47.86845,46.418538,54.616736,62.603773232200005,6.47,9.344868,2.687667,39.2356151173,250.92817803580002,20260630,1.0613,0.5511,,,3.8772666366000004,3,0,54,0,22,32,8,448,6,期权行权 2 次、其他 1 次,2024-06-30,16.61161061,16.6374997,5,4,6,3.5,2026-06-30,按行业分类,饲料行业,87.5885,饲料行业,False,-2.3773000000000053,feed
600737,中粮糖业,农林牧渔,农产品加工,其他农产品加工,1996-07-31,上交所,新疆维吾尔自治区昌吉州昌吉市,213884.8228,白砂糖及相关产品的制造销售、番茄加工及番茄制品的销售。,14.75,2026-09-24,315.48011363,-11.52,21.388482279999998,2021-01,2026-09,60.50054406964092,17.74,2026-01,6.62,2022-10,33.48204650631285,2,2,167.97583081570994,-33.866133866133865,下跌,2026-01,-30.496054114994354,,,331.1389463603,324.9740066177,265.10979601630004,92.77005243200001,-21.16401662312515,20.7332141527,17.1334719126,9.5122573455,6.0834306977,4.4485963976,8.24,11.412694,3.614385,44.89853,41.482142,44.139619,39.082365,12.8769312207,5.19,14.593846,6.651414,11.983903319400001,114.6025635498,20260630,1.8198,0.7176,,,0.0001793118,1,0,0,0,11,0,3,282,3,,2024-06-30,21.388482279999998,21.388482279999998,2,0,6,2.0799999999999996,2025-12-31,按行业分类,工业,66.2536,贸易,True,0.33610000000001605,processing
000876,新希望,农林牧渔,饲料,畜禽饲料,1998-03-11,深交所主板,四川省绵阳市,496214.1115,饲料、生猪养殖与屠宰等业务。,6.92,2026-09-24,311.4005722148,-30.1,45.45779583,2021-01,2026-09,-67.28132387706856,24.07,2021-02,6.27,2026-06,31.50818945092527,2,3,55.21023765996345,-51.88457008244994,下跌,2024-09,-39.76945244956773,,,1417.0324893132001,1030.6296225434,1068.5629872047,555.890642298,7.679449761353219,2.4919533387,4.7359906810000005,-17.843522021800002,-17.0219399205,7.5486392883,-8.85,6.282521,-1.641686,72.278212,69.00661,69.894717,70.699595,93.77940842219999,-9.12,4.729967,-3.044549,16.4642584839,342.6603989024,20260630,0.5545,0.2776,,,11.274618739200001,95,4,28,5,50,5,15,667,16,可转债转股 11 次、股份回购 2 次、增发新股上市 1 次、股权激励 1 次,2024-09-30,45.05211342,45.45779583,6,28,1,0.0241245,2026-06-30,按行业分类,饲料,74.54889999999999,饲料,False,18.46179999999999,feed
601118,海南橡胶,农林牧渔,种植业,其他种植业,2011-01-07,上交所,海南省海口市,427942.7797,天然橡胶种植、加工、贸易、科技研发、橡胶木加工与销售及热带特色高效农业等。,6.48,2026-09-24,277.3069212456,24.14,42.79427797,2021-01,2026-09,18.899082568807344,7.68,2026-02,4.04,2022-10,29.151967687765712,2,3,90.0990099009901,-35.9375,上涨,2026-06,31.70731707317074,,,334.6693197906,420.0416604525,422.3715192296,151.2286945425,-25.400000979519522,2.9712472308,1.0338902,-1.0303109601,-1.3047939125,-1.7604723424000002,-1.04,2.515304,-0.741754,65.730911,68.676307,70.289328,70.694539,25.0483145588,-1.31,3.383328,-1.775482,10.0636388636,95.7428885667,20260630,0.9821,0.7007,,,14.8080644877,2,2,0,3,32,2,15,440,3,,2024-06-30,42.79427797,42.79427797,2,0,2,0.0318,2025-12-31,按行业分类,农业,96.8032,农业,False,0.2524999999999977,planting
002157,正邦科技,农林牧渔,养殖业,生猪养殖,2007-08-17,深交所主板,江西省南昌市,925016.2589,饲料生产与销售、生猪养殖与销售及兽药的生产与销售。,2.92,2026-09-24,227.40653435040002,-2.99,92.98081339,2021-01,2026-09,-83.1603229527105,17.34,2021-01,2.39,2023-05,36.28886655145684,1,1,45.18828451882846,-86.21683967704729,上涨,2023-05,45.18828451882846,,,69.9167773061,88.6971632334,147.949174361,77.1990361558,12.900316998399974,85.2870953615,2.1640208336,-5.464322427999999,-7.3649190797,2.016624619,-4.9,7.977173,-5.114976,53.969051,46.415267,50.10659,53.460677,8.2990449398,-6.99,-0.188781,-12.656981,-4.0699685135,88.0470883876,20260630,0.7354,0.4416,,,,12,0,14,6,57,16,43,473,10,可转债转股 6 次、转增 1 次、限售股份上市 1 次,2024-06-30,31.4642353,92.98081339,16,32,0,0.0,2026-06-30,按行业分类,养殖,53.036899999999996,养殖,False,-7.7044,breeding
600598,北大荒,农林牧渔,种植业,粮食种植,2002-03-29,上交所,黑龙江省哈尔滨市,177767.9909,耕地发包，农产品收购、销售及种植，农副产品初加工，肥料制造及销售，农药经营等。,12.49,2026-09-24,222.03222063409999,-13.14,17.77679909,2021-01,2026-09,-23.70189370800244,17.5,2026-01,10.84,2026-06,25.146119844588107,2,3,53.77855887521967,-38.05714285714286,下跌,2026-01,-38.05714285714286,,,50.444433832,53.3874159535,52.2919048741,21.2825332906,-29.391057760292284,10.6371401698,10.8721004906,11.66182575,-5.365091312200001,9.844345196399999,14.9,34.556364,22.315507,16.082668,15.394567,12.927379,39.516738,12.404864504,-7.09,54.900275,-25.389247,24.8570771787,62.8086307767,20260630,1.4648,1.4115,,,,0,1,0,1,17,0,8,254,3,,2024-06-30,17.77679909,17.77679909,0,2,4,1.9600000000000002,2026-06-30,按产品分类,土地承包费,91.2504,土地承包费,False,14.298299999999998,planting
002299,圣农发展,农林牧渔,养殖业,肉鸡养殖,2009-10-21,深交所主板,福建省光泽县十里铺圣农总,124277.0322,白羽肉鸡生产及肉类食品深加工。,15.7,2026-09-24,191.320158552,-10.13,12.43400295,2021-01,2026-09,-45.20069808027923,28.8,2021-02,12.17,2024-08,31.357445528936267,3,3,58.586688578471666,-51.43655227454109,上涨,2024-08,58.586688578471666,,,184.86738694459999,185.85565098759997,200.9448081616,107.8096404635,21.73069961069207,6.642735298400001,7.2426768528,13.8005846224,5.0249169556,9.1024960859,12.59,12.580468,6.903488,54.139819,49.995177,51.655161,51.913995,40.322650820999996,4.4,13.123404,4.725847,9.1350239722,115.0007033257,20260630,0.6668,0.361,,,10.1614415833,0,3,31,3,17,6,9,377,9,股份回购 3 次、激励股份解禁 2 次、其他 1 次,2024-06-30,12.43973396,12.43400295,6,0,6,1.4,2026-06-30,按行业分类,家禽饲养加工行业,49.767,家禽饲养加工行业,False,-11.897300000000001,breeding
605198,安德利,农林牧渔,农产品加工,果蔬加工,2020-09-18,上交所,山东省烟台市,32788.8,浓缩果汁的加工生产及销售。,63.91,2026-09-24,172.8995576,43.84,3.49,2021-01,2026-09,202.89099526066346,67.75,2026-08,15.56,2022-04,53.576994031321604,5,4,172.08760484622553,-44.847083012079146,上涨,2025-12,69.88304093567253,,,8.7610495371,14.1798699799,16.771635454400002,7.163015200499999,-24.446831046708418,2.5552007421000003,2.60703197,3.3034507762,1.2326242103,2.0110102303999997,11.72,24.255909,19.696652,3.092339,4.812336,5.3294,7.781893,4.917831382,4.33,24.253145,17.208175,5.3825947826,27.0610731052,20260630,8.5414,5.5626,,,0.0558697643,17,2,35,5,12,25,12,481,5,限售股份上市 1 次、承诺限售 1 次、股份回购 1 次,2024-06-30,3.673,3.49,0,0,5,0.9199999999999999,2025-12-31,按行业分类,饮料制造业,97.1538,饮料制造业,False,1.2835000000000036,processing
000592,平潭发展,农林牧渔,林业Ⅱ,林业Ⅲ,1996-03-27,深交所主板,福建省平潭综合实验区北厝,193178.0892,造林营林、林木产品加工与销售、贸易业务、与平潭综合实验区开放开发的有关业务。,8.78,2026-09-24,168.1451170222,158.24,19.317808919999997,2021-01,2026-09,280.08658008658006,15.4,2025-12,1.3,2024-06,58.8652608371369,3,2,1084.6153846153848,-67.08860759493672,上涨,2026-07,50.600343053173226,,,12.331618788599998,15.633912588,13.1994088371,4.8162354196,-35.13498405732576,-3.0784120135000004,-1.1681760414,-1.1297898795,-0.6946982838,0.1508562427,-6.17,6.904905,-15.567949,48.041652,46.92726,44.974695,39.345631,2.2289067388,-3.99,7.892387,-33.670919,0.3601776963,16.8573465711,20260630,2.0374,1.1831,,,0.030089852799999997,1,3,17,0,4,0,23,328,4,股权分置受限股份上市 1 次,2024-09-26,19.317808919999997,19.317808919999997,2,0,0,0.0,2026-06-30,按行业分类,纤维板,74.8643,纤维板,False,28.612500000000004,fishery
605296,神农集团,农林牧渔,养殖业,生猪养殖,2021-05-28,上交所,中国（云南）自由贸易试验,52623.0618,饲料加工和销售、生猪养殖和销售、生猪屠宰和生鲜猪肉食品销售、以及食品深加工和销售业务。,30.3,2026-09-24,156.94927865399998,-3.5,5.24839012,2021-05,2026-09,-46.83277768029479,56.99,2021-05,20.97,2023-09,33.44218428562007,2,2,93.46685741535528,-63.20407088962976,上涨,2025-01,26.32821723730816,,,38.912786252,55.8434158766,53.518141932,24.894587945599998,-11.015314831414603,-4.0127804877,6.868152759299999,3.3896368641000003,-8.0890360287,3.8751641892000004,6.9,16.285817,6.333622,26.409286,27.385776,29.533478,40.7482,8.0992984787,-17.89,0.894402,-32.49315,-3.7543742522000003,41.3501134789,20260630,1.136,0.3654,,,,27,1,78,5,49,0,8,550,10,激励股份解禁 3 次、股份回购 2 次、增发新股上市 1 次、股权激励 1 次,2024-09-30,4.00229012,5.24839012,2,0,2,0.64,2026-06-30,按产品分类,生猪养殖分部,90.67960000000001,饲料,True,27.78480000000001,breeding
300999,金龙鱼,农林牧渔,农产品加工,粮油加工,2020-10-15,深交所创业板,上海市,542159.1536,厨房食品、饲料原料及油脂科技产品的研发、生产与销售。,24.55,2026-09-24,133.21986231350002,-22.51,54.21591536,2021-01,2026-09,-79.86384514435696,121.92,2021-01,23.26,2026-06,32.18265413943036,1,2,37.18592964824121,-78.78116797900263,下跌,2024-09,-34.46041138348831,,,2515.23736,2382.79409,2451.25575,1228.516,6.197448507485848,28.47749,25.0202,31.52894,22.94374,17.55604,3.32,6.429822,1.378666,59.763165,56.364603,55.863151,56.244849,154.44977,2.36,6.309687,1.938291,10.00745,1021.06568,20260630,1.1989,0.7793,,,61.10786,0,0,14,3,33,0,3,306,3,,2024-06-30,54.21591536,54.21591536,0,0,4,0.529,2025-12-31,按行业分类,农副食品加工业,100.0,农副食品加工业,False,0.0,processing
300761,立华股份,农林牧渔,养殖业,肉鸡养殖,2019-02-18,深交所创业板,江苏省常州市,84633.7321,黄羽肉鸡（中华土鸡）、商品肉猪及肉鹅的养殖和销售业务。,20.43,2026-09-24,132.133866813,-10.04,8.27644501,2021-01,2026-09,-38.24062877871825,45.81,2022-08,16.41,2026-06,44.088744459222426,4,5,63.899821109123444,-63.04300371098014,下跌,2026-04,-27.86813186813186,,,153.5409685827,177.24875417759998,187.29362431470003,91.2768328726,9.270184763078348,-4.3740921932,15.2096317935,5.777875752100001,-0.7191880831999999,1.4879876704,6.29,11.033826,3.032171,43.015158,37.798397,42.026875,43.801683,18.479836409,-0.77,8.016364,-0.834025,5.2050321278,91.7965505428,20260630,0.761,0.2429,,,0.183150553,3,0,47,2,42,46,6,453,5,转增 1 次、限售股份上市 1 次,2024-06-30,4.0388,8.27644501,1,0,5,1.95,2025-12-31,按行业分类,养殖行业,100.0,养殖行业,False,0.0,breeding
601952,苏垦农发,农林牧渔,种植业,粮食种植,2017-05-15,上交所,江苏省南京市,137800.0,农作物的种植和销售、种子及大米的生产及销售、农资销售、麦芽的生产及销售、食用油的生产及销售。,9.11,2026-09-24,125.5358,-3.5,13.78,2021-01,2026-09,-21.600688468158346,16.7,2022-05,7.49,2026-06,26.716637801079774,1,2,63.88616290480864,-55.1497005988024,下跌,2022-05,-55.1497005988024,,,121.6805859771,109.1738134032,100.71255385459999,43.31531121890001,-5.593640010626566,8.162048134700001,7.3005245674,5.4785663182,1.439529598,2.1320912608,7.86,13.238626,5.569359,50.827079,49.478013,48.876723,46.476956,22.593438564899998,2.04,11.308104,3.64935,1.6716869725,82.6617477613,20260630,3.466,2.0818,,,0.8327975911,0,3,0,4,4,0,7,289,3,,2024-06-30,13.78,13.78,0,0,7,1.1199999999999999,2025-12-31,按行业分类,大米加工与销售分部,36.356300000000005,米业,True,-3.332899999999995,planting
600201,生物股份,农林牧渔,动物保健Ⅱ,动物保健Ⅲ,1999-01-15,上交所,内蒙古自治区呼和浩特市,109992.7826,兽用生物制品的研发、生产与销售。,11.4,2026-09-24,125.391772164,28.23,11.20369226,2021-01,2026-09,-49.93412384716732,22.77,2021-01,6.26,2024-08,37.52611656707871,2,3,188.33865814696486,-65.65656565656566,下跌,2026-01,-36.8421052631579,,,15.9822546025,12.5545575788,13.9641368547,7.564404076000001,22.091454374984497,2.8363079016,1.0898518646,1.0011163771,1.0410030101999999,0.6042402424000001,1.88,53.531861,6.839399,17.717391,19.946144,16.043249,16.485137,3.1611686010000004,1.92,53.913796,14.730641,0.5102384997,55.2598700537,20260630,4.2132,3.8187,,,1.3917691799,43,0,40,0,6,15,15,315,4,其他 1 次,2024-06-30,11.26202241,11.20369226,5,0,4,0.207,2025-12-31,按行业分类,生物制药,92.66929999999999,生物制药,False,-3.9904999999999973,vet
000998,隆平高科,农林牧渔,种植业,种子,2000-12-11,深交所主板,湖南省长沙市,146944.8061,以水稻、玉米、小麦等主粮作物，黄瓜、辣椒、谷子、食葵等专精特新作物为主业，棉花、油料作物为拓展，种粮一体、农民培训、农业援外等农业服务为配套业务。,8.68,2026-09-24,114.1463873928,-11.16,13.169702979999999,2021-01,2026-09,-51.724137931034484,24.04,2021-11,7.54,2026-06,28.934122727885054,1,2,49.87531172069826,-68.63560732113146,下跌,2021-11,-68.63560732113146,,,92.2321674753,85.6555286363,84.77207119159999,17.100202291800002,-21.05071424649243,2.0005468958000003,1.1386677784,1.6582228875,-2.7270425922,-1.6387859772,2.88,39.300871,1.281765,63.4962,66.48377,59.503322,59.122169,7.5187262287,-4.09,39.05219,-22.417056,-8.387500302000001,103.0908863672,20260630,1.0602,0.6026,,,43.508307506499996,47,4,4,0,40,6,11,398,3,,2024-06-30,13.169702979999999,13.169702979999999,3,0,3,0.132,2026-06-30,按行业分类,农业,100.0,农业,False,0.0,planting
002385,大北农,农林牧渔,饲料,畜禽饲料,2010-04-09,深交所主板,北京市,428037.1965,生产和销售饲料产品、生猪产品及种子产品。,3.09,2026-09-24,106.4162259363,-25.36,43.2372189,2021-01,2026-09,-66.66666666666667,10.49,2021-12,2.76,2026-06,33.298847642678794,2,3,54.26470588235295,-70.3862660944206,下跌,2022-11,-70.3862660944206,,,333.9012986504,287.6696564091,291.1893480338,138.1137418514,1.8581761760398274,-21.7388594088,3.4577274055,-6.4152400371,-6.7654905911,2.3530719425,-7.85,12.746173,-1.676062,66.292801,63.451245,66.956911,69.893893,8.2875284582,-9.29,8.700944,-6.010228,-12.2465948217,85.3403126496,20260630,0.7321,0.4257,,,6.3994736148,16,1,38,6,99,14,9,604,8,股份回购 3 次、增发新股上市 1 次、其他 1 次,2024-09-13,41.41281853,43.2372189,4,0,4,0.188,2026-06-30,按产品分类,饲料产品,67.711,饲料产品,False,-4.731200000000001,feed
600127,金健米业,农林牧渔,农产品加工,粮油加工,1998-05-06,上交所,湖南省常德市,64178.3218,优质粮油、新型健康食品开发、生产、销售。,16.49,2026-09-24,105.8300526482,146.12,6.4178321799999996,2021-01,2026-09,81.20879120879121,16.49,2026-09,5.2,2026-06,45.29349831986963,3,2,217.11538461538456,-42.08494208494208,上涨,2026-06,217.11538461538456,,,52.6943428004,46.2715753852,33.580095371700004,19.699471205,25.1895246543967,0.1388005528,0.0222877015,0.037727732,-0.0957908768,0.11663880300000001,0.56,7.686968,0.099458,54.784592,59.432011,61.31338,62.237754,0.7228543724,-1.44,5.952821,-0.496978,0.3778771617,7.1280800912,20260630,0.9721,0.4715,,,,0,4,0,2,34,1,5,359,3,,2024-06-30,6.4178321799999996,6.4178321799999996,1,0,0,0.0,2026-06-30,按行业分类,粮油业务,94.4815,粮油食品加工业,True,46.380199999999995,processing
002100,天康生物,农林牧渔,饲料,畜禽饲料,2006-12-26,深交所主板,新疆维吾尔自治区乌鲁木齐市,136525.1515,现代畜牧业畜禽良种繁育、饲料与饲养管理、动物药品及畜禽病害防治、畜产品加工销售。,7.58,2026-09-24,103.486064837,-1.56,13.652515150000001,2021-01,2026-09,-29.55390334572491,12.41,2021-02,6.14,2025-02,33.777374537605915,3,3,66.94101508916323,-49.38169826875516,上涨,2025-02,29.478827361563532,,,190.2580628659,171.7580519011,169.8107469926,83.2538956074,-5.8929787803227445,-13.633160303399999,6.0505288238,2.1063487519999997,-4.4146823837,3.3828925051,3.02,9.862122,1.768487,52.752401,51.490125,50.913549,55.557993,3.8086173993,-6.57,1.426471,-5.936062,14.959539856500001,85.2406620762,20260630,1.3068,0.6763,,,7.1975703148,2,5,0,1,13,7,7,346,7,可转债转股 5 次,2024-06-30,13.53856588,13.652515150000001,4,29,3,0.518,2026-06-30,按行业分类,生猪养殖产业链行业,32.3797,饲料行业,True,-0.2372000000000014,feed
000048,京基智农,农林牧渔,养殖业,生猪养殖,1994-11-01,深交所主板,广东省深圳市,53020.275,生猪养殖与销售；饲料生产与销售；种鸡、肉鸡养殖与销售；房地产开发等。,18.66,2026-09-24,98.76789315,10.48,5.3056925,2021-01,2026-09,-18.121983326020185,29.29,2021-04,12.54,2026-05,51.21799847962546,6,5,75.38917716827281,-46.99915469146239,上涨,2026-05,48.80382775119618,,,124.170062324,59.6047968887,48.7181914245,21.3012392766,-10.747185513428104,17.4630018667,7.1379529564999995,1.5280866182,-4.8924406667,2.2609758923,3.63,13.780015,3.206075,67.7847,60.25385,58.968632,63.645267,5.9731189441999994,-12.88,-8.081025,-23.077351,0.4051805843,35.327987611,20260630,0.3975,0.1659,,,,9,1,61,0,39,35,7,460,4,增发新股上市 1 次、股权激励 1 次,2024-06-30,5.2323925000000004,5.3056925,1,0,4,2.1100000000000003,2026-06-30,按产品分类,猪业产品,71.7295,商品房,True,2.9299000000000035,breeding
000930,中粮科技,农林牧渔,农产品加工,其他农产品加工,1999-07-12,深交所主板,安徽省蚌埠市,185644.2396,食品原料、生物能源、生物新材料三大板块。,5.26,2026-09-24,97.6415360642,-11.89,18.59722694,2021-01,2026-09,-51.698806244260794,11.68,2021-11,4.25,2026-06,28.246897212221995,2,3,39.014373716632434,-58.304794520547944,下跌,2026-02,-37.22304283604135,,,203.78950091779998,200.5335548483,175.1164230754,81.9421267123,-7.013559323020946,-6.0162984335,0.2512951919,0.3836759357,-1.6929078691,1.0724657411,0.36,8.356681,0.263981,34.450639,37.005979,34.311643,40.678047,18.4745956354,-1.62,4.997048,-2.147634,-8.754661815499999,107.0085519002,20260630,1.2693,0.856,,,3.6604471945999997,0,0,8,1,12,0,7,336,6,股份回购 2 次、激励股份解禁 1 次,2024-07-23,18.657179879999997,18.59722694,2,0,2,0.6,2026-06-30,按行业分类,农产品加工及销售,98.3311,农产品加工及销售,False,-0.2734999999999985,processing
002891,中宠股份,农林牧渔,饲料,宠物食品,2017-08-21,深交所主板,山东省烟台市,32189.7746,宠物食品的研发、生产和销售。,27.83,2026-09-24,89.5841427118,-47.24,2.94114172,2021-01,2026-09,-42.8776683087028,62.86,2025-05,19.16,2024-07,40.701593745503196,4,4,228.0793319415449,-59.60886050688485,下跌,2025-05,-57.49284123448935,,,37.4720210857,44.6475158693,52.2146984383,32.8056918554,34.88131126144172,2.3316376875,3.9380076642,3.6512364377999997,1.2664846585,2.0305032015,13.46,29.536497,7.627327,44.891719,41.249135,42.669044,43.952947,5.3445822144,4.0,25.877639,4.156275,-1.9302825081000001,35.9785175482,20260630,1.291,0.9671,,,2.2606841401,7,0,34,1,12,13,3,422,16,可转债转股 13 次、其他 1 次,2024-09-30,2.94112698,2.94114172,1,19,7,1.1199999999999999,2026-06-30,按行业分类,宠物食品及用品,93.8666,宠物食品及用品,False,-2.8182999999999936,fishery
002041,登海种业,农林牧渔,种植业,种子,2005-04-18,深交所主板,山东省莱州市,88000.0,农作物新品种选育、许可证规定经营范围内的农作物种子生产、分装、销售。,9.94,2026-09-24,87.472,7.23,8.8,2021-01,2026-09,-46.32829373650108,26.42,2021-11,7.87,2026-06,33.461118110291096,3,3,74.85109199205826,-69.41710825132475,上涨,2026-06,26.30241423125794,,,15.5197504278,12.456645058900001,11.0181017237,4.6892158019,26.964710848246476,2.5578300382,0.5662563965,0.9165335183,0.49515627009999996,0.35112378689999996,2.53,29.554818,9.897126,19.108673,19.091643,18.662369,15.786506,2.4648501954,1.34,30.35701,8.936552,-0.46378168659999996,40.7178987436,20260630,6.342,5.53,,,,0,0,0,1,1,0,4,151,3,,2024-06-30,8.8,8.8,0,0,2,0.06499999999999999,2026-06-30,按行业分类,农业,100.0,农业,False,0.0,planting
600108,亚盛集团,农林牧渔,种植业,其他种植业,1997-08-18,上交所,甘肃省兰州市,194691.5121,农产品生产种植、农产品加工、农产品贸易销售、滴灌材料加工销售、滴灌工程实施。,4.13,2026-09-24,80.4075944973,40.48,19.46915121,2021-01,2026-09,40.47619047619047,4.55,2026-03,2.37,2024-06,28.206731447958344,3,3,91.98312236286918,-39.69465648854962,上涨,2026-06,39.52702702702702,,,40.0511541762,41.917876624099996,42.415484596599995,14.718527160599999,-2.629472162260549,1.04433063,0.9607759001999999,0.5693364197,0.2491876199,0.2800297716,1.32,15.541348,1.352505,53.531966,55.26903,56.285106,58.920841,1.4970609626,0.58,17.553405,1.683135,-1.6733450978,43.2735200688,20260630,1.4651,0.8964,,,,0,2,0,6,41,7,2,299,3,,2024-06-30,19.46915121,19.46915121,1,0,4,0.018,2026-06-30,按行业分类,农业,57.079,农业,False,-24.1218,planting
002458,益生股份,农林牧渔,养殖业,肉鸡养殖,2010-08-10,深交所主板,山东省烟台市,143119.3039,祖代种鸡的引进与饲养、父母代种雏鸡的生产与销售、商品肉雏鸡的生产与销售、种猪和商品猪的饲养和销售、农牧设备的生产与销售、奶牛的饲养与乳品销售等。,8.09,2026-09-24,78.1805930984,-6.9,11.064129150000001,2021-01,2026-09,-20.686274509803916,15.59,2023-02,7.77,2026-06,35.15518474268424,2,3,77.96803652968036,-48.30019243104554,下跌,2026-04,-30.686886708296168,,,32.2467692889,31.3582573109,29.5227010843,16.9676287675,28.43626903864884,5.407938182300001,5.0382335622,1.6542001321000002,3.0758669393,0.0615506616,3.75,17.758609,5.479712,30.975746,39.616551,35.680871,35.141399,5.6193103677,6.86,28.04464,18.208385,4.605040342900001,46.3604212136,20260630,0.9068,0.7319,,,0.1837087071,10,0,51,2,17,44,6,451,5,增发新股上市 1 次、限售股份上市 1 次,2024-06-30,9.929099800000001,11.064129150000001,4,0,6,0.7,2026-06-30,按行业分类,鸡收入,83.7801,鸡收入,False,-6.038799999999995,breeding
600251,冠农股份,农林牧渔,农产品加工,果蔬加工,2003-06-09,上交所,新疆维吾尔自治区铁门关市,77699.3583,番茄、棉花、甜菜制糖三大产业板块的研发、生产、加工、副产物综合利用、销售及贸易、仓储服务。,10.03,2026-09-24,77.93245637490001,21.28,7.7699358300000005,2021-01,2026-09,72.93103448275862,12.95,2026-04,5.8,2021-01,34.99142577769395,3,3,92.99552906110281,-41.140350877192986,下跌,2026-04,-33.281853281853266,,,43.4766970685,35.1264234959,25.149215546100002,13.8945800005,0.2818051936146926,7.2000632667,2.0459635901,3.4844337425,5.3719226584,2.9995527307999996,9.41,8.777395,14.381596,48.370523,46.334823,46.868982,30.808147,1.2551958283,13.34,8.56731,39.484964,5.1207321456,44.7684309893,20260630,1.918,1.5408,,,,0,1,0,0,53,3,5,346,5,股份回购 2 次,2024-06-30,7.8143128299999995,7.7699358300000005,1,0,5,0.8839999999999998,2026-06-30,按产品分类,油脂产品,38.662400000000005,皮棉,True,-26.162099999999995,processing
002215,诺普信,农林牧渔,种植业,其他种植业,2008-02-18,深交所主板,广东省深圳市,100425.881,特色生鲜消费业务、农药制剂业务。,9.62,2026-09-24,77.73556189879999,-26.4,10.0519131,2021-01,2026-09,81.50943396226413,12.91,2025-09,5.15,2021-07,33.77812601444798,2,3,86.29148629148631,-36.25096824167312,下跌,2025-09,-36.25096824167312,,,41.195378854,52.8819724174,57.825922047700004,39.6387759228,7.7577530732646505,2.3562654717,5.8459049799,6.504165650599999,7.6452383715,6.4803119687,16.45,37.443415,11.025031,61.055746,63.675899,63.326444,60.518193,14.754585497999999,16.75,36.784163,19.177799,0.9163760306000001,47.567225495200006,20260630,1.035,0.8097,,,0.3399685675,7,0,50,2,16,33,14,374,8,激励股份解禁 2 次、股份回购 2 次、增发新股上市 1 次、股权激励 1 次,2024-09-10,9.87285795,10.0519131,7,0,4,0.95,2026-06-30,按行业分类,特色生鲜消费业务,52.2245,主体业务,True,-7.125500000000002,planting
301498,乖宝宠物,农林牧渔,饲料,宠物食品,2023-08-16,深交所创业板,山东省聊城市,40047.284,宠物食品的研发、生产和销售。,39.67,2026-09-24,75.19327585839999,-57.1,4.000445,2023-08,2026-09,-12.312113174182137,109.37,2025-06,36.3,2024-01,44.56135128331374,1,2,201.29476584022044,-63.728627594404315,下跌,2025-06,-63.728627594404315,,,43.269630763500004,52.4496383608,67.68959695310001,35.430036145100004,10.007942092652033,4.2884237618,6.2472144754,6.7314404669000005,1.9064996452,3.7801913169,15.29,42.489665,9.955509,11.425126,17.131091,20.454123,31.417763,8.4238151414,4.06,40.113244,5.381026,1.5113183635,46.8081579805,20260630,2.1322,1.5942,,,,7,0,60,2,12,17,1,430,5,限售股份上市 2 次、A股上市 1 次,2024-08-16,4.000445,4.000445,0,0,7,1.42,2026-06-30,按行业分类,宠物食品及用品,99.562,宠物食品及用品,False,-0.05270000000000152,fishery
600313,农发种业,农林牧渔,种植业,种子,2001-01-19,上交所,北京市,116137.3969,农作物种子的研发、生产和销售，农药产品的生产与销售，化肥贸易业务以及专用粮业务。,6.8,2026-09-24,73.589509084,7.59,10.82198663,2021-01,2026-09,33.59528487229861,15.84,2022-05,4.41,2021-06,49.73753449033912,3,3,259.18367346938777,-65.97222222222223,上涨,2026-06,29.77099236641221,,,67.6077275371,55.630029579799995,66.5351191181,38.732954520599996,32.836880109868716,1.2701373022,0.46887176869999997,0.8358440734,0.525506945,0.6303757632,4.28,7.492737,2.21582,40.474892,44.438658,43.309901,37.161605,3.0208521791000003,2.23,5.452547,1.714388,0.7865836690000001,35.1786425573,20260630,2.2399,1.6909,,,1.3550342575999998,32,3,0,5,16,2,7,291,4,限售股份上市 1 次,2024-06-30,10.82198663,10.82198663,2,0,1,0.009,,,,,,,,planting
603477,巨星农牧,农林牧渔,养殖业,生猪养殖,2017-12-18,上交所,四川省乐山市,52297.9262,生猪养殖及饲料生产和销售，中高档天然皮革的研发、制造与销售。,13.89,2026-09-24,70.8488359257,-32.87,5.10070177,2021-01,2026-09,28.018433179723502,37.47,2023-12,9.99,2021-07,49.403259456581914,5,5,156.85685685685687,-55.29757139044569,下跌,2025-05,-36.43020594965676,,,40.4071336073,60.7824710696,80.0047774975,35.5683218035,-4.314138743979045,-6.452941235700001,5.1854802991,0.3034330649,-8.382648769600001,1.8122361497,0.949,7.269159,0.435861,59.85302,61.906088,67.287192,69.402916,12.178880787899999,-30.32,-9.737331,-23.563811,-2.8573769295,27.4658718081,20260630,0.8049,0.2292,,,5.7990152289,75,0,33,0,53,65,18,587,25,可转债转股 23 次、限售股份上市 1 次、其他 1 次,2024-10-18,5.06093443,5.10070177,2,24,3,0.22435,2026-06-30,按行业分类,农牧业务,96.902,养殖行业,True,13.829400000000007,breeding
600962,国投中鲁,农林牧渔,农产品加工,果蔬加工,2004-06-22,上交所,北京市,26221.0,浓缩果蔬汁（浆）的研发、生产和销售。,26.15,2026-09-24,68.567915,23.0,2.6221,2021-01,2026-09,270.9219858156028,30.17,2026-06,7.04,2021-02,45.22483522089531,3,2,137.93375394321768,-37.46612466124661,上涨,2025-03,137.93375394321768,,,14.8677209582,19.8701837264,19.8401277937,8.8282994647,-12.365007188555255,0.5821991779,0.2925373061,0.4092147289,0.0182115898,0.25080177530000003,4.43,16.744964,2.996521,59.497755,65.387599,61.351959,52.000563,2.4206794388999997,0.19,14.169705,0.676732,5.3538606887,10.7163272678,20260630,1.3708,0.5884,,,0.5614741964,85,32,0,0,93,3,20,398,3,,2024-06-30,2.6221,2.6221,0,0,0,0.0,2025-12-31,按行业分类,饮料制造业,99.5416,饮料制造业,False,0.19000000000001194,processing
600195,中牧股份,农林牧渔,动物保健Ⅱ,动物保健Ⅲ,1999-01-07,上交所,北京市,102114.826,动物保健品和动物营养品研发、生产、销售及技术服务。,6.64,2026-09-24,67.80424446399999,-5.95,10.2114826,2021-01,2026-09,-52.19582433405328,15.92,2023-02,5.9,2026-06,30.69044472664027,2,3,66.70157068062825,-61.494974874371856,下跌,2026-02,-27.872860635696817,,,54.0631259046,60.1719037567,62.045898975600004,31.7063518627,13.536567472372552,4.0305161199,0.7088444564,1.7131609402,0.4984606406,0.8176201540000001,3.07,17.516896,2.840419,26.888678,26.510083,29.803594,30.241669,11.5755575429,0.88,18.441681,2.278471,-2.4210528987,66.2858958892,20260630,1.7735,1.3473,,,0.4230392906,3,2,0,0,10,1,1,261,3,,2024-06-30,10.15610601,10.2114826,1,0,5,0.52418,,,,,,,,vet
000735,罗牛山,农林牧渔,养殖业,生猪养殖,1997-06-11,深交所主板,海南省海口市,115151.3578,生猪养殖与屠宰、冷链仓储物流、房地产开发销售及职业教育服务四大板块。,5.64,2026-09-24,64.9106199588,-10.9,11.51513578,2021-01,2026-09,-31.05134474327629,9.04,2025-12,4.33,2024-06,27.347654265858427,3,3,108.7759815242494,-47.45575221238938,下跌,2025-12,-47.45575221238938,,,42.4193596554,33.3236052026,33.7686258927,12.4128477639,14.477368601982366,-4.8763291153,2.4175521125,1.5377215706,-3.0952391222,-0.0671713652,3.58,25.551036,4.793681,63.690503,54.769789,50.293598,52.334633,-0.9328784343000001,-7.44,0.655241,-26.196573,-1.3765020021,44.1268354953,20260630,1.0048,0.2868,,,0.4642654582,1,4,0,2,22,2,8,297,3,,2024-06-30,11.51513578,11.51513578,1,0,4,0.095,2026-06-30,按产品分类,生猪,39.2575,肉制品,True,0.7068000000000012,breeding
600975,新五丰,农林牧渔,养殖业,生猪养殖,2004-06-09,上交所,湖南省长沙市,124966.174,生猪养殖、肉品销售、饲料加工。,5.08,2026-09-24,63.482816392,-20.87,12.61292033,2021-01,2026-09,-34.70437017994858,11.0,2023-04,4.31,2026-06,35.68719002292027,2,3,70.67545304777593,-60.81818181818181,下跌,2023-04,-60.81818181818181,,,56.3194457242,70.450466816,72.5773860586,28.332237159699996,-23.177178683680744,-12.0341800616,0.3932039164,-8.7644482922,-7.3611649879,0.4523444162,-33.93,1.042149,-12.410427,74.987831,73.997559,78.30266,84.171551,5.9804535008,-41.0,-5.371448,-26.477649,-3.4625513127999996,16.3413110952,20260630,1.1327,0.3842,,,,4,3,3,2,18,11,9,425,6,增发新股上市 2 次、限售股份上市 1 次,2024-06-30,8.050409669999999,12.61292033,4,0,0,0.0,2025-12-31,按行业分类,畜牧业,84.2572,批发和零售,True,28.6119,breeding
603336,宏辉果蔬,农林牧渔,种植业,其他种植业,2016-11-24,上交所,广东省汕头市,60871.8945,水果、蔬菜等农产品的收购、仓储、初加工及配送服务。,10.3,2026-09-24,62.698051335,11.11,5.70385781,2021-01,2026-09,1.8793273986152492,11.75,2026-04,3.01,2024-06,40.79640099490378,3,3,290.3654485049834,-62.701363073110294,上涨,2026-06,30.05050505050506,,,10.857932664200002,10.801123562799999,10.522644917400001,4.1817369783,-11.086468112759484,0.2395188593,0.18302412989999997,0.1781296197,0.051689411500000004,0.0692433189,1.44,9.124384,1.755219,37.599285,39.527152,19.783636,36.337918,2.0456206703,0.36,16.216804,5.363257,0.9364949884999999,18.7271784259,20260630,2.9645,2.6996,,,4.0735384376,3,5,0,1,22,25,6,385,10,可转债转股 9 次、送股 1 次、转增 1 次,2024-09-30,4.38679917,5.70385781,0,26,3,0.046,2025-12-31,按行业分类,果蔬服务业,72.1278,果蔬服务业,False,-24.667400000000015,planting
603668,天马科技,农林牧渔,饲料,水产饲料,2017-01-17,上交所,福建省福清市,50579.6732,智慧养殖、食品加工、水产种业、动物营养与饲料等现代农业渔牧全产业。,12.18,2026-09-24,61.606041957600006,-22.02,5.02335741,2021-01,2026-09,76.26628075253254,21.35,2022-07,6.91,2021-01,44.89073910507417,2,2,208.97250361794502,-48.524590163934434,下跌,2025-12,-26.890756302521012,,,69.9772494338,58.5412961858,60.0084145771,31.3238968908,5.335676502766162,-1.8755421553,0.2603265735,-1.7942983497999998,0.12327924800000001,0.6021701634000001,-8.31,7.303373,-2.880001,70.800046,68.625748,72.621912,72.050517,1.0082568789,0.58,8.282219,0.518525,1.8722954563,26.9322205091,20260630,0.8777,0.2392,,,1.1693388957,26,0,12,1,73,36,12,583,7,限售股份上市 2 次、增发新股上市 1 次、转增 1 次,2024-07-12,4.36164726,5.02335741,3,8,4,0.07,2025-12-31,按行业分类,饲料行业,87.3922,饲料行业,False,-12.378,feed
603363,傲农生物,农林牧渔,饲料,畜禽饲料,2017-09-26,上交所,福建省漳州市,273106.1826,饲料研发、生产与销售，种猪、生猪培育及销售，食品加工及销售。,2.8,2026-09-24,60.104510704,-43.89,8.70274742,2021-01,2026-09,-79.10447761194031,23.8,2022-03,2.68,2026-06,52.53410696650194,3,4,196.75810473815463,-85.99476439790577,下跌,2025-10,-47.55381604696674,,,194.5764113179,87.62672770350001,84.7474675755,45.2095242317,14.253947076505803,-36.5082222767,5.7934501887,0.7762159540000001,-1.8982849532,3.6080114043,2.76,6.286423,1.055003,103.693274,67.798054,59.045651,62.07935,1.5294341275999999,-6.25,1.670828,-6.009815,-3.286175465,33.4197855564,20260630,0.89,0.6174,,,3.3774430477,23,4,31,5,73,35,143,749,8,激励股份解禁 4 次、股份回购 1 次,2024-06-30,6.844127749999999,8.70274742,8,15,0,0.0,2026-06-30,按行业分类,饲料行业,69.5241,饲料及动保行业,True,13.174100000000003,feed
688526,科前生物,农林牧渔,动物保健Ⅱ,动物保健Ⅲ,2020-09-22,上交所科创板,湖北省武汉市,46612.8056,专注于兽用生物制品研发、生产、销售及动物防疫技术服务。,12.18,2026-09-24,56.7743972208,-31.03,4.66128056,2021-01,2026-09,-68.01470588235294,41.46,2021-04,12.1,2026-06,37.026728261395576,2,3,73.11946902654869,-60.41533546325879,下跌,2025-08,-34.16757344940152,,,10.6407458889,9.4192386286,9.4974202306,3.7382753924000003,-23.28448354124554,3.9593494768,3.8235018006,4.187231558,1.1572321764,2.198962975,10.28,66.972929,43.900475,17.845164,12.295831,11.484722,10.681768,4.6854183322,2.77,59.42179,30.68897,1.1585644637999999,40.3111329071,20260630,7.822,7.4443,,,,0,0,35,1,20,6,8,343,7,股份回购 2 次、限售股份上市 1 次、其他 1 次,2024-07-25,4.651332,4.66128056,2,0,4,1.69,2025-12-31,按行业分类,兽用生物制品,93.7548,兽用生物制造行业,True,-4.444800000000001,vet
300119,瑞普生物,农林牧渔,动物保健Ⅱ,动物保健Ⅲ,2010-09-17,深交所创业板,天津自贸试验区（空港经济,46475.4706,兽用生物制品、兽用药物制剂（化学药品、中兽药、消毒剂等）、兽用原料药、兽用功能性添加剂的研发、生产、销售及提供动物疫病整体防治解决方案。,16.66,2026-09-24,56.39907301,-20.21,4.65847906,2021-01,2026-09,-32.05546492659054,38.05,2021-05,12.09,2024-08,40.10795880939582,3,3,103.30851943755168,-59.894875164257556,下跌,2025-05,-41.29373474369405,,,27.0910476009,30.6993311678,33.9845845283,17.2046036777,0.7538535968410143,4.5359365169,3.0072226932,4.0051348364,2.0410542638,2.5652246888,8.76,41.277413,12.784303,27.153903,37.144236,32.279459,34.399605,2.9753361839999997,4.27,39.729464,12.898596,1.9364409335,51.24044762810001,20260630,1.6155,1.3825,,,4.4568981837,4,13,34,3,31,8,1,388,8,股份回购 2 次、其他 2 次、激励股份解禁 1 次,2024-09-02,4.6834403700000005,4.65847906,3,0,4,1.4,2026-06-30,按行业分类,动保业务,74.96350000000001,兽用生物制品,True,21.68180000000001,vet
603609,禾丰股份,农林牧渔,饲料,畜禽饲料,2014-08-08,上交所,辽宁省沈阳市,90401.6733,饲料业务、肉禽业务、生猪业务。,6.22,2026-09-24,56.2298407926,-22.73,9.19434056,2021-01,2026-09,-46.837606837606835,13.85,2022-11,5.76,2026-06,28.77224277277093,2,3,74.2138364779874,-52.7797833935018,下跌,2025-05,-34.91525423728814,,,359.70261909410004,325.45260037869997,357.61520925940005,189.628276937,8.940203359808297,-4.5703755028,3.4246814114,0.5251685505,-0.0847931907,2.3306924001,0.79,5.784969,-0.009276,49.016756,49.085253,56.27964,57.704502,6.8109640791,-0.13,6.332015,0.149105,-3.5129224962,79.50879046850001,20260630,1.2226,0.5809,,,0.29876858440000004,26,5,52,0,54,21,8,463,13,可转债转股 9 次、其他 2 次,2024-09-30,9.21960196,9.19434056,2,10,2,0.178,2025-12-31,按行业分类,肉禽,45.259100000000004,饲料业务,True,-6.854599999999991,feed
300189,神农种业,农林牧渔,种植业,种子,2011-03-16,深交所创业板,海南省海口市,102400.0,优质杂交水稻种子和其他农作物良种的选育、推广、销售。,6.17,2026-09-24,54.6816511608,41.19,10.24,2021-01,2026-09,48.67469879518072,8.66,2026-01,1.79,2024-06,44.66158627915067,3,2,383.7988826815643,-68.20603907637654,上涨,2026-06,42.82407407407407,,,1.6672537715,1.5651195511000002,2.4913415316,0.5643412968,-35.29836479143383,-0.36022358670000004,-0.5064021925,1.0715775148,-0.1349905643,-0.1435941457,13.98,35.376763,46.905018,14.500576,31.459774,38.919363,39.845689,0.22722346429999998,-1.95,38.41704,-25.938635,-0.3196946189,7.7318962495,20260630,1.7874,1.4407,,,,14,1,0,2,15,0,6,265,3,,2024-06-30,10.24,10.24,1,0,0,0.0,2026-06-30,按行业分类,农业,95.5747,农业,False,-2.1407999999999987,planting
002567,唐人神,农林牧渔,饲料,畜禽饲料,2011-03-25,深交所主板,湖南省株洲市,143305.1393,饲料、生猪、肉制品、动物保健品等研发、生产和销售。,3.58,2026-09-24,51.2536578718,-26.19,14.33051393,2021-01,2026-09,-54.854981084489275,10.5,2022-03,3.35,2026-06,33.45815050854989,2,3,79.48717948717949,-66.66666666666667,下跌,2022-07,-66.66666666666667,,,269.4904286328,243.4256583881,242.1486092599,108.8307508663,-12.710402843131641,-15.259139971400002,3.554159948,-11.8703765937,-10.463467207,-0.5992459932,-22.42,4.13801,-4.954095,64.8384,63.351604,66.428423,71.102677,9.1479935966,-24.85,2.099454,-9.764494,-0.6624160162,46.3946929582,20260630,0.8175,0.508,,,1.9672156547,12,4,42,2,68,11,7,577,12,限售股份上市 3 次、其他 3 次、期权行权 2 次、增发新股上市 1 次,2024-06-30,12.06017542,14.33051393,7,4,1,0.037,2026-06-30,按行业分类,饲料,68.99969999999999,饲料,False,-11.520800000000008,feed
001313,粤海饲料,农林牧渔,饲料,水产饲料,2022-02-16,深交所主板,广东省湛江市,70000.0,水产饲料的研发、生产与销售。,7.31,2026-09-24,51.10750322809999,-0.41,7.0,2022-02,2026-09,-46.25,15.15,2022-03,6.92,2024-07,30.189517256312048,1,1,31.936416184971115,-49.117647058823536,上涨,2024-07,31.936416184971115,,,68.72366227319999,59.1174000599,64.89258726899999,37.7928943895,41.65636712111189,0.4114355844,-0.8539202649,0.17794861280000002,0.4778694363,0.035649747,0.69,9.535298,0.232108,41.174053,46.286876,46.574668,52.057444,2.6617551027,1.86,10.994608,1.387502,-4.822516558,26.9003671414,20260630,1.4614,1.124,,,0.4014790633,0,6,48,3,30,44,8,464,5,限售股份上市 1 次、其他 1 次,2024-06-30,6.0,7.0,0,0,3,0.21159,2026-06-30,按行业分类,饲料行业,100.0,饲料行业,False,0.0,feed
600354,敦煌种业,农林牧渔,种植业,种子,2004-01-15,上交所,甘肃省酒泉市,52780.208,各类农作物种子的研发、生产、加工、销售和脱水菜、番茄粉、番茄酱的生产、加工、销售；棉花及其副产品和其他农产品的收购、加工、仓储、贸易业务。,9.53,2026-09-24,50.299538223999996,52.97,5.2780208,2021-01,2026-09,114.6396396396396,9.53,2026-09,3.95,2021-03,38.53419201846652,3,3,110.12658227848102,-43.01204819277108,上涨,2026-06,100.21008403361344,,,11.5776241727,11.5592731874,11.607552112,8.681464846499999,20.925066402302093,0.4079523242,0.4987639467,0.4725058983,1.4467153613,0.5445398877000001,6.98,36.551198,11.907722,59.688142,58.373003,57.343749,37.491824,4.2196015775,18.7,48.608944,33.213482,0.1960793481,10.9715393316,20260630,2.6955,2.1417,,,0.0058446473,1,7,1,0,13,16,7,281,3,,2024-06-30,5.2780208,5.2780208,2,0,0,0.0,2025-12-31,按行业分类,种子,77.1286,种子,False,11.450600000000009,planting
300087,ST荃银,农林牧渔,种植业,种子,2010-05-26,深交所创业板,安徽省合肥市,94733.1751,水稻、玉米、小麦等主要农作物种子的研发、繁育、推广和服务，以及订单粮食及青贮饲料等业务。,5.61,2026-09-24,49.921492080899995,-40.0,9.47331751,2021-01,2026-09,-82.40827845719662,35.18,2021-08,5.12,2026-07,57.223098882313664,4,5,121.4983713355049,-64.77337923121055,下跌,2025-12,-56.16438356164384,,,41.028951579499996,47.089924571000005,44.9462827729,11.785856411300001,-17.93285596863694,2.6841648361000003,0.9712963601000001,-2.1165262080000002,-0.5542420071,-0.41329142770000005,-11.63,21.507562,-3.810983,61.565546,65.947735,69.000725,64.783057,1.9856426272999999,-3.34,21.143434,-7.343914,-7.030004024099999,22.6055879946,20260630,1.2894,0.5534,,,0.7069500531,1,18,8,0,15,13,8,318,4,转增 1 次,2024-06-30,4.540984369999999,9.47331751,2,0,3,0.25,2026-06-30,按行业分类,农业,97.699,农业,False,-0.8201000000000107,planting
002321,华英农业,农林牧渔,养殖业,其他养殖,2009-12-16,深交所主板,河南省潢川县产业集聚区工,213289.0071,种鸭养殖、孵化、商品鸭饲养、禽苗销售、饲料生产、屠宰加工、冻品销售、熟食及预制菜、羽绒加工与销售。,2.27,2026-09-24,48.2431752043,-23.83,21.32890071,2021-01,2026-09,-29.062500000000004,3.96,2021-11,1.43,2024-06,35.4370293832282,4,4,107.69230769230771,-50.0,上涨,2026-06,35.928143712574865,,,37.0494952849,47.3058160531,54.472276423500006,23.7192891524,14.521038397116804,-0.318369627,0.3236055453,-0.5990381978,-0.29282538760000004,-0.2063147241,-6.43,5.846012,-0.197231,62.061011,61.08744,63.364517,66.171044,3.7613265833,-3.17,5.400459,-0.174014,-2.9586078894,14.1961899956,20260630,1.4908,0.7726,,,1.122,1,0,8,0,33,18,6,339,3,,2024-06-30,21.32890071,21.32890071,3,1,0,0.0,2026-06-30,按行业分类,畜牧业,100.0,畜牧业,False,0.0,breeding
002556,辉隆股份,农林牧渔,农业综合Ⅱ,农业综合Ⅱ,2011-03-02,深交所主板,安徽省合肥市,93494.0852,化肥、农药产品的内外贸分销业务，自主品牌复合肥、农药和精细化工产品的生产和销售。,5.08,2026-09-24,47.4492829524,-7.3,9.4651808,2021-01,2026-09,-37.36128236744759,12.87,2021-12,4.17,2024-06,30.49985312929217,2,2,61.15107913669065,-67.5990675990676,下跌,2026-02,-33.33333333333333,,,178.32656739380002,156.5211644047,151.3180625764,85.47193971979999,3.2630707881471377,0.7653591025,1.6891971761000002,1.9366487499,1.1258617111,1.1090784569,5.19,6.34448,1.338768,66.193272,64.59298,64.855527,66.975189,10.711757502200001,3.08,6.182265,1.439709,-4.1726355844,38.1278756996,20260630,1.013,0.5497,,,0.7416192148999999,0,0,15,1,12,25,2,341,9,其他 3 次、限售股份上市 2 次、股份回购 1 次,2024-06-30,9.5399298,9.4651808,3,7,5,0.85,2023-09-30,按行业分类,农资产品,73.15350000000001,化肥,True,11.089600000000004,misc
002481,双塔食品,农林牧渔,农产品加工,其他农产品加工,2010-09-21,深交所主板,山东省招远市,123369.65,豌豆蛋白、粉丝、膳食纤维。,4.16,2026-09-24,46.51514816,-25.18,12.336965,2021-01,2026-09,-65.33333333333333,13.36,2021-05,3.79,2026-06,34.91594251325668,2,3,46.51162790697674,-58.47639484978541,下跌,2025-08,-33.15696649029982,,,24.559413289499997,24.479972114200002,21.206847393,11.232399386600001,7.290238531291471,0.9323830208,0.946152971,0.3266249037,0.3314878737,0.5436347596,1.28,20.186682,1.503671,32.459958,43.681692,47.565384,44.773706,0.9077057906,1.36,19.38568,2.922678,1.271035022,24.717665561900002,20260630,1.2091,0.595,,,,1,2,33,1,7,39,4,322,3,,2024-06-30,12.4339,12.336965,2,0,4,0.0801355,2026-06-30,按行业分类,农副产品加工业,100.0,农副食品加工业,True,0.0,processing
600371,万向德农,农林牧渔,种植业,种子,2002-09-16,上交所,黑龙江省哈尔滨经开区南岗,29257.8,玉米杂交种子研发、生产、销售。,15.85,2026-09-24,46.373613,76.7,2.92578,2021-01,2026-09,28.6525974025974,15.85,2026-09,6.25,2026-06,44.00986012243127,4,4,153.6,-53.13370473537604,上涨,2026-06,153.6,,,3.1929896877,3.4278122160000004,1.9779501357,0.9947487184999999,-15.136212865612897,0.652904451,0.5262821409,0.055429046600000004,0.13801608699999998,0.248525862,1.0,27.349204,3.049246,32.358884,22.542598,21.015895,14.533434,-0.38260061219999997,2.6151,26.477707,15.499485,-0.1631164054,5.696188103200001,20260630,4.9604,2.7841,,,,0,3,0,3,6,11,5,235,3,,2024-06-30,2.92578,2.92578,0,0,4,0.65,2020-12-31,按行业分类,种子行业,97.3773,,,,planting
001338,永顺泰,农林牧渔,农产品加工,其他农产品加工,2022-11-16,深交所主板,广东省广州市,50173.0834,麦芽的研发、生产和销售。,9.1,2026-09-24,45.657505894,-19.82,5.0173083400000005,2022-11,2026-09,-57.27699530516433,21.3,2022-11,8.39,2026-06,28.46283889755434,1,2,41.170212765957444,-55.868544600938975,下跌,2026-04,-36.77467972871137,,,48.4021586809,42.8201734375,39.2703325584,19.1496925374,-13.851154037774982,1.7356567983000002,2.9940151081999997,2.3670404515,0.5148683932,1.691096771,6.46,12.070583,6.027553,25.32198,14.782239,9.988511,21.088335,15.611200536199998,1.43,8.278546,2.68865,2.1780117958000003,36.3643277026,20260630,3.4317,2.3927,,,,1,0,0,0,12,0,5,281,4,限售股份上市 1 次,2024-06-30,5.0173083400000005,5.0173083400000005,0,0,4,0.7050000000000001,2026-06-30,按行业分类,啤酒制造,95.1738,啤酒制造,False,1.043999999999997,processing
300138,晨光生物,农林牧渔,农产品加工,其他农产品加工,2010-11-05,深交所创业板,河北省邯郸市,48310.0093,天然植物提取。,11.2,2026-09-24,44.611088704,-11.95,4.83100093,2021-01,2026-09,-32.121212121212125,18.53,2023-01,7.52,2024-08,33.11914990237184,3,3,92.68617021276597,-59.41716135995683,上涨,2026-06,29.333333333333343,,,68.7151500768,69.94192786229999,65.5904372838,31.591340128200002,-13.626991392353682,4.7972222222,0.9404962214,3.6887108068,1.785303492,2.1497137427,11.37,13.101246,5.715398,58.636693,65.035389,63.817043,64.064794,2.1290696899,5.15,13.462477,5.833442,12.1798223906,34.5557974573,20260630,1.2813,0.7312,,,0.005938591899999999,0,0,45,1,120,24,11,614,5,其他 1 次、股份回购 1 次,2024-10-18,5.32773991,4.83100093,3,2,4,0.72,2025-12-31,按行业分类,天然植物提取行业,100.0,天然植物提取行业,False,0.0,processing
600191,华资实业,农林牧渔,农产品加工,其他农产品加工,1998-12-10,上交所,内蒙古自治区包头市,48493.2,生物发酵技术应用、粮食深加工及制糖业务。,9.06,2026-09-24,43.9348392,14.54,4.84932,2021-01,2026-09,87.96680497925311,13.86,2026-01,2.72,2021-05,44.32396614489756,3,4,188.14968814968816,-43.56846473029046,下跌,2026-01,-34.632034632034625,,,6.373541342799999,5.1566312627999995,6.294388833099999,3.4918846417,58.000217119650735,0.18875043730000002,0.2544514615,0.5902019823,0.36160753520000005,0.0439592322,3.54,7.500143,9.376636,20.596008,25.520418,27.725284,23.775708,-0.0643070316,2.12,4.60841,10.355655,0.3079888569,17.1514737547,20260630,0.6129,0.3564,,,,7,2,0,2,12,24,3,316,3,,2024-06-30,4.84932,4.84932,0,0,1,0.0225,2025-12-31,按行业分类,食品制造业,91.2767,制糖业,True,7.052800000000005,processing
002746,仙坛股份,农林牧渔,养殖业,肉鸡养殖,2015-02-16,深交所主板,山东省烟台市,86053.8727,饲料生产、父母代肉种鸡养殖、雏鸡孵化、商品代肉鸡养殖与屠宰、鸡肉产品加工、销售。,6.19,2026-09-24,43.92895845130001,-1.28,8.605387270000001,2021-01,2026-09,-38.34661354581672,10.98,2021-03,5.1,2026-06,37.62447772816492,2,2,57.74436090225563,-51.38226882745472,下跌,2021-12,-51.38226882745472,,,57.812325612200006,52.9068926271,57.7235199917,29.947109609899996,17.91597532430542,2.2591164941,2.0614648111,2.430196333,1.8045279566999999,1.3673424,5.26,6.528171,4.974941,31.413766,38.588937,41.783576,42.990178,6.792189136599999,3.87,8.697076,6.221292,0.6006740172999999,48.1126725842,20260630,1.6661,1.4121,,,0.0032258359,0,2,0,1,17,13,4,327,3,,2024-06-30,8.605387270000001,8.605387270000001,2,0,7,0.95,2026-06-30,按行业分类,肉鸡养殖及屠宰加工,100.0,肉鸡养殖及屠宰加工,False,0.0,breeding
300871,回盛生物,农林牧渔,动物保健Ⅱ,动物保健Ⅲ,2020-08-24,深交所创业板,湖北省武汉市,20178.4357,兽用药品(包括化药制剂、原料药、中药制剂)、饲料及添加剂的研发、生产和销售。,20.89,2026-09-24,42.15275217730001,1.16,1.65765503,2021-01,2026-09,-52.522727272727266,52.92,2021-04,8.47,2024-08,54.353985658179504,4,4,247.81582054309322,-69.38775510204083,下跌,2026-01,-29.667345553292602,,,10.1975879836,12.003279338099999,16.8124805949,8.6493009025,5.197046121930837,0.1678081877,-0.2015559143,2.5315597555,2.0576022349,1.1718154291,13.36,30.987999,15.077409,49.275714,51.397769,27.327241,31.7746,2.38448397,9.06,35.721212,23.868064,1.2827055945999999,23.256915808400002,20260630,2.046,1.6673,,,0.0052233226,46,2,36,3,27,12,6,497,17,可转债转股 9 次、其他 3 次、股份回购 2 次、限售股份上市 1 次,2024-09-30,1.66248527,1.65765503,1,15,6,1.2764175999999998,2025-12-31,按行业分类,兽用原料药及制剂,95.4957,兽用原料药及制剂,False,1.3641999999999967,vet
000505,京粮控股,农林牧渔,农产品加工,粮油加工,1992-12-21,深交所主板,海南省海口市,72695.0251,油脂油料加工及销售、食品加工及销售。,6.36,2026-09-24,42.1016259636,-1.7,7.26950251,2021-01,2026-09,-10.67415730337078,12.31,2022-03,4.97,2024-08,39.89563553358488,3,2,72.8932584269663,-59.62632006498782,上涨,2026-06,26.441351888667985,,,116.02380127459999,114.3484351627,78.5853584711,31.149267215100004,-25.97864874177439,1.0135815759,0.2613052086,-2.6608795792,0.08032416,0.1795017411,-8.86,4.452352,-3.807086,44.967666,47.605225,47.506144,43.504662,6.467767015,0.28,5.617043,0.306009,3.9002875688,32.203320552,20260630,2.2586,1.323,,,1.2563239335,0,2,0,0,27,4,5,335,4,限售股份上市 1 次,2024-06-30,7.26950251,7.26950251,2,0,2,0.089,2026-06-30,按行业分类,油脂,89.2327,油脂,False,-2.6484000000000094,processing
301116,益客食品,农林牧渔,养殖业,肉鸡养殖,2022-01-18,深交所创业板,江苏省宿迁市,44897.9593,禽类屠宰加工及制品销售、禽类食品深加工及销售、父母代种禽养殖、商品代禽苗的销售、饲料生产与销售和羽毛(绒)生产与销售等。,9.12,2026-09-24,40.94673368159999,-15.56,4.4897959300000005,2022-01,2026-09,-58.639455782312936,22.05,2022-01,8.56,2026-06,34.833618113336954,1,2,53.30347144456886,-59.50113378684807,下跌,2024-11,-37.472607742878004,,,218.882267409,208.37269956740002,189.6185883803,99.02321055549999,13.205253848850296,-1.7097134244,1.0016943745,-2.7978978155000003,0.3370620956,-1.8125042143,-17.23,2.353237,-1.506339,61.264535,61.312508,65.229282,68.851125,3.3573073586,2.18,3.982474,0.416987,-0.7045806055,15.9377581834,20260630,0.7373,0.3112,,,,48,0,23,14,80,2,10,478,5,限售股份上市 1 次、其他 1 次,2024-08-18,4.04081633,4.4897959300000005,0,0,3,0.19874989999999998,2025-12-31,按行业分类,屠宰,70.4671,屠宰板块,True,-6.143000000000001,breeding
002124,天邦食品,农林牧渔,养殖业,生猪养殖,2007-04-03,深交所主板,浙江省宁波市,222193.3832,生猪养殖和猪肉制品加工。,2.07,2026-09-24,40.8281759136,-31.0,22.219338320000002,2021-01,2026-09,-85.49404344779256,17.55,2021-02,2.07,2026-09,45.26799162359905,2,3,59.27272727272728,-76.14155251141553,下跌,2024-11,-36.890243902439025,,,102.3192798844,96.437056401,86.88946995469999,36.5622506484,-22.09383276802239,-28.834054106,14.5852867075,-13.0929080899,-15.4286872851,3.5203751655,-43.35,8.55643,-15.169426,86.732094,72.581039,79.839636,91.215227,9.1088715315,-96.76,2.986605,-42.177597,2.7087729376,9.0856598179,20260630,0.1806,0.0477,,,,29,4,0,5,26,9,35,492,5,增发新股上市 1 次、限售股份上市 1 次,2024-07-12,18.391926259999998,22.219338320000002,4,0,0,0.0,2026-06-30,按行业分类,养殖,65.3728,生猪养殖,True,4.937199999999997,breeding
002772,众兴菌业,农林牧渔,种植业,食用菌,2015-06-26,深交所主板,甘肃省天水市,37474.2533,从事食（药）用菌研发、工厂化培植与销售业务。,10.64,2026-09-24,39.5421371128,13.19,3.93241359,2021-01,2026-09,25.76832151300237,18.37,2026-02,5.88,2024-07,50.11611565483251,3,3,212.41496598639458,-59.24528301886792,下跌,2026-02,-44.2569406641263,,,19.3107765925,19.3522736087,20.9836319194,10.853595648599999,19.553357101851777,1.5958134077000001,1.2802945245,3.3496354755,1.9084928713999998,0.6901991747,9.87,28.602992,15.945285,43.436532,46.393356,50.144528,53.974726,4.9599947919,5.34,30.934168,17.601165,1.7160229894999999,35.6345212211,20260630,2.2449,1.2407,,,,1,0,23,14,60,13,7,440,7,可转债转股 5 次、股份回购 1 次,2024-06-30,4.07421801,3.93241359,2,31,6,1.5,2026-06-30,按行业分类,农业种植业,99.5519,农业种植业,False,-0.4480999999999966,planting
000713,国投丰乐,农林牧渔,种植业,种子,1997-04-22,深交所主板,中国（安徽）自由贸易试验,79821.9474,种子、农化和香料产业。,6.35,2026-09-24,38.98995123,-7.97,6.1401498,2021-01,2026-09,-59.987397605545056,17.08,2021-02,5.22,2026-06,33.581417644321874,2,3,37.56906077348066,-50.091911764705884,下跌,2024-11,-30.12048192771084,,,31.1367918158,29.260445047199998,29.0297860431,11.9498880077,3.8834241555566917,0.4021410371,0.6984172884000001,0.6602104724,-0.3120107138,-0.2802538408,3.24,16.474299,2.105269,30.635808,35.773807,29.691181,32.078963,2.9185426389999996,-1.0,12.018669,-3.006101,-0.9656788514,31.6641142815,20260630,2.4538,1.7658,,,2.2091905161,45,7,0,0,28,5,10,404,3,,2024-06-30,6.1401498,6.1401498,3,0,4,0.09000000000000001,2026-06-30,按行业分类,农化类,69.64529999999999,(2)农化类,True,-1.5674000000000063,planting
002688,金河生物,农林牧渔,动物保健Ⅱ,动物保健Ⅲ,2012-07-13,深交所主板,内蒙古自治区呼和浩特市,83737.7701,动物保健品业务、环保业务及农产品加工业务。,5.15,2026-09-24,38.6873982755,-23.36,7.716943979999999,2021-01,2026-09,1.980198019801982,7.12,2021-06,3.63,2024-06,30.248348121303557,3,3,94.52054794520548,-40.87078651685393,下跌,2025-08,-34.92957746478873,,,21.7413103342,23.7062696511,28.780963410100004,14.476642883499999,4.1291987798034,0.8645701248000001,1.0020068003,0.2755669877,1.3089411507,1.379185993,1.26,33.859108,-0.381674,53.854596,55.759242,55.728067,56.099473,4.6891952966,5.74,37.780881,9.337585,2.5400409947,24.868290103400003,20260630,1.1774,0.7681,,,2.7775128807,26,1,65,5,31,42,5,581,7,股份回购 3 次、股权激励 2 次、其他 1 次,2024-07-17,7.80422398,7.716943979999999,2,0,4,0.4,2026-06-30,按行业分类,兽用化学药品,60.5763,兽用化学药品,False,9.2725,vet
000798,中水渔业,农林牧渔,渔业,海洋捕捞,1998-02-12,深交所主板,北京市,36585.8712,远洋捕捞、水产品加工贸易及海上渔业服务。,9.98,2026-09-24,36.5104539576,27.62,3.65858712,2021-01,2026-09,21.855921855921867,12.14,2022-08,5.63,2024-06,45.446971402799676,3,3,115.63055062166963,-53.62438220757826,上涨,2026-06,41.359773371104836,,,40.417832875,49.3316343381,43.4205419652,20.779723299100002,18.91674820304752,-1.1808480352,-1.0401407965,0.8375415093999999,1.0236443397,0.8631022096,21.08,8.256033,3.261324,72.45258,73.810809,72.88171,71.572832,4.6965424029000005,20.91,5.48516,6.835411,-0.17475493399999997,17.781175406,20260630,1.0229,0.4405,,,,0,4,0,0,9,5,10,332,4,限售股份上市 1 次,2024-06-30,3.19455,3.65858712,1,0,0,0.0,2026-06-30,按行业分类,渔业服务,47.2264,捕捞收入,True,-30.1353,fishery
603566,普莱柯,农林牧渔,动物保健Ⅱ,动物保健Ⅲ,2015-05-18,上交所,中国(河南)自由贸易试验,34606.2273,兽用生物制品、化学药品及中兽药的研发、生产及销售。,10.19,2026-09-24,35.2637456187,-25.29,3.46062273,2021-01,2026-09,-54.325414612281484,31.89,2023-02,9.79,2026-06,34.91806219342861,2,3,58.710033076074964,-69.30072122922546,下跌,2023-02,-69.30072122922546,,,12.5269360372,10.4256109567,10.8987801695,4.912695762,-12.18384386816137,1.7451738893000002,0.9280649978,1.8499356731999999,0.7732424329,1.1618189211,7.1,59.871621,16.973786,16.502133,15.210709,15.447151,15.198512,3.5633681492,2.95,55.75667,13.00215,0.7807017814,26.6396464988,20260630,3.4562,2.864,,,0.2928910381,4,2,20,0,6,2,5,306,8,限售股份上市 2 次、其他 2 次、股份回购 1 次,2024-06-30,3.21496,3.46062273,2,0,6,2.05,2025-12-31,按行业分类,兽用药品,94.0029,兽用药品,False,-3.7853999999999957,vet
600467,好当家,农林牧渔,渔业,水产养殖,2004-04-05,上交所,山东省威海荣成市,146099.4304,海水养殖、海洋捕捞、食品加工、海洋医药保健。,2.38,2026-09-24,34.7716644352,-0.83,14.609943040000001,2021-01,2026-09,-4.800000000000004,3.16,2022-03,1.42,2024-06,28.969098130133773,2,2,93.66197183098592,-55.06329113924051,下跌,2026-01,-28.363636363636367,,,15.6380450983,14.160600965799999,10.5130273438,8.0306352911,12.992828439603144,0.4944587418,0.4342755357,0.2987234803,0.2997880461,0.2462473565,0.88,23.873391,3.060353,49.12759,49.057678,48.506991,49.131798,4.5094452449,0.87,17.175933,3.820127,1.0766942244,34.571874870900004,20260630,0.5091,0.2592,,,,0,0,0,0,7,7,3,195,3,,2024-06-30,14.609943040000001,14.609943040000001,1,0,4,0.03826,2025-12-31,按行业分类,食品加工业,57.0833,食品加工业,False,13.034799999999997,fishery
688098,申联生物,农林牧渔,动物保健Ⅱ,动物保健Ⅲ,2019-10-28,上交所科创板,上海市,41064.4,创新生物制品的研发、生产与商业化。,8.37,2026-09-24,34.370902799999996,-22.5,4.10644,2021-01,2026-09,-42.2360248447205,14.61,2021-02,3.92,2024-08,38.30588280488657,1,2,215.8163265306123,-72.94685990338165,下跌,2025-08,-37.15670436187399,,,3.0148705963999998,3.0341465202999998,2.8826646713999997,1.1192073005,-8.054546799895402,0.3151867843,-0.4474005821,-0.20495002980000002,-0.1914640415,-0.1286970094,-1.46,56.820392,-8.662676,5.453364,8.268065,9.297965,9.845173,0.3307684154,-1.39,57.360937,-18.189468,-0.6466410988,13.951888793699998,20260630,3.541,2.7196,,,,3,2,22,3,6,8,6,243,3,,2024-06-30,4.10644,4.10644,1,0,2,0.11499999999999999,2025-12-31,按行业分类,兽用生物制品,99.2702,兽用生物制品,False,-0.5504999999999995,vet
300021,大禹节水,农林牧渔,农业综合Ⅱ,农业综合Ⅱ,2009-10-30,深交所创业板,甘肃省酒泉市,102236.7469,农业水利工程的设计、施工及信息化建设，以及节水灌溉产品的研发、生产及销售。,3.82,2026-09-24,33.3575089658,-22.67,8.53834105,2021-01,2026-09,-19.747899159663863,6.32,2025-07,3.25,2024-08,27.202011122123537,2,2,94.46153846153847,-44.91525423728814,下跌,2025-07,-39.55696202531646,,,34.5257602594,43.7880281565,37.6124830965,15.8584085658,24.26807997721454,0.5013638928,0.8112786384,0.48900117909999996,-0.011079254699999999,0.1259405967,2.2,21.364648,1.721381,71.247068,75.050867,70.596696,71.722031,-2.7567469837000003,-0.04,20.557748,-0.381339,-5.6886233033,28.8835726721,20260630,1.2526,1.1959,,,1.3353781973999999,18,9,42,35,84,7,4,633,17,可转债转股 11 次、股份回购 4 次、其他 1 次,2024-09-30,8.01074638,8.53834105,5,25,4,0.21000000000000002,2025-12-31,按行业分类,智慧水利行业,100.0,节水灌溉行业,True,18.9966,misc
002086,东方海洋,农林牧渔,农产品加工,其他农产品加工,2006-11-28,深交所主板,山东省烟台市,195894.65,海水苗种繁育、养殖，水产品加工，生物科技，保税仓储物流以及体外诊断试剂的研发、生产与销售和检测服务等业务。,2.04,2026-09-24,32.251813908,-22.73,19.589465,2021-01,2026-09,22.89156626506026,3.51,2024-11,1.58,2021-04,43.83794451249308,3,3,85.54216867469881,-53.27635327635327,下跌,2024-11,-53.27635327635327,,,4.3723344562,3.4015936214999996,3.5608775307,1.5739725093999999,0.8687706205138479,17.496002713499998,-1.9037905947,-1.5268054813,-0.4825168143,-0.7101444528,-11.27,0.178063,-43.707209,39.919336,20.857414,20.393172,19.606965,-1.2491647405,-3.84,0.24779,-30.734903,0.08484174779999999,12.3818554393,20260630,3.7135,2.0467,,,0.0387894462,0,0,0,4,26,30,37,463,5,转增 1 次、限售股份上市 1 次,2024-06-30,7.5635,19.589465,2,0,0,0.0,2026-06-30,按行业分类,水产品加工,68.378,水产品加工,False,32.8607,processing
300094,国联水产,农林牧渔,渔业,水产养殖,2010-07-08,深交所创业板,广东省湛江开发区平乐工业,112816.7253,水产品的研究、开发、收购、冷冻、加工和销售；水产饲料的制造和销售；水产种苗的引进、繁育、养殖及销售；速冻水产品、速冻食品的加工和销售。,2.9,2026-09-24,32.059888571,-21.83,11.28167253,2021-01,2026-09,-25.257731958762886,6.62,2022-03,2.45,2026-06,44.61356960046137,5,6,83.85826771653542,-55.67190226876091,下跌,2024-11,-47.537473233404704,,,46.17019589229999,34.0929448482,31.895537661,14.4504172276,-12.466943936139563,-5.3177852138,-7.4245487405,-16.3068443758,0.1003924843,-5.4033727647,-160.22,-6.095932,-51.651908,47.644654,54.10074,96.001294,95.189832,1.0611906758,10.01,11.408635,0.725938,1.9230779697999998,1.0423861231,20260630,0.6511,0.4714,,,,1,4,29,6,42,19,6,405,5,限售股份上市 1 次、股份回购 1 次,2024-06-30,9.12292315,11.28167253,6,0,0,0.0,,,,,,,,fishery
600540,新赛股份,农林牧渔,种植业,其他种植业,2004-01-07,上交所,新疆维吾尔自治区博州第五师双河市,58137.696,皮棉业务、棉籽精深加工业务、矿产加工业务。,5.43,2026-09-24,31.568768927999997,16.77,5.8137696000000005,2021-01,2026-09,37.468354430379726,7.61,2021-03,3.31,2026-06,48.31803199519179,5,4,92.65822784810128,-47.13178294573643,上涨,2026-06,64.04833836858006,,,9.716352066499999,15.5456547195,30.1186524979,25.708471585100003,77.15035376715065,0.14707470150000002,-2.4399123223,-1.4235527800999999,1.2510914869,0.0651720463,-34.37,0.526526,-4.950551,75.127376,89.289907,95.088206,82.664984,-13.173071366099999,30.8496,8.690546,4.851064,24.2030896754,4.7713766444,20260630,0.7948,0.699,,,,1,1,0,0,42,5,10,422,3,,2024-06-30,4.709233129999999,5.8137696000000005,2,0,0,0.0,,,,,,,,planting
603151,邦基科技,农林牧渔,饲料,畜禽饲料,2022-10-19,上交所,山东省淄博市,17128.18,猪饲料的研发、生产和销售。,18.32,2026-09-24,31.37882576,-28.91,1.68,2022-10,2026-09,2.805836139169471,25.74,2025-10,9.08,2024-08,45.641601458716465,3,3,183.48017621145374,-57.30380730380731,上涨,2026-06,66.69699727024567,,,16.4662091975,25.4168455096,56.9946261921,26.754588840100002,11.815570063119395,0.838896485,0.5012979493,1.1084873306,-0.0047971835,0.6444744938,8.46,7.623203,1.74034,15.89195,28.813903,55.886358,63.383052,-6.0062839847000005,-0.03,5.943876,-1.346184,1.4390615294,14.2134939747,20260630,1.2779,1.0083,,,0.026530964,4,16,0,4,48,6,5,405,4,限售股份上市 1 次,2024-06-30,1.68,1.68,0,0,6,1.05,2025-12-31,按行业分类,饲料行业,96.0887,饲料行业,False,-1.171199999999999,feed
002286,保龄宝,农林牧渔,农产品加工,其他农产品加工,2009-08-28,深交所主板,山东省德州（禹城）国家高,37997.738,益生元、膳食纤维、减糖甜味剂等功能性配料的研发、生产、销售。,8.46,2026-09-24,31.2757374528,-13.23,3.6976737999999996,2021-01,2026-09,0.47505938242280443,14.66,2021-11,5.51,2024-06,35.27091054829977,2,2,111.61524500907443,-62.41473396998636,下跌,2025-08,-31.98970840480275,,,25.2391400774,24.017548362600003,27.5102423013,14.9611069396,6.923177315236573,0.539690197,1.1115981178,1.5062657628,0.8232106215999999,0.9267195762999999,7.07,13.257498,5.47529,25.4018,23.651664,19.695331,23.073997,2.593611802,3.62,14.653994,5.502337,1.1852760481,23.255615788000004,20260630,1.7432,1.2009,,,,9,0,34,3,10,29,8,356,5,股份回购 2 次,2024-06-30,3.719119,3.6976737999999996,2,0,6,0.40499999999999997,2026-06-30,按行业分类,农副食品加工业,100.0,食品制造业,True,0.511099999999999,processing
001201,东瑞股份,农林牧渔,养殖业,生猪养殖,2021-04-28,深交所主板,广东省河源市,25778.4001,生猪的养殖与销售、饲料生产与销售及屠宰加工业务。,14.66,2026-09-24,31.153584106999997,-10.61,2.57784001,2021-04,2026-09,-80.17043148924658,73.93,2021-04,10.86,2026-06,37.21548341101148,3,3,34.99079189686925,-59.151376146789005,上涨,2026-06,34.99079189686925,,,10.3706790517,15.2018381853,21.3462259144,10.389151098300001,-5.0851668087084185,-5.1609056850999995,-0.6565018757,-1.6051175511000002,-4.2503930853,0.0332076266,-4.86,12.262928,-7.521033,42.470306,44.125074,46.68483,52.878819,1.7392371731,-14.32,-6.611534,-40.914714,-1.3836848113999998,28.0361824198,20260630,0.6657,0.2644,,,,43,0,18,2,35,4,6,411,6,限售股份上市 2 次、增发新股上市 1 次,2024-06-30,1.77338,2.57784001,1,0,0,0.0,2026-06-30,按行业分类,养殖行业,95.312,养殖行业,False,5.744200000000006,breeding
002548,金新农,农林牧渔,饲料,畜禽饲料,2011-02-18,深交所主板,广东省深圳市,82817.3658,饲料生产及生猪养殖。,3.82,2026-09-24,30.730810994400002,-29.13,8.05093658,2021-01,2026-09,-52.42839352428393,8.16,2022-03,3.69,2026-06,40.27879621973513,3,4,93.01075268817203,-51.43603133159269,下跌,2026-02,-48.607242339832865,,,40.4038775783,45.6209912728,47.4610890258,23.2004863608,-2.3543769605602116,-6.5986767625,0.3015770592,-2.9265366416000003,-3.8842998309,-0.2350702986,-21.38,4.78401,-6.168789,74.0584,70.371711,75.682401,81.503592,3.3247286744,-37.44,-2.531027,-16.828208,0.4999775125,8.9155575899,20260630,0.3234,0.1752,,,0.30461430219999996,9,0,25,4,59,13,7,432,12,可转债转股 9 次、限售股份上市 2 次、激励股份解禁 2 次、股份回购 1 次,2024-06-30,6.90731133,8.05093658,4,41,0,0.0,2026-06-30,按行业分类,饲料加工,69.6716,饲料加工,False,22.061399999999992,feed
000972,中基健康,农林牧渔,农产品加工,果蔬加工,2000-09-26,深交所主板,新疆维吾尔自治区五家渠东,77128.3579,大包装番茄酱、小包装番茄制品及番茄红素软胶囊等产品的研发、生产制造和销售。,3.96,2026-09-24,30.5428297284,1.02,7.712835790000001,2021-01,2026-09,119.99999999999997,4.45,2025-08,1.68,2021-02,43.89147543863687,4,3,138.98305084745766,-47.28132387706856,上涨,2026-06,26.517571884984026,,,5.7577944991,3.0815387802,4.9211560753,1.9680975629,-19.647618350558204,1.0823777785,-2.3077635235,-0.46231823920000004,-0.6591904129999999,-0.7470314778,,-15.662242,-11.386094,82.888587,100.980795,97.79029,104.134499,2.4668925424,,-19.81249,-34.648502,1.2692786957,-0.41189397299999997,20260630,0.6393,0.5027,,,,36,16,8,5,58,1,39,497,3,,2024-06-30,7.712835790000001,7.712835790000001,1,0,0,0.0,2026-06-30,按行业分类,制造业,95.2739,制造业,False,0.25969999999999516,processing
600265,*ST景谷,农林牧渔,林业Ⅱ,林业Ⅲ,2000-08-25,上交所,云南省普洱市,12980.0,人造板产品、林化产品、营林造林、林木采伐等业务。,23.41,2026-09-24,30.38618,-7.94,1.298,2021-01,2026-09,35.552982049797336,24.45,2026-05,13.3,2022-06,29.519968704992454,3,3,81.11111111111111,-43.881856540084385,上涨,2024-08,81.11111111111111,,,5.8973544999000005,4.4703395248,1.9470059844999998,0.5593168802,-54.64720784086303,0.0632261826,-0.7287199723000001,-2.4558152621000002,-0.0020932783999999998,-1.2399616216,-4.7,0.108552,-200.526064,63.426366,73.475586,29.85007,26.653938,-0.26051861870000004,-0.001,32.899516,5.411348,0.28836648859999997,3.3594490227,20260630,3.5835,1.7223,,,,16,23,0,1,33,5,59,478,3,,2024-06-30,1.298,1.298,0,0,0,0.0,2025-12-31,按行业分类,制造业行业,71.6926,林业行业,True,-22.7551,fishery
600359,新农开发,农林牧渔,种植业,其他种植业,1999-04-29,上交所,新疆维吾尔自治区一师阿拉尔市,38151.282,种子及农副产品加工销售、大米与谷物加工销售、食品饮料销售、甘草制品加工销售以及肉牛养殖。,7.62,2026-09-24,29.071276884,11.89,3.8151281999999997,2021-01,2026-09,-0.78125,10.11,2022-05,5.4,2026-06,29.15517094793027,3,2,41.86046511627908,-44.70820969337289,上涨,2026-06,41.1111111111111,,,5.4847052813,6.2199020764999995,4.837618250799999,1.9553836082,-31.131385420652546,0.6891053625,0.224699254,-0.08132970240000001,0.1857113932,0.18936433940000003,-1.22,15.596733,-1.532405,47.001306,46.319715,54.096753,55.550657,0.3538188996,2.81,30.472477,10.277276,-0.25902180760000004,7.0286111698000004,20260630,1.1514,0.6219,,,,0,7,0,0,39,1,6,312,3,,2024-06-30,3.8151281999999997,3.8151281999999997,1,0,0,0.0,2026-06-30,按行业分类,服务业及其他,72.6849,农业,True,17.580299999999994,planting
000019,深粮控股,农林牧渔,农产品加工,粮油加工,1992-10-12,深交所主板,广东省深圳市,115253.5254,批发零售业务、食品加工制造业务、租赁及商务服务业务。,6.78,2026-09-24,28.218963894600005,2.73,11.52535254,2021-01,2026-09,8.306709265175716,9.05,2022-05,5.67,2026-06,27.432444448580473,2,2,44.568690095846655,-36.574585635359114,下跌,2026-03,-27.214377406931966,,,61.90005356819999,53.7508984691,55.0527962235,23.8759234377,0.14113191621363264,3.4773910906,3.2530957851999998,2.4321578597,1.1186497409,1.7601552587,4.91,16.018615,4.418628,34.07254,36.206559,32.30786,38.060273,11.004401039000001,2.22,16.185702,4.676913,-0.5288155328,49.636977305900004,20260630,1.8066,0.1763,,,0.0,0,0,0,0,1,0,0,227,3,,2024-06-30,11.52535254,11.52535254,2,0,4,0.72,2026-06-30,按行业分类,批发与零售业,63.288900000000005,批发与零售业,False,-19.202199999999984,processing
300511,雪榕生物,农林牧渔,种植业,食用菌,2016-05-04,深交所创业板,上海市,64084.7016,鲜品食用菌的研发、工厂化食用菌的种植与销售。,4.84,2026-09-24,27.5733693092,-18.66,4.98816753,2021-01,2026-09,-55.309325946445064,11.29,2021-02,2.59,2024-06,41.87561600782057,2,3,210.03861003861002,-66.75224646983312,下跌,2026-04,-39.72602739726027,,,25.651441948600002,21.6244936704,19.8761470805,11.5630052307,46.24222824704434,-1.8806257634,-6.170708132100001,0.2979399817,0.17854930149999998,-1.0255202115000002,2.29,13.62277,1.932906,68.875877,78.640262,57.974627,56.546048,4.1584812665,1.1,17.248642,1.187006,2.209856684,15.3241837304,20260630,0.3715,0.1539,,,,29,0,17,5,61,8,6,516,13,可转债转股 9 次、其他 1 次、股份回购 1 次,2024-09-30,4.41922935,4.98816753,4,29,0,0.0,2025-12-31,按行业分类,食用菌行业,98.8999,食用菌行业,False,0.6380000000000052,planting
002679,福建金森,农林牧渔,林业Ⅱ,林业Ⅲ,2012-06-05,深交所主板,福建省三明市,23575.6,森林培育营造，森林保有管护，木材生产销售。,11.58,2026-09-24,27.3005448,9.45,2.35756,2021-01,2026-09,16.96969696969697,24.22,2021-05,6.67,2024-08,55.791610896480336,4,3,144.64646464646464,-62.303881090008254,上涨,2026-06,46.95431472081219,,,1.4765007815,1.5072279806,1.4871463855000002,0.4546826613,-9.495070561763775,0.0800634242,0.1041099025,0.09230595189999999,-0.1358175825,-0.19410961780000002,1.21,38.533823,5.741664,62.847439,61.247076,61.708039,61.929883,0.7078945989000001,-1.8,40.490223,-29.484407,-0.46026227090000005,7.4967331203,20260630,7.6258,1.1498,,,,1,0,0,5,2,1,4,235,3,,2024-06-30,2.35756,2.35756,0,0,4,0.13410000000000002,2026-06-30,按行业分类,林业,74.4491,林业,False,-23.849000000000004,fishery
600257,大湖股份,农林牧渔,渔业,水产养殖,2000-06-12,上交所,湖南省常德市,48123.7188,健康产品的生产与销售业务；康复、护理为主的健康医疗服务业务。,5.48,2026-09-24,26.3717979024,4.78,4.812371880000001,2021-01,2026-09,9.16334661354583,9.23,2023-08,4.29,2024-08,48.14708955874287,5,5,105.11111111111111,-45.937161430119176,上涨,2026-06,26.558891454965373,,,11.934546194600001,10.444973832,9.2004067313,4.3397842805,1.981836192486064,-0.0815871277,-0.7695103351000001,0.050653083499999994,0.1688133809,-0.0257162448,0.63,27.550864,3.62244,51.012318,48.58445,46.513875,46.374651,2.1798660721000003,2.082,29.425919,7.764406,0.5600775610000001,9.7991499249,20260630,2.2437,1.2042,,,1.4506809322,2,1,0,1,20,11,6,275,3,,2024-06-30,4.812371880000001,4.812371880000001,1,0,0,0.0,2025-12-31,按行业分类,农业,47.7269,农业,False,-10.568400000000004,fishery
002069,獐子岛,农林牧渔,渔业,水产养殖,2006-09-28,深交所主板,辽宁省大连市,71111.2194,海珍品种业、海水增养殖业、海洋食品研发与加工。,3.67,2026-09-24,26.0649343198,-7.09,7.11112194,2021-01,2026-09,13.622291021671828,4.95,2023-07,2.42,2024-06,34.20416740886867,3,3,80.16528925619836,-51.11111111111111,下跌,2025-08,-32.56880733944955,,,16.7747364498,15.825543598,12.7787649703,7.314597844400001,-5.305444927422698,0.0858815612,-0.21912621780000002,-0.1075642528,0.128714388,0.10149114529999999,-23.23,15.934378,-1.635911,94.709144,95.757127,96.826306,96.9917,0.42044347060000004,29.52,18.159393,2.500945,0.2597962126,0.6685917486,20260630,0.9889,0.4675,,,0.0192795729,8,5,0,2,20,12,16,307,3,,2024-06-30,7.11112194,7.11112194,1,0,0,0.0,2026-06-30,按行业分类,水产贸易业,41.2952,水产贸易业,False,2.9779000000000053,fishery
300175,朗源股份,农林牧渔,农产品加工,果蔬加工,2011-02-15,深交所创业板,山东省龙口高新技术产业园,47080.0,果干、坚果果仁、鲜果的加工、生产及销售。,5.35,2026-09-24,25.1878,-15.75,4.708,2021-01,2026-09,16.30434782608696,10.14,2024-05,3.21,2023-05,52.29118331052127,4,4,215.88785046728972,-47.83037475345168,下跌,2026-02,-31.50887573964497,,,2.2023997512999998,2.4537317028,2.9170066125,1.7291364130000002,67.74389498068388,-0.5362549475,-0.3644215018,-0.1497101983,-0.1347745917,-0.052269406399999996,-2.92,8.227263,-5.174259,29.56503,28.480051,10.133061,8.809962,-0.5663171408,-2.71,2.387866,-7.794357,0.6461101386,4.9043796154,20260630,14.7713,8.8254,,,,0,2,0,3,12,11,18,294,3,,2024-06-30,4.708,4.708,1,0,0,0.0,2025-12-31,按行业分类,制造业,100.0,制造业,False,14.070000000000007,processing
300313,天山生物,农林牧渔,养殖业,其他养殖,2012-04-25,深交所创业板,新疆维吾尔自治区昌吉州昌吉市,23977.8994,种牛、奶牛的养殖、销售和进出口；冻精、胚胎的生产、销售和进出口；牛只养殖、销售；相关畜牧科技咨询、技术服务等；饲料种植、加工和销售；鲜肉批发、鲜肉零售；食用农产,12.37,2026-09-24,24.412539999299998,46.91,3.12977396,2021-01,2026-09,-17.257525083612045,15.12,2021-02,4.76,2022-04,70.53274830727118,4,4,162.62833675564679,-61.37607505863956,上涨,2025-04,150.4048582995951,,,1.3749987586,1.3760181677,2.0028675228,2.1960440026,427.74288582839716,-0.22001636309999997,-0.6594790435,-0.2718577672,0.0422766993,-0.0779663111,,7.397822,-13.075767,77.161713,97.710566,84.067474,82.036954,0.019464044399999998,12.09,9.149089,2.423866,-0.11203845130000001,0.5274914019,20260630,1.0135,0.5956,,,,28,2,2,3,21,10,33,406,3,,2024-06-30,3.12977396,3.12977396,5,0,0,0.0,2026-06-30,按产品分类,肉类,60.07,活畜,True,-3.6865000000000023,breeding
002868,绿康生化,农林牧渔,动物保健Ⅱ,动物保健Ⅲ,2017-05-03,深交所主板,福建省浦城县园区大道6号,15541.5837,兽药研发、生产和销售。,22.42,2026-09-24,24.086528148200003,-19.93,1.55415837,2021-01,2026-09,101.43755615453726,61.22,2023-01,9.29,2021-10,57.37473518979096,3,3,450.04492362982927,-79.94119568768376,下跌,2026-02,-49.94179278230501,,,5.0700485686,6.493731074099999,5.165801357,2.4772105676,-15.704749789936967,-2.2181787858,-4.4486401829,-1.3926428967,0.073160466,-0.5857085075999999,170.46,6.703116,-26.96727,78.925759,101.644871,91.32759,90.077178,-0.2507844771,10.91,22.885327,2.81215,0.45166697990000004,0.7235307692,20260630,0.3651,0.1998,,,,8,23,11,5,58,44,33,642,3,,2024-06-30,1.55415837,1.55415837,0,0,0,0.0,2026-06-30,按行业分类,动保系列,91.3693,兽药,True,23.427199999999985,vet
300673,佩蒂股份,农林牧渔,饲料,宠物食品,2017-07-11,深交所创业板,浙江省平阳县水头镇工业园,24730.5855,宠物食品的研发、制造、销售和宠物产品品牌运营。,14.82,2026-09-24,23.780360806799997,-14.43,2.48827575,2021-01,2026-09,-52.42375601926164,34.88,2021-05,11.08,2024-02,39.06798524316904,2,3,69.85559566787003,-51.01123595505618,下跌,2025-11,-31.880977683315624,,,14.112841368900002,16.590402773599997,14.488764467200001,7.3469559586,0.9619018692307302,-0.1109107718,1.8220558824000002,1.1566869238,0.24320674879999998,0.7910257667,5.81,31.859548,8.055273,35.906264,34.257823,33.992461,35.28209,1.909269511,1.36,28.387771,3.435718,-0.6632084124000001,18.2815347089,20260630,8.126,6.1994,,,0.7446887382999999,18,0,60,5,14,4,4,426,17,可转债转股 10 次、其他 4 次、股份回购 2 次、股权激励 1 次,2024-09-30,2.534112,2.48827575,3,15,2,0.6,2026-06-30,按行业分类,宠物食品及其他,97.3562,宠物食品及其他,False,-2.643799999999999,fishery
002234,民和股份,农林牧渔,养殖业,肉鸡养殖,2008-05-16,深交所主板,山东省烟台市,34896.0212,父母代肉种鸡的饲养、商品代肉雏鸡的生产与销售；商品代肉鸡的饲养与屠宰加工；鸡肉制品的生产与销售；有机废弃物资源化开发利用。,7.75,2026-09-24,23.3591695225,-9.99,3.4896021200000003,2021-01,2026-09,-41.904047976011995,22.65,2023-01,6.41,2026-06,33.01352998213832,1,1,69.79010494752622,-71.69977924944813,下跌,2023-01,-71.69977924944813,,,20.7446625583,21.5965843285,21.615006839499998,10.272619490599999,4.170251680218762,-3.8631501492,-2.49127026,-2.6851078344,-0.9524115965000001,-2.1449380504,-14.1,4.833565,-12.044714,39.412146,47.33102,51.78226,53.947313,1.3955926708000002,-5.53,4.980315,-9.686774,0.5812951928,16.6191186059,20260630,0.7648,0.3961,,,,1,0,0,0,37,3,6,261,3,,2024-06-30,3.4896021200000003,3.4896021200000003,2,0,0,0.0,2026-06-30,按产品分类,销售商品,99.6915,雏鸡,True,47.00560000000001,breeding
002852,道道全,农林牧渔,农产品加工,粮油加工,2017-03-10,深交所主板,湖南省岳阳经济技术开发区,34396.8305,食用植物油产品的研发、生产和销售。,8.09,2026-09-24,23.1227365514,-25.23,3.4396830499999997,2021-01,2026-09,-35.74265289912629,16.75,2021-12,6.45,2024-08,39.610558965412,4,4,88.06201550387598,-56.594885598923284,下跌,2025-07,-41.54987633965376,,,70.00856821010001,59.4253444913,61.945556860500005,28.647535300900003,2.589632623708127,0.7576753206999999,1.7691401708,2.3356596481,0.16860587010000003,1.8097596493,10.68,8.328761,3.904823,57.186746,46.134064,44.76841,49.050545,9.9334862288,0.75,5.414317,0.741214,-2.1214189309,22.72549203,20260630,1.0659,0.4029,,,,3,0,0,0,10,31,5,300,4,股份回购 1 次,2024-06-30,3.59,3.4396830499999997,1,0,7,0.85,2026-06-30,按行业分类,食品加工,99.5607,食品加工,False,-0.07280000000000086,processing
688156,路德科技,农林牧渔,饲料,畜禽饲料,2020-09-22,上交所科创板,湖北省武汉市,10071.4157,生物饲料系列产品的生产与销售；无机固废处理服务。,22.87,2026-09-24,23.033327705900003,14.52,1.00714157,2021-01,2026-09,33.04246655031995,37.6,2023-02,10.78,2024-08,48.00642946365276,4,4,145.7516339869281,-71.32978723404256,下跌,2026-06,-39.23966942148761,,,3.5107621154000004,2.7761872654000004,3.8020822404000003,2.1002144472,42.909785848948225,0.2696953297,-0.5655153155,-0.7010181834,0.0892615725,-0.1307380666,-8.78,19.929408,-18.39325,40.476607,49.41036,58.287089,55.930659,0.33390189940000004,1.1637,30.693925,4.733119,0.3277904609,8.111801024,20260630,0.8189,0.6903,,,,45,0,20,3,21,9,15,411,5,增发新股上市 1 次、限售股份上市 1 次,2024-06-30,0.9184,1.00714157,2,0,2,0.15,2025-12-31,按行业分类,生态保护和环境治理业,95.7253,环境治理,True,-3.839499999999987,feed
603182,嘉华股份,农林牧渔,农产品加工,粮油加工,2022-09-09,上交所,山东省聊城市,16455.0,大豆蛋白及相关副产品的研发、生产及销售。,13.52,2026-09-24,22.24716,-2.94,1.6455,2022-09,2026-09,-21.532211259431232,19.27,2022-11,10.28,2024-08,25.34559778868321,2,2,58.560311284046705,-46.65282823040997,下跌,2026-02,-30.061349693251536,,,16.945170650399998,14.8821196724,13.857172388599999,8.5589045194,25.661472100986305,1.1013518305,1.0913571273,0.9470062084,0.5666837067,0.622912397,8.64,13.118103,6.83405,19.909423,24.911999,19.606367,18.840887,0.7936334419,5.0,12.747395,6.620984,0.6954619634999999,11.2865939471,20260630,3.2663,1.9765,,,,9,6,0,0,4,16,1,293,4,限售股份上市 1 次,2024-06-30,1.6455,1.6455,0,0,6,1.5,2025-12-31,按行业分类,农副食品加工业,92.9021,农副食品加工业,False,-0.627600000000001,processing
002696,百洋股份,农林牧渔,饲料,水产饲料,2012-09-05,深交所主板,广西壮族自治区南宁市,34575.4232,水产品加工及生物制品业务、饲料及饲料原料业务、远洋捕捞加工业务。,6.65,2026-09-24,22.228218047000002,7.95,3.4636226199999998,2021-01,2026-09,22.24264705882353,7.86,2026-02,3.88,2024-08,32.167091242270715,3,3,102.5773195876289,-48.472775564409034,上涨,2026-06,33.80281690140847,,,27.2021572575,30.777014232,40.552860914200004,20.5111821291,21.078131810952748,-0.2759373986,-0.1525420649,0.4063113649,-0.8253643931999999,0.1178928851,2.94,8.812341,0.835776,49.810208,53.548258,60.910327,66.402334,-3.1524099514999997,-6.2,6.213361,-4.183981,-3.2970841263,13.862150653699999,20260630,1.2776,0.7097,,,0.34843732829999996,0,0,39,1,65,2,6,337,5,股份回购 1 次、其他 1 次,2024-09-30,3.4938691,3.4636226199999998,2,0,1,0.05,2026-06-30,按行业分类,饲料行业,51.8276,饲料行业,False,-9.260400000000004,feed
600097,开创国际,农林牧渔,渔业,海洋捕捞,1997-06-19,上交所,上海市,24093.6559,从事远洋渔业捕捞、水产品加工销售及相关贸易。,9.2,2026-09-24,22.166163428,-18.0,2.40936559,2021-01,2026-09,-0.3250270855904791,12.93,2022-03,7.62,2024-08,34.10340186522037,3,4,63.51706036745408,-37.56019261637239,下跌,2026-02,-37.56019261637239,,,20.1455381925,23.155589038899997,23.3650304269,11.824996171099999,-5.363135001814989,1.4836322094,0.6119093677,0.7389401942,-0.30307992850000004,0.2760271837,3.24,29.712701,3.340397,32.576244,32.261325,31.540889,34.442092,1.6799062318,-1.33,23.143381,-2.538471,0.4754292228,22.305311947600003,20260630,2.0519,1.088,,,1.0375611759,0,2,0,1,8,9,8,260,3,,2024-06-30,2.40936559,2.40936559,1,0,4,0.503,2026-06-30,按行业分类,食品加工,51.951800000000006,海洋捕捞,True,-4.746299999999991,fishery
600965,*ST福成,农林牧渔,养殖业,其他养殖,2004-07-13,上交所,河北省三河市,81870.0955,农业种植、畜牧养殖、食品加工及制造和餐饮服务业务。,2.69,2026-09-24,22.023055689499998,-44.99,8.187009549999999,2021-01,2026-09,-44.19087136929461,8.29,2022-12,2.55,2026-06,39.23354177601811,2,2,87.94117647058823,-60.093896713615024,下跌,2026-01,-60.093896713615024,,,10.4627851324,10.2154006621,11.6253815564,5.687422850800001,6.87936965497058,0.9858938337,0.5169876552,0.5694200937,0.1819126832,0.3558086788,2.636,22.01911,5.027539,15.412597,16.117278,16.462907,16.677963,2.1397342279,0.831,19.661195,3.370326,-0.2379691756,22.2834800531,20260630,4.8166,1.1489,,,,0,0,0,1,11,5,5,221,3,,2024-06-30,8.187009549999999,8.187009549999999,2,0,4,0.261,,,,,,,,breeding
003030,祖名股份,农林牧渔,农产品加工,其他农产品加工,2021-01-06,深交所主板,浙江省杭州市,12478.0,豆制品的研发、生产和销售。,26.87,2026-09-24,21.9201136617,46.91,1.2478,2021-01,2026-09,-36.924882629107984,42.6,2021-01,12.99,2024-08,34.235463002180076,2,2,106.85142417244036,-55.39148351648352,上涨,2024-08,106.85142417244036,,,14.7838174334,16.6440166491,20.2508613788,10.1266434411,9.983105138432546,0.4046229846,-0.25136060309999997,0.2529579191,-0.24356879760000003,-0.0909401216,2.52,23.779547,0.57327,47.27317,55.605756,54.574447,57.9171,1.2489523013,-2.45,21.645206,-2.792247,0.5764943111,9.831526655700001,20260630,0.5386,0.4387,,,0.522703935,0,3,27,2,26,12,7,348,4,限售股份上市 1 次,2024-06-30,1.2478,1.2478,0,0,4,0.6,2026-06-30,按产品分类,生鲜豆制品,67.326,生鲜豆制品,False,0.4736999999999938,processing
300970,华绿生物,农林牧渔,种植业,食用菌,2021-04-12,深交所创业板,江苏省宿迁市,15990.387,食用菌的研发、工厂化种植及销售业务。,17.62,2026-09-24,21.7953467346,25.77,1.178886,2021-04,2026-09,-69.08771929824562,63.31,2021-05,11.23,2024-08,65.50315795504312,3,4,214.33659839715045,-63.92982456140351,下跌,2026-04,-54.277620396600554,,,9.962213758099999,10.321115601699999,12.9189034095,6.938814122999999,39.18381424366621,0.3034894026,-0.4756552506,1.1026830223000001,0.460962527,-0.5369465284,7.08,16.099117,9.231106,26.004645,34.097505,32.292735,35.438216,3.4530764255,2.79,15.440057,8.041575,1.6536995906,16.7597388236,20260630,4.2091,2.993,,,,0,1,69,5,11,10,3,311,5,增发新股上市 1 次、股权激励 1 次、限售股份上市 1 次,2024-06-30,1.167,1.178886,1,0,3,0.9,2025-12-31,按行业分类,食用菌,99.9996,食用菌,False,0.00039999999999906777,planting
001366,播恩集团,农林牧渔,饲料,畜禽饲料,2023-03-07,深交所主板,江西省赣州市,16068.0,饲料的研发、生产、销售。,13.05,2026-09-24,20.96874,4.32,1.6068,2023-03,2026-09,-28.336079077429986,18.21,2023-03,9.92,2024-08,36.669784891463806,2,3,56.25,-38.82482152663371,下跌,2026-04,-30.06451612903226,,,14.355498543800001,10.169526876399999,13.604438834000002,6.6864402115,8.977172856038251,0.4870644182,-0.2871385278,-0.1977338291,0.10177331880000001,-0.1464031129,-2.46,12.52775,-1.45345,17.763976,25.009338,32.926787,38.102208,-0.2820782107,1.27,13.708975,1.522085,-1.387451821,8.057681704,20260630,2.0829,1.6179,,,,0,9,1,3,34,12,5,367,5,A股上市 1 次、限售股份上市 1 次,2024-06-30,1.6068,1.6068,0,0,3,0.35,2026-06-30,按行业分类,饲料行业,100.0,饲料行业,False,0.0,feed
000911,*ST广糖,农林牧渔,农产品加工,其他农产品加工,1999-05-27,深交所主板,广西壮族自治区南宁市,40031.9818,机制糖的生产与销售。,5.11,2026-09-24,20.4563426998,-30.57,4.00319818,2021-01,2026-09,-33.63636363636363,13.11,2021-08,3.83,2026-06,40.57893235402928,5,4,70.25974025974024,-55.36130536130537,上涨,2026-06,33.42036553524805,,,33.4151552357,32.7528259625,24.666568403000003,15.824473968900001,17.39173637722622,0.0738991202,0.0822059377,-1.2029204034,-0.1602860377,0.0912346186,0.0,9.718637,-5.098128,96.985071,96.366305,99.758224,100.196503,3.6147550837,0.0,9.052699,-1.053153,-11.7370242753,-0.079032619,20260630,0.6017,0.2713,,,,78,1,1,1,57,4,47,496,3,,2024-06-30,4.00319818,4.00319818,2,0,0,0.0,2026-06-30,按行业分类,工业,88.62689999999999,工业,False,-3.7964000000000055,processing
300967,晓鸣股份,农林牧渔,养殖业,肉鸡养殖,2021-04-13,深交所创业板,宁夏回族自治区银川市,18757.4937,祖代蛋种鸡、父母代蛋种鸡养殖，父母代雏鸡、商品代雏鸡（蛋）及其副产品销售，商品代育成鸡养殖及销售。,16.15,2026-09-24,20.154669957,-31.97,1.8949893800000002,2021-04,2026-09,-10.871964679911716,27.9,2021-10,9.07,2024-06,46.98199681934532,3,4,169.01874310915105,-52.760416666666664,下跌,2025-08,-41.065573770491795,,,8.308158318,9.706471688099999,12.212988744,5.6795254255,-24.45570934897975,-1.5477097830000002,0.4481337122,0.8471653254000001,0.0184766991,1.8472131199000001,10.82,22.001613,6.936593,54.400133,53.626942,48.895689,52.334025,2.3959409283,0.24,12.906305,0.325321,1.3961541581,7.634116494,20260630,1.0789,0.6938,,,,33,0,26,3,28,17,5,454,10,可转债转股 4 次、激励股份解禁 1 次、股份回购 1 次、限售股份上市 1 次,2024-09-30,1.87506,1.8949893800000002,1,4,2,0.45,2025-12-31,按行业分类,养殖行业,99.96690000000001,养殖行业,False,0.029900000000012028,breeding
000702,正虹科技,农林牧渔,饲料,畜禽饲料,1997-03-18,深交所主板,湖南省岳阳城陵矶综合保税,34662.4948,研发生产销售饲料产品、生猪养殖、饲料原料销售。,5.69,2026-09-24,19.7229595412,-20.86,3.46624948,2021-01,2026-09,8.795411089866146,9.49,2024-10,4.08,2024-02,42.4258132012195,2,2,132.5980392156863,-47.734457323498425,下跌,2024-10,-47.734457323498425,,,12.411690096400001,11.2091320828,10.1856075031,5.693621379800001,14.191517095087057,-1.3985001726,-0.6525001696,-0.1429799645,-0.2069838547,-0.0799597703,-4.03,7.09379,-1.464426,53.914676,57.533411,47.003743,54.206719,-0.3137212613,-6.17,5.258824,-4.854317,-0.6262291146,2.6760963708000003,20260630,1.0012,0.6567,,,,3,5,0,3,28,1,8,308,4,增发新股上市 1 次,2024-06-30,2.66634576,3.46624948,1,0,0,0.0,2026-06-30,按行业分类,饲料行业,89.8395,饲料行业,False,27.9788,feed
600883,博闻科技,农林牧渔,种植业,食用菌,1995-12-08,上交所,云南省保山市,23608.8,食用菌业务、火腿业务和咖啡业务。,8.11,2026-09-24,19.1467368,2.66,2.36088,2021-01,2026-09,4.780361757105922,9.33,2022-01,5.54,2024-08,25.791983929067065,2,1,62.63537906137184,-40.62165058949625,上涨,2024-08,62.63537906137184,,,0.21203777710000002,0.42694877840000006,0.5579344635,0.26176829620000003,-8.758766010162343,0.9615156943000001,0.7215193326999999,0.23982226489999997,0.1511283524,0.1435138157,2.443,8.017958,41.907389,5.575357,5.723062,5.873734,6.583554,-0.11460557789999999,1.5161,5.357473,56.917822,-0.0505285646,9.9030997575,20260630,5.886,5.1292,,,,1,0,0,4,18,12,1,239,3,,2024-06-30,2.36088,2.36088,0,0,4,0.25,2025-12-31,按行业分类,食用菌,73.501,食用菌,False,2.429699999999997,planting
000663,永安林业,农林牧渔,林业Ⅱ,林业Ⅲ,1996-12-06,深交所主板,福建省永安市,33639.7452,以森林经营和板材家居为主业，涵盖种质种苗、造林营林、森林碳汇开发与交易、生态修复、板材家居产品研发制造及相关技术服务等业务。,6.08,2026-09-24,18.6231127168,-5.74,3.3668392899999997,2021-01,2026-09,43.05882352941177,12.18,2023-06,4.19,2024-06,51.650920633034445,4,4,183.52941176470588,-65.59934318555007,下跌,2025-11,-41.51376146788992,,,6.931620447799999,3.2308612297000003,3.2444247047,1.5103456565,14.730696638244535,1.9003353014,-0.8503841812999999,-0.9510410786,-0.19336198710000002,-0.1761761604,-9.78,11.399261,-29.293969,32.17723,33.598707,37.278718,36.556726,-0.174742316,-2.11,11.883467,-13.170959,-0.31391404359999997,9.4003998504,20260630,1.5569,0.5616,,,,2,10,7,1,10,8,17,370,3,,2024-06-30,3.3668392899999997,3.3668392899999997,2,0,0,0.0,2026-06-30,按行业分类,人造板制造业,93.09349999999999,人造板制造业,False,35.71099999999999,fishery
603231,索宝蛋白,农林牧渔,农产品加工,粮油加工,2023-12-15,上交所,浙江省宁波保税区兴业大道,19145.9105,大豆蛋白系列产品的研发、生产和销售。,17.16,2026-09-24,18.235242511200003,-9.4,1.91459105,2023-12,2026-09,-27.040816326530614,23.52,2023-12,14.76,2026-07,28.56892808451986,1,2,33.75082399472642,-35.50170068027211,下跌,2025-10,-27.25480532281912,,,17.4832215427,15.5538260461,17.4809861755,9.6654303805,24.897997504592205,1.4598371063,1.2118073375,1.8971635128,0.681368372,0.9743239407,9.82,16.682956,10.852725,11.732123,10.084749,11.568155,13.551685,3.1110597523,3.37,12.948758,6.943496,0.0788654896,20.050556438599997,20260630,5.4221,4.1586,,,,0,1,0,2,7,9,5,283,4,A股上市 1 次、限售股份上市 1 次,2024-06-30,1.91459105,1.91459105,0,0,4,1.17,,,,,,,,processing
603717,天域生物,农林牧渔,养殖业,生猪养殖,2017-03-27,上交所,重庆市,29014.624,生态农牧食品业务、生态能源业务、生态环境业务。,5.93,2026-09-24,17.205672032,-33.22,2.9014623999999998,2021-01,2026-09,-33.445566778900115,15.17,2022-02,5.43,2024-08,42.32780032226774,3,3,70.25813692480358,-55.70204350692156,下跌,2025-10,-39.19213973799126,,,6.7045436338,8.0150670666,7.2558887317,3.5066113860000003,-14.950612544125086,-4.6163682462999995,-1.0735778762000001,-1.0690387277,-0.5437631109000001,0.1081801708,-22.97,-0.124928,-14.059698,74.505269,77.961564,79.48103,80.987329,2.5829770261,-14.6,-0.965677,-14.717915,-0.052862590999999994,5.429381404500001,20260630,0.8992,0.7229,,,0.0152038288,30,1,0,2,83,20,35,535,3,,2024-06-30,2.9014623999999998,2.9014623999999998,1,1,0,0.0,2026-06-30,按产品分类,生态农牧食品业务,90.584,园林生态工程,True,-2.028000000000006,breeding
002982,湘佳股份,农林牧渔,养殖业,肉鸡养殖,2020-04-24,深交所主板,湖南省常德市,20319.4085,种禽繁育，家禽饲养及销售，禽类屠宰加工及销售，饲料、生物肥生产及销售。,12.42,2026-09-24,16.1573330016,-16.02,1.42634985,2021-01,2026-09,-78.47487001733103,62.98,2021-02,10.55,2026-06,38.63579831527973,3,4,40.2439024390244,-68.01696712619301,下跌,2025-04,-48.3602545276554,,,38.901227385700004,42.036544323600005,44.705195258900005,23.1649975592,8.572284946957831,-1.4715149935,0.9809726422,0.32946749989999996,-0.12094814949999999,0.0584787267,1.92,14.348238,0.579466,55.021122,56.621484,60.163959,60.937477,3.766381645,-0.7,12.884374,-0.601064,0.8354191039,17.726095426500002,20260630,1.3456,0.8015,,,,15,0,46,5,19,15,7,482,14,可转债转股 8 次、其他 3 次、限售股份上市 1 次、转增 1 次,2024-09-30,1.0188,1.42634985,0,9,5,0.6,2026-06-30,按行业分类,养殖业,100.0,养殖行业,True,0.0,breeding
300268,佳沃食品,农林牧渔,农产品加工,其他农产品加工,2011-09-27,深交所创业板,湖南省常德经济技术开发区,17420.0,海产品进出口贸易、加工及销售。,12.0,2026-09-24,16.0449,17.88,1.742,2021-01,2026-09,33.630289532293986,30.33,2022-05,6.27,2024-06,59.372381539894725,4,4,157.46102449888642,-73.33049766056999,下跌,2026-02,-29.224376731301938,,,45.052477115600006,34.1757294268,16.5715830852,4.2134722601,-66.14615834804974,-11.515561016500001,-9.2442181303,-4.2731133324,-0.0379496887,-4.1923326417,,-2.706577,-28.957067,95.577161,104.920406,10.871809,35.485339,-5.1492572733,-1.39,8.425567,-0.849726,-2.1785005283000003,4.6703695185,20260630,2.3864,0.7201,,,0.2703459511,0,20,2,1,63,4,66,495,3,,2024-06-30,1.742,1.742,2,0,0,0.0,2025-12-31,按行业分类,动物蛋白,99.9367,动物蛋白,False,0.024599999999992406,processing
