代码,名称,一级行业,二级行业,三级行业,上市日期,所属市场,注册地,主营业务,注册资本万元,最新收盘,流通市值亿元,近一年涨跌%,行情日期,营业收入2023,营业收入2024,营业收入2025,归母净利润2023,归母净利润2024,归母净利润2025,ROE2023,ROE2024,ROE2025,毛利率2023,毛利率2024,毛利率2025,销售净利率2023,销售净利率2024,销售净利率2025,资产负债率2023,资产负债率2024,资产负债率2025,营业收入2023(亿元),营业收入2024(亿元),营业收入2025(亿元),归母净利润2023(亿元),归母净利润2024(亿元),归母净利润2025(亿元),营收两年CAGR%,2025盈利,总股本亿股,最近股本变动日,股本变动次数,近三年股本变动原因,近三年分红次数,近三年每股分红合计,最近分红方案,近三年公告数,关键公告示例,公告-再融资,公告-重大重组与并购,公告-回购与激励,公告-对外投资与转型,公告-担保与关联交易,公告-股东行为,公告-业绩与风险
000505,京粮控股,农林牧渔,农产品加工,粮油加工,1992-12-21,深交所主板,海南省海口市滨海大道珠江广场帝豪大厦29层,油脂油料加工销售及贸易和食品制造。,72695.0251,6.36,42.1016259636,-1.7,2026-09-24,11602380127.46,11434843516.27,7858535847.11,101358157.59,26130520.86,-266087957.92,3.29,0.83,-8.86,3.009811,4.549213,4.452352,0.883092,0.037708,-3.807086,44.967666,47.605225,47.506144,116.02380127459999,114.3484351627,78.5853584711,1.0135815759,0.2613052086,-2.6608795792,-17.700485311845902,亏损,7.26950251,2024-06-30,4,定期报告；限售股份上市,2,0.089,实施分配,335,,0,2,0,0,27,4,5
000592,平潭发展,农林牧渔,林业Ⅱ,林业Ⅲ,1996-03-27,深交所主板,福建省平潭综合实验区北厝镇金井湾大道中福广场,造林营林、林木产品加工与销售、以烟草化肥销售为主的农资贸易业务与平潭综合实验区开放开发的有关业务。,193178.0892,8.78,168.1451170222,158.24,2026-09-24,1233161878.86,1563391258.8,1319940883.71,-307841201.35,-116817604.14,-112978987.95,-13.91,-5.9,-6.17,6.694158,11.15994,6.904905,-11.365011,-8.128421,-15.567949,48.041652,46.92726,44.974695,12.331618788599998,15.633912588,13.1994088371,-3.0784120135000004,-1.1681760414,-1.1297898795,3.4587424086614416,亏损,19.317808919999997,2024-09-26,4,定期报告；股权分置受限股份上市,0,0.0,实施分配,328,宜昌东数一号投资有限责任公司重大资产重组备考合并审计报告（天健审〔2026〕11-481号）,1,3,17,0,4,0,23
000702,正虹科技,农林牧渔,饲料,畜禽饲料,1997-03-18,深交所主板,湖南省岳阳城陵矶综合保税区二期二号标准化厂房,饲料及添加剂。,34662.4948,5.69,19.7229595412,-20.86,2026-09-24,1241169009.64,1120913208.28,1018560750.31,-139850017.26,-65250016.96,-14297996.45,-46.59,-16.5,-4.03,4.046783,5.131857,7.09379,-10.034852,-2.814162,-1.464426,53.914676,57.533411,47.003743,12.411690096400001,11.2091320828,10.1856075031,-1.3985001726,-0.6525001696,-0.1429799645,-9.41046992779796,亏损,3.46624948,2024-06-30,4,增发新股上市；定期报告,0,0.0,实施分配,308,中泰证券股份有限公司关于湖南正虹科技发展股份有限公司向特定对象发行股票解除限售并上市流通的核查意见 ｜ 关于向特定对象发行股票解除限售并上市流通的提示性公告 ｜ 中泰证券股份有限公司关于湖南正虹科技发展股份有限公司向特定对象发行股票之保荐总结报告书,3,5,0,3,28,1,8
000713,国投丰乐,农林牧渔,种植业,种子,1997-04-22,深交所主板,中国（安徽）自由贸易试验区合肥市蜀山经济技术,农作物种子等。,79821.9474,6.35,38.98995123,-7.97,2026-09-24,3113679181.58,2926044504.72,2902978604.31,40214103.71,69841728.84,66021047.24,2.07,3.53,3.24,12.718117,15.741106,16.474299,1.242071,2.076367,2.105269,30.635808,35.773807,29.691181,31.1367918158,29.260445047199998,29.0297860431,0.4021410371,0.6984172884000001,0.6602104724,-3.442728281176022,盈利,6.1401498,2024-06-30,3,定期报告,4,0.09000000000000001,实施分配,404,关于收购国投金种60%股权完成过户的公告 ｜ 中信建投证券股份有限公司、国投证券股份有限公司关于国投丰乐种业股份有限公司收购国投（张掖）金种科技有限公司60%股权暨关联交易的核查意见 ｜ 关于收购国投（张掖）金种科技有限公司60%股权暨关联交易的公告,45,7,0,0,28,5,10
000735,罗牛山,农林牧渔,养殖业,生猪养殖,1997-06-11,深交所主板,海南省海口市人民大道50号,大农业为主，以房地产业务、教育产业为辅。,115151.3578,5.64,64.9106199588,-10.9,2026-09-24,4241935965.54,3332360520.26,3376862589.27,-487632911.53,241755211.25,153772157.06,-11.23,5.64,3.58,16.104474,23.806979,25.551036,-13.359876,7.583687,4.793681,63.690503,54.769789,50.293598,42.4193596554,33.3236052026,33.7686258927,-4.8763291153,2.4175521125,1.5377215706,-10.777448169269633,盈利,11.51513578,2024-06-30,3,定期报告,4,0.095,实施分配,297,关于收购上海同仁药业股份有限公司部分股份并签署《股份收购协议》暨关联交易的进展公告 ｜ 关于收购上海同仁药业股份有限公司部分股份并签署《股份收购协议》暨关联交易的公告 ｜ 关于收购海南潭牛饲料有限公司100%股权暨关联交易的进展公告,1,4,0,2,22,2,8
000798,中水渔业,农林牧渔,渔业,海洋捕捞,1998-02-12,深交所主板,北京市西城区西单民丰胡同31号中水大厦6层,海洋捕捞。,36585.8712,9.98,36.5104539576,27.62,2026-09-24,4041783287.5,4933163433.81,4342054196.52,-118084803.52,-104014079.65,83754150.94,-8.35,-25.44,21.08,5.09627,3.225585,8.256033,0.264422,-1.753118,3.261324,72.45258,73.810809,72.88171,40.417832875,49.3316343381,43.4205419652,-1.1808480352,-1.0401407965,0.8375415093999999,3.648043372737786,盈利,3.65858712,2024-06-30,4,定期报告；限售股份上市,0,0.0,实施分配,332,中水集团远洋股份有限公司收购报告书 ｜ 北京市嘉源律师事务所关于《中水集团远洋股份有限公司收购报告书》的法律意见书 ｜ 中水集团远洋股份有限公司收购报告书摘要,0,4,0,0,9,5,10
000911,*ST广糖,农林牧渔,农产品加工,其他农产品加工,1999-05-27,深交所主板,广西壮族自治区南宁市武鸣区广西-东盟经济技术,机制糖的生产与销售业务。,40031.9818,5.11,20.4563426998,-30.57,2026-09-24,3341515523.57,3275282596.25,2466656840.3,7389912.02,8220593.77,-120292040.34,41.57,16.44,0.0,12.839075,11.895513,9.718637,-0.121016,0.036374,-5.098128,96.985071,96.366305,99.758224,33.4151552357,32.7528259625,24.666568403000003,0.0738991202,0.0822059377,-1.2029204034,-14.082303283285736,亏损,4.00319818,2024-06-30,3,定期报告,0,0.0,实施分配,496,广西农投糖业集团股份有限公司关于筹划重大资产重组暨关联交易的提示性公告 ｜ 广西农投糖业集团股份有限公司关于终止2023年度向特定对象发行股票事项的公告 ｜ 国海证券股份有限公司关于广西农投糖业集团股份有限公司向特定对象发行股票会后事项的核查意见及承诺函,78,1,1,1,57,4,47
000930,中粮科技,农林牧渔,农产品加工,其他农产品加工,1999-07-12,深交所主板,安徽省蚌埠市中粮大道1号,燃料乙醇、食用酒精、淀粉、淀粉糖、柠檬酸、味精及其副产品的生产与销售。,185644.2396,5.26,97.6415360642,-11.89,2026-09-24,20378950091.78,20053355484.83,17511642307.54,-601629843.35,25129519.19,38367593.57,-5.34,0.24,0.36,5.511756,7.798691,8.356681,-3.024159,0.227882,0.263981,34.450639,37.005979,34.311643,203.78950091779998,200.5335548483,175.1164230754,-6.0162984335,0.2512951919,0.3836759357,-7.301536424432086,盈利,18.59722694,2024-07-23,6,定期报告；激励股份解禁；股份回购,2,0.6,实施分配,336,,0,0,8,1,12,0,7
000972,中基健康,农林牧渔,农产品加工,果蔬加工,2000-09-26,深交所主板,新疆维吾尔自治区五家渠东工业园区纬六西街69,农业种植，农副产品（棉花、粮食除外）的加工、销售。,77128.3579,3.96,30.5428297284,1.02,2026-09-24,575779449.91,308153878.02,492115607.53,108237777.85,-230776352.35,-46231823.92,72.43,0.0,,25.281362,4.982489,-15.662242,18.956455,-75.579558,-11.386094,82.888587,100.980795,97.79029,5.7577944991,3.0815387802,4.9211560753,1.0823777785,-2.3077635235,-0.46231823920000004,-7.550303607838971,亏损,7.712835790000001,2024-06-30,3,定期报告,0,0.0,实施分配,497,关于重大资产重组的进展公告 ｜ 关于重大资产重组的进展公告 ｜ 关于重大资产重组的进展公告,36,16,8,5,58,1,39
000998,隆平高科,农林牧渔,种植业,种子,2000-12-11,深交所主板,湖南省长沙市芙蓉区合平路618号A座518,凭经营和生产许可证进行以水稻、玉米、蔬菜为主的高科技农作物种子、种苗的生产、加工、包装、培育、繁殖、推广和销售；土地整理,146944.8061,8.68,114.1463873928,-11.16,2026-09-24,9223216747.53,8565552863.63,8477207119.16,200054689.58,113866777.84,165822288.75,3.21,2.21,2.88,39.763752,36.582797,39.300871,4.05009,-1.875203,1.281765,63.4962,66.48377,59.503322,92.2321674753,85.6555286363,84.77207119159999,2.0005468958000003,1.1386677784,1.6582228875,-4.129456441467427,盈利,13.169702979999999,2024-06-30,3,定期报告,3,0.132,实施分配,398,关于收购新疆晶华种业有限公司股权并对其增资的公告 ｜ 中信建投证券股份有限公司关于袁隆平农业高科技股份有限公司收购湖南隆平油料种业有限公司股权并对其增资暨关联交易的核查意见 ｜ 关于收购湖南隆平油料种业有限公司股权并对其增资暨关联交易的公告,47,4,4,0,40,6,11
001201,东瑞股份,农林牧渔,养殖业,生猪养殖,2021-04-28,深交所主板,广东省河源市东源县仙塘镇蝴蝶岭工业城01-1,生猪的养殖和销售。,25778.4001,14.66,31.153584106999997,-10.61,2026-09-24,1037067905.17,1520183818.53,2134622591.44,-516090568.51,-65650187.57,-160511755.11,-18.13,-1.91,-4.86,-1.357669,21.337562,12.262928,-49.765554,-4.368907,-7.521033,42.470306,44.125074,46.68483,10.3706790517,15.2018381853,21.3462259144,-5.1609056850999995,-0.6565018757,-1.6051175511000002,43.46863081661072,亏损,2.57784001,2024-06-30,6,增发新股上市；定期报告；限售股份上市,0,0.0,实施分配,411,首次公开发行前已发行股份及向特定对象发行股票剩余限售股份解除限售上市流通提示性公告 ｜ 招商证券股份有限公司关于东瑞食品集团股份有限公司首次公开发行前已发行股份及向特定对象发行股票剩余限售股份解除限售上市流通的核查意见 ｜ 招商证券股份有限公司关于东瑞食品集团股份有限公司向特定对象发行股票持续督导保,43,0,18,2,35,4,6
002041,登海种业,农林牧渔,种植业,种子,2005-04-18,深交所主板,山东省莱州市农科院城山路西侧,玉米种子生产、自育农作物杂交种子销售，花卉、苗木、食用菌类种苗的开发及技术服务。,88000.0,9.94,87.472,7.23,2026-09-24,1551975042.78,1245664505.89,1101810172.37,255783003.82,56625639.65,91653351.83,7.43,1.58,2.53,28.771337,28.134746,29.554818,19.278798,6.71594,9.897126,19.108673,19.091643,18.662369,15.5197504278,12.456645058900001,11.0181017237,2.5578300382,0.5662563965,0.9165335183,-15.742024050833248,盈利,8.8,2024-06-30,3,定期报告,2,0.06499999999999999,实施分配,151,关于与山东农业大学签署共建山东农业大学登海玉米产业研究院战略合作协议的公告,0,0,0,1,1,0,4
002069,獐子岛,农林牧渔,渔业,水产养殖,2006-09-28,深交所主板,辽宁省大连市长海县獐子岛镇沙包村,海产品养殖和水产品加工。,71111.2194,3.67,26.0649343198,-7.09,2026-09-24,1677473644.98,1582554359.8,1277876497.03,8588156.12,-21912621.78,-10756425.28,12.33,-32.66,-23.23,17.448315,11.156991,15.934378,0.803453,-1.327617,-1.635911,94.709144,95.757127,96.826306,16.7747364498,15.825543598,12.7787649703,0.0858815612,-0.21912621780000002,-0.1075642528,-12.719628026187834,亏损,7.11112194,2024-06-30,3,定期报告,0,0.0,实施分配,307,大连海发文旅产业发展有限公司拟实施股权收购行为涉及的大连獐子岛船舶制造有限公司股东全部权益价值-资产评估报告 ｜ 监事会关于公司向特定对象发行A股股票相关事项的书面审核意见 ｜ 关于向特定对象发行A股股票摊薄即期回报及采取填补措施及相关主体承诺的公告,8,5,0,2,20,12,16
002100,天康生物,农林牧渔,饲料,畜禽饲料,2006-12-26,深交所主板,新疆维吾尔自治区乌鲁木齐市高新技术产业开发区,动物疫苗、饲料及饲用植物蛋白、种猪繁育、生猪养殖、屠宰加工及肉制品销售。,136525.1515,7.58,103.486064837,-1.56,2026-09-24,19025806286.59,17175805190.11,16981074699.26,-1363316030.34,605052882.38,210634875.2,-19.18,9.01,3.02,2.924225,12.142116,9.862122,-7.97037,3.472449,1.768487,52.752401,51.490125,50.913549,190.2580628659,171.7580519011,169.8107469926,-13.633160303399999,6.0505288238,2.1063487519999997,-5.526272511681418,盈利,13.652515150000001,2024-06-30,7,"可转债转股；可转债转股,定期报告；定期报告",3,0.518,实施分配,346,关于收购新疆羌都畜牧科技有限公司股权的进展公告 ｜ 关于收购新疆羌都畜牧科技有限公司股权的进展公告 ｜ 天康生物股份有限公司拟股权收购涉及的新疆羌都畜牧科技有限公司股东全部权益价值项目资产评估报告,2,5,0,1,13,7,7
002124,天邦食品,农林牧渔,养殖业,生猪养殖,2007-04-03,深交所主板,浙江省宁波市余姚市城区阳光国际大厦A座180,食品产业开发（生猪育种养殖和食品加工）、动物疫苗研制与销售、饲料研制与销售和工程环保服务。,222193.3832,2.07,40.8281759136,-31.0,2026-09-24,10231927988.44,9643705640.1,8688946995.47,-2883405410.6,1458528670.75,-1309290808.99,-116.34,49.51,-43.35,-8.928726,16.499108,8.55643,-28.236265,15.127488,-15.169426,86.732094,72.581039,79.839636,102.3192798844,96.437056401,86.88946995469999,-28.834054106,14.5852867075,-13.0929080899,-7.847984886881221,亏损,22.219338320000002,2024-07-12,5,增发新股上市；定期报告；限售股份上市,0,0.0,实施分配,492,中国银河证券股份有限公司关于天邦食品股份有限公司向特定对象发行股票限售股份解除限售上市流通的核查意见 ｜ 关于向特定对象发行股票限售股份解除限售上市流通的提示性公告 ｜ 关于向特定对象发行股票上市公告书披露的提示性公告,29,4,0,5,26,9,35
002157,正邦科技,农林牧渔,养殖业,生猪养殖,2007-08-17,深交所主板,江西省南昌市高新技术开发区艾溪湖一路569号,饲料、生猪、兽药及农药的生产与销售。,925016.2589,2.92,227.40653435040002,-2.99,2026-09-24,6991677730.61,8869716323.34,14794917436.1,8528709536.15,216402083.36,-546432242.8,201.98,2.0,-4.9,-14.316561,14.822,7.977173,111.223123,2.125646,-5.114976,53.969051,46.415267,50.10659,69.9167773061,88.6971632334,147.949174361,85.2870953615,2.1640208336,-5.464322427999999,45.46736495000867,亏损,92.98081339,2024-06-30,10,"可转债转股；定期报告；定期报告,可转债转股；转增；限售股份上市",0,0.0,实施分配,473,关于拟签署租赁框架协议暨关联交易的公告 ｜ 关于签订框架协议暨关联交易的公告,12,0,14,6,57,16,43
002234,民和股份,农林牧渔,养殖业,肉鸡养殖,2008-05-16,深交所主板,山东省烟台市蓬莱区南关路2号附3号,父母代肉种鸡的饲养、商品代肉鸡苗的生产与销售；商品代肉鸡的养殖与销售；饲料、鸡肉制品的生产与销售。,34896.0212,7.75,23.3591695225,-9.99,2026-09-24,2074466255.83,2159658432.85,2161500683.95,-386315014.92,-249127026.0,-268510783.44,-15.57,-11.52,-14.1,3.278782,8.104709,4.833565,-18.984402,-11.752158,-12.044714,39.412146,47.33102,51.78226,20.7446625583,21.5965843285,21.615006839499998,-3.8631501492,-2.49127026,-2.6851078344,2.0762016659152227,亏损,3.4896021200000003,2024-06-30,3,定期报告,0,0.0,实施分配,261,关于提请股东大会授权董事会办理以简易程序向特定对象发行股票的公告,1,0,0,0,37,3,6
002286,保龄宝,农林牧渔,农产品加工,其他农产品加工,2009-08-28,深交所主板,山东省德州（禹城）国家高新技术产业开发区东外,以功能糖、淀粉及淀粉糖、生物饲料等产品组成的功能配料业务；以健康食品、特医食品、工业终端品等组成的人类营养品业务。,37997.738,8.46,31.2757374528,-13.23,2026-09-24,2523914007.74,2401754836.26,2751024230.13,53969019.7,111159811.78,150626576.28,2.71,5.53,7.07,8.103768,11.882605,13.257498,2.138306,4.628274,5.47529,25.4018,23.651664,19.695331,25.2391400774,24.017548362600003,27.5102423013,0.539690197,1.1115981178,1.5062657628,4.402267408424887,盈利,3.6976737999999996,2024-06-30,5,定期报告；股份回购,6,0.40499999999999997,董事会决议通过,356,关于提请股东会授权董事会办理以简易程序向特定对象发行股票的公告 ｜ 关于提请股东会授权董事会办理以简易程序向特定对象发行股票的公告 ｜ 关于与青岛海智源生命科技有限公司签署战略合作框架协议的公告,9,0,34,3,10,29,8
002299,圣农发展,农林牧渔,养殖业,肉鸡养殖,2009-10-21,深交所主板,福建省光泽县十里铺圣农总部办公大楼,肉鸡饲养和肉鸡屠宰加工。,124277.0322,15.7,191.320158552,-10.13,2026-09-24,18486738694.46,18585565098.76,20094480816.16,664273529.84,724267685.28,1380058462.24,6.58,6.96,12.59,10.563835,11.122888,12.580468,3.368548,3.849694,6.903488,54.139819,49.995177,51.655161,184.86738694459999,185.85565098759997,200.9448081616,6.642735298400001,7.2426768528,13.8005846224,4.257724898585447,盈利,12.43400295,2024-06-30,9,其他；定期报告；激励股份解禁；股份回购,6,1.4,实施分配,377,福建圣农发展股份有限公司拟股权收购涉及的安徽太阳谷食品科技（集团）有限公司股东全部权益价值资产评估报告 ｜ 关于公司拟收购安徽太阳谷食品科技（集团）有限公司54%股权暨关联交易的公告 ｜ 关于公司拟收购安徽太阳谷食品科技（集团）有限公司部分股权暨关联交易的公告,0,3,31,3,17,6,9
002311,海大集团,农林牧渔,饲料,水产饲料,2009-11-27,深交所主板,广东省广州市番禺区南村镇万博四路42号2座7,水产和畜禽饲料生产销售。,165701.0297,41.1,680.37576228,-34.11,2026-09-24,116117168742.97,114601056662.29,128468230914.96,2741256374.98,4503995518.39,4280330734.08,14.53,20.88,17.42,8.471228,11.310086,10.333206,2.472946,4.080325,3.538146,53.267391,47.86845,46.418538,1161.1716874297001,1146.0105666229,1284.6823091496,27.4125637498,45.039955183900005,42.803307340799996,5.18399283979476,盈利,16.6374997,2024-06-30,6,其他；定期报告；期权行权,6,3.5,实施分配,448,关于收到深圳证券交易所《关于终止对广东海大集团股份有限公司申请向特定对象发行股票审核的决定》的公告 ｜ 关于终止公司2022年度向特定对象发行A股股票事项并撤回申请文件的公告,3,0,54,0,22,32,8
002321,华英农业,农林牧渔,养殖业,其他养殖,2009-12-16,深交所主板,河南省潢川县产业集聚区工业大道1号,种鸭/鸡养殖、孵化、禽苗销售、饲料生产、商品鸭/鸡屠宰加工、冻品销售、熟食、羽绒及羽绒制品生产和销售。,213289.0071,2.27,48.2431752043,-23.83,2026-09-24,3704949528.49,4730581605.31,5447227642.35,-31836962.7,32360554.53,-59903819.78,-3.17,3.27,-6.43,9.107622,7.455818,5.846012,1.565034,2.303763,-0.197231,62.061011,61.08744,63.364517,37.0494952849,47.3058160531,54.472276423500006,-0.318369627,0.3236055453,-0.5990381978,21.254150822130356,亏损,21.32890071,2024-06-30,3,定期报告,0,0.0,实施分配,339,,1,0,8,0,33,18,6
002385,大北农,农林牧渔,饲料,畜禽饲料,2010-04-09,深交所主板,北京市海淀区中关村大街27号1901A,生猪养殖与服务产业链经营、种业科技与服务产业链经营,428037.1965,3.09,106.4162259363,-25.36,2026-09-24,33390129865.04,28766965640.91,29118934803.38,-2173885940.88,345772740.55,-641524003.71,-22.96,4.24,-7.85,9.63133,15.141851,12.746173,-7.706435,2.48722,-1.676062,66.292801,63.451245,66.956911,333.9012986504,287.6696564091,291.1893480338,-21.7388594088,3.4577274055,-6.4152400371,-6.614663520963449,亏损,43.2372189,2024-09-13,8,其他；增发新股上市；定期报告；股份回购,4,0.188,实施分配,604,中德证券有限责任公司关于北京大北农科技集团股份有限公司向特定对象发行股票持续督导保荐总结报告书 ｜ 中德证券有限责任公司关于北京大北农科技集团股份有限公司签订框架协议暨2026年度日常关联交易预计的核查意见 ｜ 关于签订框架协议暨2026年度日常关联交易预计的公告,16,1,38,6,99,14,9
002458,益生股份,农林牧渔,养殖业,肉鸡养殖,2010-08-10,深交所主板,山东省烟台市芝罘区朝阳街80号,祖代种鸡的引进与饲养、父母代种雏鸡的生产与销售、商品肉雏鸡的生产与销售、饲料的生产和销售、种猪和商品猪的饲养和销售。,143119.3039,8.09,78.1805930984,-6.9,2026-09-24,3224676928.89,3135825731.09,2952270108.43,540793818.23,503823356.22,165420013.21,17.41,11.26,3.75,31.605123,29.405116,17.758609,16.984317,16.00969,5.479712,30.975746,39.616551,35.680871,32.2467692889,31.3582573109,29.5227010843,5.407938182300001,5.0382335622,1.6542001321000002,-4.3169656459107975,盈利,11.064129150000001,2024-06-30,5,增发新股上市；定期报告；限售股份上市,6,0.7,实施分配,451,国投证券股份有限公司关于山东益生种畜禽股份有限公司向特定对象发行股票之保荐工作总结报告书 ｜ 国投证券股份有限公司关于山东益生种畜禽股份有限公司向特定对象发行股票部分限售股份解除限售上市流通的的核查意见 ｜ 关于向特定对象发行股票部分限售股份解除限售上市流通的提示性公告,10,0,51,2,17,44,6
002481,双塔食品,农林牧渔,农产品加工,其他农产品加工,2010-09-21,深交所主板,山东省招远市金岭镇寨里村,粉丝、食用豌豆蛋白、淀粉、膳食纤维等产品。,123369.65,4.16,46.51514816,-25.18,2026-09-24,2455941328.95,2447997211.42,2120684739.3,93238302.08,94615297.1,32662490.37,3.87,3.61,1.28,14.809987,15.006446,20.186682,3.734156,3.78683,1.503671,32.459958,43.681692,47.565384,24.559413289499997,24.479972114200002,21.206847393,0.9323830208,0.946152971,0.3266249037,-7.0757505873351505,盈利,12.336965,2024-06-30,3,定期报告,4,0.0801355,实施分配,322,关于提请股东会授权董事会以简易程序向特定对象发行股票的公告,1,2,33,1,7,39,4
002548,金新农,农林牧渔,饲料,畜禽饲料,2011-02-18,深交所主板,广东省深圳市光明新区光明街道光电北路18号金,生猪养殖业务，饲料业务，动保业务。,82817.3658,3.82,30.730810994400002,-29.13,2026-09-24,4040387757.83,4562099127.28,4746108902.58,-659867676.25,30157705.92,-292653664.16,-36.51,2.01,-21.38,3.34297,10.592302,4.78401,-16.002449,0.752853,-6.168789,74.0584,70.371711,75.682401,40.4038775783,45.6209912728,47.4610890258,-6.5986767625,0.3015770592,-2.9265366416000003,8.382041280895969,亏损,8.05093658,2024-06-30,12,"可转债转股；可转债转股,定期报告；可转债转股,激励股份解禁；可转债转股,股份回购；可转债转股,限售股份上市；定期报告；激励股份解禁；限售股份",0,0.0,实施分配,432,关于提请股东大会授权董事会以简易程序向特定对象发行股票的公告 ｜ 关于提请股东大会授权董事会以简易程序向特定对象发行股票的公告 ｜ 关于签订合作框架协议的进展公告,9,0,25,4,59,13,7
002556,辉隆股份,农林牧渔,农业综合Ⅱ,农业综合Ⅱ,2011-03-02,深交所主板,安徽省合肥市庐江县庐城镇晨光路17号东方水岸,从事化肥、化工和农药产品的内外贸分销业务，以及自主品牌复合肥和农药的生产与销售。,93494.0852,5.08,47.4492829524,-7.3,2026-09-24,17832656739.38,15652116440.47,15131806257.64,76535910.25,168919717.61,193664874.99,1.97,4.64,5.19,4.765054,5.773906,6.34448,0.456203,1.061613,1.338768,66.193272,64.59298,64.855527,178.32656739380002,156.5211644047,151.3180625764,0.7653591025,1.6891971761000002,1.9366487499,-7.8835142830014915,盈利,9.4651808,2024-06-30,9,其他；定期报告；股份回购；限售股份上市,5,0.85,实施分配,341,,0,0,15,1,12,25,2
002567,唐人神,农林牧渔,饲料,畜禽饲料,2011-03-25,深交所主板,湖南省株洲市国家高新技术产业开发区栗雨工业园,饲料、肉品、种猪等的生产与销售。,143305.1393,3.58,51.2536578718,-26.19,2026-09-24,26949042863.28,24342565838.81,24214860925.99,-1525913997.14,355415994.8,-1187037659.37,-24.97,6.27,-22.42,2.743158,8.765477,4.13801,-6.166747,1.051321,-4.954095,64.8384,63.351604,66.428423,269.4904286328,243.4256583881,242.1486092599,-15.259139971400002,3.554159948,-11.8703765937,-5.208517181900252,亏损,14.33051393,2024-06-30,12,"其他；增发新股上市；定期报告；期权行权；股份回购,期权行权；限售股份上市",1,0.037,实施分配,577,世纪证券有限责任公司关于公司2023年向特定对象发行股票之保荐总结报告书 ｜ 关于以简易程序向特定对象发行限售股份上市流通的提示性公告 ｜ 世纪证券有限责任公司关于公司以简易程序向特定对象发行限售股份上市流通的核查意见,12,4,42,2,68,11,7
002679,福建金森,农林牧渔,林业Ⅱ,林业Ⅲ,2012-06-05,深交所主板,福建省三明市将乐县水南镇三华南路50号12-,森林培育营造，森林保有管护，木材生产销售。,23575.6,11.58,27.3005448,9.45,2026-09-24,147650078.15,150722798.06,148714638.55,8006342.42,10410990.25,9230595.19,1.05,1.36,1.21,52.665926,57.094895,38.533823,5.41162,6.906983,5.741664,62.847439,61.247076,61.708039,1.4765007815,1.5072279806,1.4871463855000002,0.0800634242,0.1041099025,0.09230595189999999,0.3598536566095101,盈利,2.35756,2024-06-30,3,定期报告,4,0.13410000000000002,实施分配,235,,1,0,0,5,2,1,4
002688,金河生物,农林牧渔,动物保健Ⅱ,动物保健Ⅲ,2012-07-13,深交所主板,内蒙古自治区呼和浩特市托克托县新坪路71号,兽用饲料添加剂、兽用疫苗、兽用化学药品，玉米淀粉加工及工业污水治理业务。,83737.7701,5.15,38.6873982755,-23.36,2026-09-24,2174131033.42,2370626965.11,2878096341.01,86457012.48,100200680.03,27556698.77,3.88,4.5,1.26,29.551936,33.508846,33.859108,4.343551,3.55695,-0.381674,53.854596,55.759242,55.728067,21.7413103342,23.7062696511,28.780963410100004,0.8645701248000001,1.0020068003,0.2755669877,15.056141651393883,盈利,7.716943979999999,2024-07-17,7,"其他；定期报告；股份回购；股份回购,股权激励；股权激励,股份回购",4,0.4,实施分配,581,关于控股股东及一致行动人因公司向特定对象发行股票导致持股比例被动稀释触及1%整数倍的公告 ｜ 平安证券股份有限公司关于金河生物科技股份有限公司以简易程序向特定对象发行股票发行过程和认购对象合规性的报告 ｜ 北京市华联律师事务所关于金河生物科技股份有限公司以简易程序向特定对象发行A股股票之发行过程和认,26,1,65,5,31,42,5
002714,牧原股份,农林牧渔,养殖业,生猪养殖,2014-01-28,深交所主板,河南省南阳市内乡县灌涨镇水田村,生猪的养殖与销售。,577299.6144,40.48,1327.9461247359998,-24.98,2026-09-24,110860727714.4,137946892076.87,144144965371.68,-4263280820.31,17881260485.27,15486891254.04,-6.38,25.1,20.57,3.108352,19.051074,17.818111,-3.759554,13.71908,10.969385,62.111089,58.680119,54.150762,1108.607277144,1379.4689207687,1441.4496537168,-42.6328082031,178.8126048527,154.8689125404,14.027834451865306,盈利,54.65353161000001,2024-09-30,34,"可转债转股；定期报告；定期报告,股份回购,可转债转股；激励股份解禁；股份回购,可转债转股；限售股份上市",5,3.5017614999999997,实施分配,615,,23,0,34,1,28,39,10
002746,仙坛股份,农林牧渔,养殖业,肉鸡养殖,2015-02-16,深交所主板,山东省烟台市牟平工业园区（城东）,父母代肉种鸡养殖、雏鸡孵化、饲料生产、商品代肉鸡养殖与屠宰、鸡肉产品加工、销售业务。,86053.8727,6.19,43.92895845130001,-1.28,2026-09-24,5781232561.22,5290689262.71,5772351999.17,225911649.41,206146481.11,243019633.3,5.0,4.47,5.26,3.84823,5.16035,6.528171,4.268801,4.632098,4.974941,31.413766,38.588937,41.783576,57.812325612200006,52.9068926271,57.7235199917,2.2591164941,2.0614648111,2.430196333,-0.07683461043754836,盈利,8.605387270000001,2024-06-30,3,定期报告,7,0.95,实施分配,327,,0,2,0,1,17,13,4
002772,众兴菌业,农林牧渔,种植业,食用菌,2015-06-26,深交所主板,甘肃省天水市麦积区国家农业科技园区,专业从事食用菌的研发、生产与销售。,37474.2533,10.64,39.5421371128,13.19,2026-09-24,1931077659.25,1935227360.87,2098363191.94,159581340.77,128029452.45,334963547.55,4.84,3.75,9.87,22.994658,20.840473,28.602992,8.262519,6.541776,15.945285,43.436532,46.393356,50.144528,19.3107765925,19.3522736087,20.9836319194,1.5958134077000001,1.2802945245,3.3496354755,4.241453897242531,盈利,3.93241359,2024-06-30,7,"可转债转股；定期报告；定期报告,可转债转股；股份回购,可转债转股",6,1.5,股东大会决议通过,440,,1,0,23,14,60,13,7
002852,道道全,农林牧渔,农产品加工,粮油加工,2017-03-10,深交所主板,湖南省岳阳经济技术开发区营盘岭路113号,包装食用植物油的研发、生产和销售,34396.8305,8.09,23.1227365514,-25.23,2026-09-24,7000856821.01,5942534449.13,6194555686.05,75767532.07,176914017.08,233565964.81,3.75,8.56,10.68,7.567972,9.565353,8.328761,1.200799,3.013813,3.904823,57.186746,46.134064,44.76841,70.00856821010001,59.4253444913,61.945556860500005,0.7576753206999999,1.7691401708,2.3356596481,-5.9346917855164545,盈利,3.4396830499999997,2024-06-30,4,定期报告；股份回购,7,0.85,实施分配,300,关于提请股东会授权董事会办理以简易程序向特定对象发行股票的公告 ｜ 关于提请股东大会授权董事会办理以简易程序向特定对象发行股票的公告,3,0,0,0,10,31,5
002868,绿康生化,农林牧渔,动物保健Ⅱ,动物保健Ⅲ,2017-05-03,深交所主板,福建省浦城县园区大道6号,动保产品生产及销售。,15541.5837,22.42,24.086528148200003,-19.93,2026-09-24,507004856.86,649373107.41,516580135.7,-221817878.58,-444864018.29,-139264289.67,-45.12,0.0,170.46,-8.959852,-8.366783,6.703116,-43.908276,-68.678065,-26.96727,78.925759,101.644871,91.32759,5.0700485686,6.493731074099999,5.165801357,-2.2181787858,-4.4486401829,-1.3926428967,0.9398816443746627,亏损,1.55415837,2024-06-30,3,定期报告,0,0.0,实施分配,642,关于公司土地被收储暨签署收购合同的公告 ｜ 关于重大资产重组的进展公告 ｜ 关于重大资产重组的进展公告,8,23,11,5,58,44,33
002891,中宠股份,农林牧渔,饲料,宠物食品,2017-08-21,深交所主板,山东省烟台市莱山经济开发区蒲昌路8号,犬用及猫用宠物食品的研发、生产和销售。,32189.7746,27.83,89.5841427118,-47.24,2026-09-24,3747202108.57,4464751586.93,5221469843.83,233163768.75,393800766.42,365123643.78,10.88,16.8,13.46,26.276685,28.155135,29.536497,7.792317,9.328331,7.627327,44.891719,41.249135,42.669044,37.4720210857,44.6475158693,52.2146984383,2.3316376875,3.9380076642,3.6512364377999997,18.04370393118535,盈利,2.94114172,2024-09-30,16,"其他；可转债转股；定期报告；定期报告,可转债转股",7,1.1199999999999999,实施分配,422,,7,0,34,1,12,13,3
002982,湘佳股份,农林牧渔,养殖业,肉鸡养殖,2020-04-24,深交所主板,湖南省常德市石门县经济开发区天供山居委会夹山,种禽繁育，家禽饲养及销售，禽类屠宰加工及销售，饲料、生物肥生产及销售。,20319.4085,12.42,16.1573330016,-16.02,2026-09-24,3890122738.57,4203654432.36,4470519525.89,-147151499.35,98097264.22,32946749.99,-8.42,5.81,1.92,12.631215,17.995444,14.348238,-3.797619,2.41755,0.579466,55.021122,56.621484,60.163959,38.901227385700004,42.036544323600005,44.705195258900005,-1.4715149935,0.9809726422,0.32946749989999996,7.200632060661727,盈利,1.42634985,2024-09-30,14,"其他；可转债转股；可转债转股,转增；可转债转股,限售股份上市；定期报告",5,0.6,实施分配,482,,15,0,46,5,19,15,7
003030,祖名股份,农林牧渔,农产品加工,其他农产品加工,2021-01-06,深交所主板,浙江省杭州市滨江区江陵路77号,豆制品的研发、生产和销售。,12478.0,26.87,21.9201136617,46.91,2026-09-24,1478381743.34,1664401664.91,2025086137.88,40462298.46,-25136060.31,25295791.91,3.87,-2.46,2.52,27.263838,22.743877,23.779547,2.339614,-3.015202,0.57327,47.27317,55.605756,54.574447,14.7838174334,16.6440166491,20.2508613788,0.4046229846,-0.25136060309999997,0.2529579191,17.038421289290294,盈利,1.2478,2024-06-30,4,定期报告；限售股份上市,4,0.6,实施分配,348,祖名豆制品股份有限公司拟收购股权事宜涉及的南京果果豆制食品有限公司股东全部权益价值资产评估报告,0,3,27,2,26,12,7
300021,大禹节水,农林牧渔,农业综合Ⅱ,农业综合Ⅱ,2009-10-30,深交所创业板,甘肃省酒泉市肃州区解放路290号,农业高效节水、农村污水处理和农民安全饮水。,102236.7469,3.82,33.3575089658,-22.67,2026-09-24,3452576025.94,4378802815.65,3761248309.65,50136389.28,81127863.84,48900117.91,2.49,3.93,2.2,24.346258,17.771181,21.364648,1.944864,2.503068,1.721381,71.247068,75.050867,70.596696,34.5257602594,43.7880281565,37.6124830965,0.5013638928,0.8112786384,0.48900117909999996,4.374492664527874,盈利,8.53834105,2024-09-30,17,"其他；可转债转股；定期报告；定期报告,可转债转股；股份回购；股份回购,可转债转股",4,0.21000000000000002,实施分配,633,关于提请股东会授权董事会办理以简易程序向特定对象发行股票的公告 ｜ 关于收购淮安市水利勘测设计研究院有限公司70%股权进展暨完成工商变更登记的公告 ｜ 关于提请股东大会授权董事会办理以简易程序向特定对象发行股票的公告,18,9,42,35,84,7,4
300087,ST荃银,农林牧渔,种植业,种子,2010-05-26,深交所创业板,安徽省合肥市高新区创新大道98号,主要从事高产、优质杂交水稻种子研发、繁育、推广及服务,94733.1751,5.61,49.921492080899995,-40.0,2026-09-24,4102895157.95,4708992457.1,4494628277.29,268416483.61,97129636.01,-211652620.8,15.04,4.99,-11.63,26.908392,25.005102,21.507562,8.721788,3.180871,-3.810983,61.565546,65.947735,69.000725,41.028951579499996,47.089924571000005,44.9462827729,2.6841648361000003,0.9712963601000001,-2.1165262080000002,4.665048766377322,亏损,9.47331751,2024-06-30,4,定期报告；转增,3,0.25,实施分配,318,中国国际金融股份有限公司关于中国种子集团有限公司要约收购安徽荃银高科种业股份有限公司之2025年度及2026年第一季度持续督导意见 ｜ 关于中国种子集团有限公司要约收购结果暨股票复牌的公告 ｜ 关于中国种子集团有限公司要约收购公司股份完成过户的公告,1,18,8,0,15,13,8
300094,国联水产,农林牧渔,渔业,水产养殖,2010-07-08,深交所创业板,广东省湛江开发区平乐工业区永平南路、广东湛江,从事水产种苗、饲料、养殖、加工及销售等业务。,112816.7253,2.9,32.059888571,-21.83,2026-09-24,4617019589.23,3409294484.82,3189553766.1,-531778521.38,-742454874.05,-1630684437.58,-18.69,-33.59,-160.22,7.12896,9.761659,-6.095932,-11.711938,-22.301538,-51.651908,47.644654,54.10074,96.001294,46.17019589229999,34.0929448482,31.895537661,-5.3177852138,-7.4245487405,-16.3068443758,-16.8841012969945,亏损,11.28167253,2024-06-30,5,定期报告；股份回购；限售股份上市,0,0.0,,405,华福证券有限责任公司关于湛江国联水产开发股份有限公司向特定对象发行股票并在创业板上市之保荐总结报告书 ｜ 关于签署战略合作框架协议暨风险提示公告,1,4,29,6,42,19,6
300119,瑞普生物,农林牧渔,动物保健Ⅱ,动物保健Ⅲ,2010-09-17,深交所创业板,天津自贸试验区（空港经济区）东九道1号,兽用生物制品和兽用制剂研发、生产、销售和技术服务。,46475.4706,16.66,56.39907301,-20.21,2026-09-24,2709104760.09,3069933116.78,3398458452.83,453593651.69,300722269.32,400513483.64,10.23,6.55,8.76,49.687385,41.375836,41.277413,22.722336,10.744009,12.784303,27.153903,37.144236,32.279459,27.0910476009,30.6993311678,33.9845845283,4.5359365169,3.0072226932,4.0051348364,12.002594425022561,盈利,4.65847906,2024-09-02,8,其他；定期报告；激励股份解禁；股份回购,4,1.4,实施分配,388,关于收购控股子公司天津中瑞供应链管理有限公司部分股权暨关联交易的进展公告 ｜ 关于收购控股子公司天津中瑞供应链管理有限公司部分股权暨关联交易的公告 ｜ 关于提请股东会授权董事会以简易程序向特定对象发行股票的公告,4,13,34,3,31,8,1
300138,晨光生物,农林牧渔,农产品加工,其他农产品加工,2010-11-05,深交所创业板,河北省邯郸市曲周县城晨光路1号,辣椒红色素、叶黄素（万寿菊提取物）、辣椒精和番茄红素等天然植物提取物的生产、研发和销售,48310.0093,11.2,44.611088704,-11.95,2026-09-24,6871515007.68,6994192786.23,6559043728.38,479722222.22,94049622.14,368871080.68,14.3,2.75,11.37,11.611932,7.962257,13.101246,7.19162,1.114597,5.715398,58.636693,65.035389,63.817043,68.7151500768,69.94192786229999,65.5904372838,4.7972222222,0.9404962214,3.6887108068,-2.3001237839441413,盈利,4.83100093,2024-10-18,5,其他；定期报告；股份回购,4,0.72,实施分配,614,,0,0,45,1,120,24,11
300175,朗源股份,农林牧渔,农产品加工,果蔬加工,2011-02-15,深交所创业板,山东省龙口高新技术产业园区,鲜果及果干果脯产品的加工销售,47080.0,5.35,25.1878,-15.75,2026-09-24,220239975.13,245373170.28,291700661.25,-53625494.75,-36442150.18,-14971019.83,-10.19,-7.57,-2.92,16.65962,11.229491,8.227263,-31.320299,-15.385353,-5.174259,29.56503,28.480051,10.133061,2.2023997512999998,2.4537317028,2.9170066125,-0.5362549475,-0.3644215018,-0.1497101983,15.085506160346075,亏损,4.708,2024-06-30,3,定期报告,0,0.0,实施分配,294,,0,2,0,3,12,11,18
300189,神农种业,农林牧渔,种植业,种子,2011-03-16,深交所创业板,海南省海口市秀英区美林路8慧远美林谷综合服务,杂交水稻种子的选育、制种、销售和技术服务为主,102400.0,6.17,54.6816511608,41.19,2026-09-24,166725377.15,156511955.11,249134153.16,-36022358.67,-50640219.25,107157751.48,-4.56,-6.76,13.98,35.61855,37.514949,35.376763,-19.61178,-33.380646,46.905018,14.500576,31.459774,38.919363,1.6672537715,1.5651195511000002,2.4913415316,-0.36022358670000004,-0.5064021925,1.0715775148,22.240686355569352,盈利,10.24,2024-06-30,3,定期报告,0,0.0,实施分配,265,2025年度以简易程序向特定对象发行股票方案的论证分析报告 ｜ 关于2025年度以简易程序向特定对象发行股票预案披露的提示性公告 ｜ 2025年度以简易程序向特定对象发行股票募集资金使用的可行性分析报告,14,1,0,2,15,0,6
300268,佳沃食品,农林牧渔,农产品加工,其他农产品加工,2011-09-27,深交所创业板,湖南省常德经济技术开发区樟木桥街道双岗社区桃,狭鳕鱼、北极甜虾等海产品的加工及销售业务。,17420.0,12.0,16.0449,17.88,2026-09-24,4505247711.56,3417572942.68,1657158308.52,-1151556101.65,-924421813.03,-427311333.24,,,,-5.44349,-10.480485,-2.706577,-30.342306,-31.452352,-28.957067,95.577161,104.920406,10.871809,45.052477115600006,34.1757294268,16.5715830852,-11.515561016500001,-9.2442181303,-4.2731133324,-39.351137211712114,亏损,1.742,2024-06-30,3,定期报告,0,0.0,实施分配,495,华安证券股份有限公司关于本次交易不构成《上市公司重大资产重组管理办法》第十三条规定的重组上市情形的核查意见 ｜ 董事会关于本次交易相关主体不存在《上市公司监管指引第 7 号——上市公司重大资产重组相关股票异常交易监管》第十二条及《深圳证券交易所上市公司自律监管指引第8号——重大资产重组》第三十条情形,0,20,2,1,63,4,66
300313,天山生物,农林牧渔,养殖业,其他养殖,2012-04-25,深交所创业板,新疆维吾尔自治区昌吉州昌吉市高新区光明南路1,种牛、奶牛的养殖、销售和进出口；种羊的养殖、销售和进出口；冻精、胚胎的生产、销售和进出口；生鲜牛乳的收购和销售；饲料种植,23977.8994,12.37,24.412539999299998,46.91,2026-09-24,137499875.86,137601816.77,200286752.28,-22001636.31,-65947904.35,-27185776.72,-30.07,0.0,,16.985961,-5.229589,7.397822,-16.060847,-48.748086,-13.075767,77.161713,97.710566,84.067474,1.3749987586,1.3760181677,2.0028675228,-0.22001636309999997,-0.6594790435,-0.2718577672,20.691020410521112,亏损,3.12977396,2024-06-30,3,定期报告,0,0.0,,406,北京市康达律师事务所关于新疆天山畜牧生物工程股份有限公司2026年度向特定对象发行股票的补充法律意见书（一） ｜ 德邦证券股份有限公司关于新疆天山畜牧生物工程股份有限公司向特定对象发行A股股票之上市保荐书（2026年半年度财务数据更新版） ｜ 德邦证券股份有限公司关于新疆天山畜牧生物工程股份有限公司,28,2,2,3,21,10,33
300498,温氏股份,农林牧渔,养殖业,生猪养殖,2015-11-02,深交所创业板,广东省云浮市新兴县新城镇东堤北路9号,畜禽养殖。,665392.9305,14.51,862.7471835019,-23.55,2026-09-24,89921099545.85,105645183757.81,103862188499.72,-6389662358.5,9279937440.45,5266415817.82,-17.6,24.66,12.57,0.840365,17.306238,11.183484,-7.106443,9.165327,5.273329,61.411306,53.144542,49.817648,899.2109954585001,1056.4518375781,1038.6218849972,-63.896623585,92.79937440450001,52.6641581782,7.472643256097866,盈利,66.52917473000001,2024-09-30,17,"可转债转股；可转债转股,股份回购,股权激励；增发新股上市,股权激励；定期报告；定期报告,可转债转股",7,1.25,实施分配,686,关于收购筠诚和瑞环境科技集团股份有限公司91.38%股权进展暨完成工商变更登记的公告 ｜ 关于控股孙公司现金收购福建哈客生态农业有限公司股份的公告 ｜ 关于收购筠诚和瑞环境科技集团股份有限公司91.38%股权暨关联交易的公告,58,3,82,1,34,5,8
300511,雪榕生物,农林牧渔,种植业,食用菌,2016-05-04,深交所创业板,上海市青浦区徐民路525号6层、7层,鲜品食用菌的研发、工厂化种植与销售。,64084.7016,4.84,27.5733693092,-18.66,2026-09-24,2565144194.86,2162449367.04,1987614708.05,-188062576.34,-617070813.21,29793998.17,-11.41,-49.5,2.29,8.384413,3.60481,13.62277,-7.497988,-28.505003,1.932906,68.875877,78.640262,57.974627,25.651441948600002,21.6244936704,19.8761470805,-1.8806257634,-6.170708132100001,0.2979399817,-11.974153672761823,盈利,4.98816753,2024-09-30,13,"其他；可转债转股；定期报告；定期报告,可转债转股；股份回购",0,0.0,实施分配,516,国投证券股份有限公司关于上海雪榕生物科技股份有限公司2020年度创业板向特定对象发行股票之保荐总结报告书 ｜ 上海雪榕生物科技股份有限公司关于控股股东签署《控制权变更框架协议和股份转让协议之补充协议》的公告 ｜ 中诚信国际关于关注上海雪榕生物科技股份有限公司拟变更控股股东、实际控制人及向特定对象发行,29,0,17,5,61,8,6
300673,佩蒂股份,农林牧渔,饲料,宠物食品,2017-07-11,深交所创业板,浙江省平阳县水头镇工业园区宠乐路2号,宠物食品的研发、生产和销售。,24730.5855,14.82,23.780360806799997,-14.43,2026-09-24,1411284136.89,1659040277.36,1448876446.72,-11091077.18,182205588.24,115668692.38,-0.59,9.59,5.81,19.333462,29.42441,31.859548,-1.131474,11.204495,8.055273,35.906264,34.257823,33.992461,14.112841368900002,16.590402773599997,14.488764467200001,-0.1109107718,1.8220558824000002,1.1566869238,1.3230947725841657,盈利,2.48827575,2024-09-30,17,"其他；可转债转股；可转债转股,定期报告；定期报告；股份回购；股权激励,股份回购",2,0.6,实施分配,426,关于拟参与设立宠物产业基金暨签署《战略合作框架协议》的公告,18,0,60,5,14,4,4
300761,立华股份,农林牧渔,养殖业,肉鸡养殖,2019-02-18,深交所创业板,江苏省常州市武进区牛塘镇漕溪路66号,黄羽鸡、生猪、肉鹅的生产与销售,84633.7321,20.43,132.133866813,-10.04,2026-09-24,15354096858.27,17724875417.76,18729362431.47,-437409219.32,1520963179.35,577787575.21,-5.43,18.04,6.29,4.839761,15.924434,11.033826,-2.858456,8.554015,3.032171,43.015158,37.798397,42.026875,153.5409685827,177.24875417759998,187.29362431470003,-4.3740921932,15.2096317935,5.777875752100001,10.445839064015416,盈利,8.27644501,2024-06-30,5,定期报告；转增；限售股份上市,5,1.95,,453,中泰证券股份有限公司关于江苏立华食品集团股份有限公司2021年度创业板向特定对象发行股票之保荐总结报告书 ｜ 中泰证券股份有限公司关于江苏立华牧业股份有限公司向特定对象发行股票解除限售并上市流通的核查意见 ｜ 关于向特定对象发行股票解除限售并上市流通的提示性公告,3,0,47,2,42,46,6
300871,回盛生物,农林牧渔,动物保健Ⅱ,动物保健Ⅲ,2020-08-24,深交所创业板,湖北省武汉市东西湖区新沟街道办事处油纱路52,兽用药品（包括化药制剂、原料药、中药制剂）、饲料及添加剂的研发、生产和销售。,20178.4357,20.89,42.15275217730001,1.16,2026-09-24,1019758798.36,1200327933.81,1681248059.49,16780818.77,-20155591.43,253155975.55,1.1,-1.35,13.36,20.91604,16.333889,30.987999,1.645567,-1.647313,15.077409,49.275714,51.397769,27.327241,10.1975879836,12.003279338099999,16.8124805949,0.1678081877,-0.2015559143,2.5315597555,28.40063381535638,盈利,1.65765503,2024-09-30,17,"其他；可转债转股；可转债转股,限售股份上市；定期报告；股份回购",6,1.2764175999999998,实施分配,497,关于收到深圳证券交易所终止对公司申请向特定对象发行股票审核决定的公告 ｜ 关于2024年度向特定对象发行A股股票方案到期失效的公告 ｜ 关于延长公司2024年度向特定对象发行A股股票股东会决议有效期及相关授权有效期的公告,46,2,36,3,27,12,6
300967,晓鸣股份,农林牧渔,养殖业,肉鸡养殖,2021-04-13,深交所创业板,宁夏回族自治区银川市永宁县黄羊滩沿山公路93,祖代蛋种鸡、父母代蛋种鸡养殖；父母代种雏鸡、商品代雏鸡（蛋）及其副产品销售；商品代育成鸡养殖及销售。,18757.4937,16.15,20.154669957,-31.97,2026-09-24,830815831.8,970647168.81,1221298874.4,-154770978.3,44813371.22,84716532.54,-19.97,5.9,10.82,0.930696,16.455657,22.001613,-18.628795,4.616854,6.936593,54.400133,53.626942,48.895689,8.308158318,9.706471688099999,12.212988744,-1.5477097830000002,0.4481337122,0.8471653254000001,21.24353675707169,盈利,1.8949893800000002,2024-09-30,10,可转债转股；定期报告；激励股份解禁；股份回购；限售股份上市,2,0.45,实施分配,454,关于提请股东会授权董事会办理以简易程序向特定对象发行股票的公告 ｜ 关于提请股东大会授权董事会办理以简易程序向特定对象发行股票的公告 ｜ 关于提请股东大会授权董事会办理以简易程序向特定对象发行股票的公告,33,0,26,3,28,17,5
300970,华绿生物,农林牧渔,种植业,食用菌,2021-04-12,深交所创业板,江苏省宿迁市泗阳县绿都大道88号,食用菌的研发、工厂化种植及销售。,15990.387,17.62,21.7953467346,25.77,2026-09-24,996221375.81,1032111560.17,1291890340.95,30348940.26,-47565525.06,110268302.23,1.98,-3.19,7.08,13.521674,5.958892,16.099117,2.646843,-4.30413,9.231106,26.004645,34.097505,32.292735,9.962213758099999,10.321115601699999,12.9189034095,0.3034894026,-0.4756552506,1.1026830223000001,13.876706337065325,盈利,1.178886,2024-06-30,5,"增发新股上市,股权激励；定期报告；限售股份上市",3,0.9,实施分配,311,关于拟签订《股权收购框架协议》的公告,0,1,69,5,11,10,3
300999,金龙鱼,农林牧渔,农产品加工,粮油加工,2020-10-15,深交所创业板,上海市中国（上海）自由贸易试验区博成路137,厨房食品、饲料原料及油脂科技产品的研发、生产与销售。,542159.1536,24.55,133.21986231350002,-22.51,2026-09-24,251523736000.0,238279409000.0,245125575000.0,2847749000.0,2502020000.0,3152894000.0,3.16,2.7,3.32,4.833558,5.353103,6.429822,1.107262,1.033448,1.378666,59.763165,56.364603,55.863151,2515.23736,2382.79409,2451.25575,28.47749,25.0202,31.52894,-1.2800730973124064,盈利,54.21591536,2024-06-30,3,定期报告,4,0.529,实施分配,306,,0,0,14,3,33,0,3
600097,开创国际,农林牧渔,渔业,海洋捕捞,1997-06-19,上交所,上海市浦东新区外高桥保税区新灵路118号12,远洋捕捞，海淡水养殖；水产品加工和贸易，食品销售,24093.6559,9.2,22.166163428,-18.0,2026-09-24,2014553819.25,2315558903.89,2336503042.69,148363220.94,61190936.77,73894019.42,6.74,2.67,3.24,32.545308,28.129873,29.712701,8.090377,2.972007,3.340397,32.576244,32.261325,31.540889,20.1455381925,23.155589038899997,23.3650304269,1.4836322094,0.6119093677,0.7389401942,7.694553093107603,盈利,2.40936559,2024-06-30,3,定期报告,4,0.503,实施分配,260,开创国际关于全资子公司上海开创远洋渔业有限公司完成执行收购FCS公司剩余30%股权的公告 ｜ 开创国际关于全资子公司上海开创远洋渔业有限公司执行收购FCS公司剩余30%股权的公告 ｜ 开创国际关于签订《金融服务框架协议》暨关联交易的公告,0,2,0,1,8,9,8
600108,亚盛集团,农林牧渔,种植业,其他种植业,1997-08-18,上交所,甘肃省兰州市城关区雁兴路21号14楼,高科技农业技术，农副产品、无机盐及其副产品的生产、批发零售等。,194691.5121,4.13,80.4075944973,40.48,2026-09-24,4005115417.62,4191787662.41,4241548459.66,104433063.0,96077590.02,56933641.97,2.54,2.27,1.32,17.830515,17.543861,15.541348,2.515355,2.289976,1.352505,53.531966,55.26903,56.285106,40.0511541762,41.917876624099996,42.415484596599995,1.04433063,0.9607759001999999,0.5693364197,2.9093176635094364,盈利,19.46915121,2024-06-30,3,定期报告,4,0.018,实施分配,299,亚盛集团关于全资子公司设立全资子公司收购资产完成的公告 ｜ 亚盛集团关于全资子公司设立全资子公司收购资产的进展公告,0,2,0,6,41,7,2
600127,金健米业,农林牧渔,农产品加工,粮油加工,1998-05-06,上交所,湖南省常德市常德经济技术开发区德山办事处莲池,开发、生产、销售粮油及制品、饲料及饲料原料、新型食品、食品包装材料。,64178.3218,16.49,105.8300526482,146.12,2026-09-24,5269434280.04,4627157538.52,3358009537.17,13880055.28,2228770.15,3772773.2,1.62,0.26,0.56,4.596464,5.754575,7.686968,0.580505,0.054359,0.099458,54.784592,59.432011,61.31338,52.6943428004,46.2715753852,33.580095371700004,0.1388005528,0.0222877015,0.037727732,-20.171316629486093,盈利,6.4178321799999996,2024-06-30,3,定期报告,0,0.0,实施分配,359,金健米业关于签订《国有土地使用权收储框架协议之终止协议》的公告 ｜ 金健米业关于签订国有土地使用权收储框架协议的公告,0,4,0,2,34,1,5
600191,华资实业,农林牧渔,农产品加工,其他农产品加工,1998-12-10,上交所,内蒙古自治区包头市东河区铝业大道-40号,生产、销售：糖、食用酒精、颗粒粕；销售：电子元器件、制糖机械设备。,48493.2,9.06,43.9348392,14.54,2026-09-24,637354134.28,515663126.28,629438883.31,18875043.73,25445146.15,59020198.23,1.26,1.62,3.54,8.596379,8.307979,7.500143,2.961468,4.934451,9.376636,20.596008,25.520418,27.725284,6.373541342799999,5.1566312627999995,6.294388833099999,0.18875043730000002,0.2544514615,0.5902019823,-0.6228860105915945,盈利,4.84932,2024-06-30,3,定期报告,1,0.0225,实施分配,316,华资实业关于终止以简易程序向特定对象发行股票事项的公告 ｜ 华资实业关于延长以简易程序向特定对象发行股票股东大会决议有效期及相关授权有效期的公告 ｜ 包头华资实业股份有限公司2024年度以简易程序向特定对象发行A股股票募集资金使用可行性分析报告,7,2,0,2,12,24,3
600195,中牧股份,农林牧渔,动物保健Ⅱ,动物保健Ⅲ,1999-01-07,上交所,北京市丰台区南四环西路188号8区16-19,动物保健品和营养品研发、生产、销售、服务。,102114.826,6.64,67.80424446399999,-5.95,2026-09-24,5406312590.46,6017190375.67,6204589897.56,403051611.99,70884445.64,171316094.02,7.46,1.29,3.07,19.764682,16.358624,17.516896,6.417237,1.020881,2.840419,26.888678,26.510083,29.803594,54.0631259046,60.1719037567,62.045898975600004,4.0305161199,0.7088444564,1.7131609402,7.1287319411822425,盈利,10.2114826,2024-06-30,3,定期报告,5,0.52418,,261,中牧实业股份有限公司关于参与公开摘牌收购中核铀业有限责任公司控股子公司股权的进展公告 ｜ 中牧实业股份有限公司关于参与公开摘牌收购中核铀业有限责任公司控股子公司股权的公告,3,2,0,0,10,1,1
600201,生物股份,农林牧渔,动物保健Ⅱ,动物保健Ⅲ,1999-01-15,上交所,内蒙古自治区呼和浩特市经济技术开发区沙尔沁工,兽用生物制品的研发、生产与销售。,109992.7826,11.4,125.391772164,28.23,2026-09-24,1598225460.25,1255455757.88,1396413685.47,283630790.16,108985186.46,100111637.71,5.43,1.95,1.88,59.189337,53.855293,53.531861,17.337814,8.296118,6.839399,17.717391,19.946144,16.043249,15.9822546025,12.5545575788,13.9641368547,2.8363079016,1.0898518646,1.0011163771,-6.5266030554823935,盈利,11.20369226,2024-06-30,4,其他；定期报告,4,0.207,实施分配,315,生物股份关于终止2023年度向特定对象发行A股股票并签署终止协议的公告 ｜ 金宇生物技术股份有限公司关于延长公司向特定对象发行股票股东大会决议有效期和相关授权有效期的公告 ｜ 金宇生物技术股份有限公司关于向特定对象发行股票申请获得中国证券监督管理委员会同意注册批复的公告,43,0,40,0,6,15,15
600251,冠农股份,农林牧渔,农产品加工,果蔬加工,2003-06-09,上交所,新疆维吾尔自治区铁门关市库西工业园二十九团公,番茄、棉花、甜菜糖的加工和销售。,77699.3583,10.03,77.93245637490001,21.28,2026-09-24,4347669706.85,3512642349.59,2514921554.61,720006326.67,204596359.01,348443374.25,20.41,5.53,9.41,16.830228,8.066013,8.777395,19.616297,6.374405,14.381596,48.370523,46.334823,46.868982,43.4766970685,35.1264234959,25.149215546100002,7.2000632667,2.0459635901,3.4844337425,-23.943917862120944,盈利,7.7699358300000005,2024-06-30,5,定期报告；股份回购,5,0.8839999999999998,实施分配,346,,0,1,0,0,53,3,5
600257,大湖股份,农林牧渔,渔业,水产养殖,2000-06-12,上交所,湖南省常德市武陵区丹阳街道建民巷社区建设东路,水产品及水禽养殖、加工及深度综合开发和对外投资中成药开发、生产、销售。,48123.7188,5.48,26.3717979024,4.78,2026-09-24,1193454619.46,1044497383.2,920040673.13,-8158712.77,-76951033.51,5065308.35,-0.93,-9.19,0.63,24.532949,23.069968,27.550864,1.022084,-5.829469,3.62244,51.012318,48.58445,46.513875,11.934546194600001,10.444973832,9.2004067313,-0.0815871277,-0.7695103351000001,0.050653083499999994,-12.198778355347761,盈利,4.812371880000001,2024-06-30,3,定期报告,0,0.0,实施分配,275,大湖水殖股份有限公司关于延长公司向特定对象发行股票股东会决议有效期及相关授权有效期的公告 ｜ 大湖水殖股份有限公司关于提请股东大会授权董事会办理以简易程序向特定对象发行股票的公告,2,1,0,1,20,11,6
600265,*ST景谷,农林牧渔,林业Ⅱ,林业Ⅲ,2000-08-25,上交所,云南省普洱市景谷傣族彝族自治县林纸路201号,林化产品加工和人造板制造、森林资源培育、木材采运、加工及林业技术研发等业务。,12980.0,23.41,30.38618,-7.94,2026-09-24,589735449.99,447033952.48,194700598.45,6322618.26,-72871997.23,-245581526.21,3.98,-56.13,-4.7,10.339359,2.329658,0.108552,4.842457,-23.26704,-200.526064,63.426366,73.475586,29.85007,5.8973544999000005,4.4703395248,1.9470059844999998,0.0632261826,-0.7287199723000001,-2.4558152621000002,-42.54140187890817,亏损,1.298,2024-06-30,3,定期报告,0,0.0,实施分配,478,北京亚超资产评估有限公司关于上海证券交易所《关于对云南景谷林业股份有限公司重大资产重组草案的信息披露的问询函》之反馈意见 ｜ 中审众环会计师事务所（特殊普通合伙）关于云南景谷林业股份有限公司重大资产重组草案的信息披露的问询函回复 ｜ 关于回复上海证券交易所《关于对云南景谷林业股份有限公司重大资产重组,16,23,0,1,33,5,59
600313,农发种业,农林牧渔,种植业,种子,2001-01-19,上交所,北京市大兴区欣雅街15号院1号楼13层130,农作物种子选育加工、化肥等农资贸易和特种种养殖业务。,116137.3969,6.8,73.589509084,7.59,2026-09-24,6760772753.71,5563002957.98,6653511911.81,127013730.22,46887176.87,83584407.34,7.06,2.48,4.28,8.439454,7.632561,7.492737,3.20448,1.584583,2.21582,40.474892,44.438658,43.309901,67.6077275371,55.630029579799995,66.5351191181,1.2701373022,0.46887176869999997,0.8358440734,-0.7964302485089503,盈利,10.82198663,2024-06-30,4,定期报告；限售股份上市,1,0.009,,291,中农发种业集团股份有限公司关于向特定对象发行股票结果暨股本变动公告 ｜ 中农发种业集团股份有限公司关于向特定对象发行股票导致股东权益变动的提示性公告 ｜ 华泰联合证券有限责任公司关于中农发种业集团股份有限公司2025年度向特定对象发行A股股票并在主板上市之上市保荐书,32,3,0,5,16,2,7
600354,敦煌种业,农林牧渔,种植业,种子,2004-01-15,上交所,甘肃省酒泉市肃州区肃州路28号,农作物制种和棉花收购加工业务，包括玉米、棉花、西瓜、甜瓜、草类、疏菜、花卉等农作物良种的繁育、生产、加工、检测、包装和销,52780.208,9.53,50.299538223999996,52.97,2026-09-24,1157762417.27,1155927318.74,1160755211.2,40795232.42,49876394.67,47250589.83,7.06,7.98,6.98,27.792689,32.194447,36.551198,8.432183,10.122222,11.907722,59.688142,58.373003,57.343749,11.5776241727,11.5592731874,11.607552112,0.4079523242,0.4987639467,0.4725058983,0.12916563459917096,盈利,5.2780208,2024-06-30,3,定期报告,0,0.0,实施分配,281,华龙证券股份有限公司关于酒泉钢铁（集团）有限责任公司收购甘肃省敦煌种业集团股份有限公司之持续督导总结报告 ｜ 华龙证券股份有限公司关于酒泉钢铁（集团）有限责任公司收购甘肃省敦煌种业集团股份有限公司之2025年第一季度持续督导意见 ｜ 华龙证券股份有限公司关于酒泉钢铁（集团）有限责任公司收购甘肃省敦煌,1,7,1,0,13,16,7
600359,新农开发,农林牧渔,种植业,其他种植业,1999-04-29,上交所,新疆维吾尔自治区一师阿拉尔市南口镇1号,种子及其副产品加工及销售以及甘草深加工产品的加工及销售。,38151.282,7.62,29.071276884,11.89,2026-09-24,548470528.13,621990207.65,483761825.08,68910536.25,22469925.4,-8132970.24,11.31,3.26,-1.22,26.680672,23.024514,15.596733,12.507546,5.824531,-1.532405,47.001306,46.319715,54.096753,5.4847052813,6.2199020764999995,4.837618250799999,0.6891053625,0.224699254,-0.08132970240000001,-6.084094730726674,亏损,3.8151281999999997,2024-06-30,3,定期报告,0,0.0,实施分配,312,浙江天册律师事务所关于《新疆塔里木农业综合开发股份有限公司收购报告书》法律意见书 ｜ 新疆塔里木农业综合开发股份有限公司收购报告书 ｜ 新疆塔里木农业综合开发股份有限公司收购报告书摘要,0,7,0,0,39,1,6
600371,万向德农,农林牧渔,种植业,种子,2002-09-16,上交所,黑龙江省哈尔滨经开区南岗集中区红旗大街227,以玉米为主的农副产品深加工的技术研究和生产经营。,29257.8,15.85,46.373613,76.7,2026-09-24,319298968.77,342781221.6,197795013.57,65290445.1,52628214.09,5542904.66,11.33,9.12,1.0,34.852164,27.127496,27.349204,22.701385,16.990518,3.049246,32.358884,22.542598,21.015895,3.1929896877,3.4278122160000004,1.9779501357,0.652904451,0.5262821409,0.055429046600000004,-21.293806047011355,盈利,2.92578,2024-06-30,3,定期报告,4,0.65,实施分配,235,上海君澜律师事务所关于万向德农股份有限公司收购报告书之法律意见书 ｜ 万向德农股份有限公司收购报告书 ｜ 万向德农股份有限公司收购报告书摘要,0,3,0,3,6,11,5
600467,好当家,农林牧渔,渔业,水产养殖,2004-04-05,上交所,山东省威海荣成市虎山镇沙嘴子,海水养殖、食品加工、远洋捕捞、医药保健。,146099.4304,2.38,34.7716644352,-0.83,2026-09-24,1563804509.83,1416060096.58,1051302734.38,49445874.18,43427553.57,29872348.03,1.47,1.28,0.88,16.456421,15.572827,23.873391,3.239487,3.234738,3.060353,49.12759,49.057678,48.506991,15.6380450983,14.160600965799999,10.5130273438,0.4944587418,0.4342755357,0.2987234803,-18.0077760439081,盈利,14.609943040000001,2024-06-30,3,定期报告,4,0.03826,实施分配,195,,0,0,0,0,7,7,3
600540,新赛股份,农林牧渔,种植业,其他种植业,2004-01-07,上交所,新疆维吾尔自治区博州第五师双河市荆楚工业园区,农作物生产、加工、销售、农业高新技术产品的研究及开发；棉籽、葵花籽、菜籽及其他油料作物深加工提炼植物油销售；10万吨普纱,58137.696,5.43,31.568768927999997,16.77,2026-09-24,971635206.65,1554565471.95,3011865249.79,14707470.15,-243991232.23,-142355278.01,2.01,-40.17,-34.37,3.352683,-4.351588,0.526526,0.643799,-15.937709,-4.950551,75.127376,89.289907,95.088206,9.716352066499999,15.5456547195,30.1186524979,0.14707470150000002,-2.4399123223,-1.4235527800999999,76.06220937561537,亏损,5.8137696000000005,2024-06-30,3,定期报告,0,0.0,,422,,1,1,0,0,42,5,10
600598,北大荒,农林牧渔,种植业,粮食种植,2002-03-29,上交所,黑龙江省哈尔滨市南岗区汉水路263号,耕地发包经营；水稻、玉米等粮食作物的生产和销售；与种植业生产相关的技术、信息及服务等；化肥零售（仅限分支机构经营）以及房,177767.9909,12.49,222.03222063409999,-13.14,2026-09-24,5044443383.2,5338741595.35,5229190487.41,1063714016.98,1087210049.06,1166182575.0,14.6,14.33,14.9,35.376224,34.588766,34.556364,21.495647,20.350475,22.315507,16.082668,15.394567,12.927379,50.444433832,53.3874159535,52.2919048741,10.6371401698,10.8721004906,11.66182575,1.8147279615680745,盈利,17.77679909,2024-06-30,3,定期报告,4,1.9600000000000002,实施分配,254,黑龙江北大荒农业股份有限公司八五二分公司拟收购资产评估项目资产评估报告,0,1,0,1,17,0,8
600737,中粮糖业,农林牧渔,农产品加工,其他农产品加工,1996-07-31,上交所,新疆维吾尔自治区昌吉州昌吉市大西渠镇区玉堂村,国内外制糖、食糖进口、港口炼糖、国内食糖销售及贸易、食糖仓储物流及番茄加工,213884.8228,14.75,315.48011363,-11.52,2026-09-24,33113894636.03,32497400661.77,26510979601.63,2073321415.27,1713347191.26,951225734.55,19.42,14.44,8.24,14.109319,12.514281,11.412694,6.413209,5.365191,3.614385,44.89853,41.482142,44.139619,331.1389463603,324.9740066177,265.10979601630004,20.7332141527,17.1334719126,9.5122573455,-10.523753666280044,盈利,21.388482279999998,2024-06-30,3,定期报告,6,2.0799999999999996,实施分配,282,,1,0,0,0,11,0,3
600962,国投中鲁,农林牧渔,农产品加工,果蔬加工,2004-06-22,上交所,北京市丰台区科兴路7号205室,浓缩果蔬汁（浆）生产销售；产业化咨询、工艺设计、设备选型与组线、数字与智能工厂解决方案等。,26221.0,26.15,68.567915,23.0,2026-09-24,1486772095.82,1987018372.64,1984012779.37,58219917.79,29253730.61,40921472.89,7.15,3.34,4.43,22.728351,15.531405,16.744964,4.524513,1.894495,2.996521,59.497755,65.387599,61.351959,14.8677209582,19.8701837264,19.8401277937,0.5821991779,0.2925373061,0.4092147289,15.51809858091242,盈利,2.6221,2024-06-30,3,定期报告,0,0.0,实施分配,398,国投中鲁关于变更重大资产重组项目及2026年审计签字注册会计师的公告 ｜ 国投中鲁拟发行股份收购股权涉及的中国电子工程设计院股份有限公司股东全部权益价值资产评估报告 ｜ 国投中鲁关于变更重大资产重组项目及2025年审计签字注册会计师的公告,85,32,0,0,93,3,20
600965,*ST福成,农林牧渔,养殖业,其他养殖,2004-07-13,上交所,河北省三河市燕郊经济技术开发区,畜牧养殖屠宰及食品加工、餐饮服务、殡葬服务,81870.0955,2.69,22.023055689499998,-44.99,2026-09-24,1046278513.24,1021540066.21,1162538155.64,98589383.37,51698765.52,56942009.37,4.743,2.408,2.636,37.675432,25.437241,22.01911,9.285323,5.462969,5.027539,15.412597,16.117278,16.462907,10.4627851324,10.2154006621,11.6253815564,0.9858938337,0.5169876552,0.5694200937,5.409548856198243,盈利,8.187009549999999,2024-06-30,3,定期报告,4,0.261,,221,,0,0,0,1,11,5,5
600975,新五丰,农林牧渔,养殖业,生猪养殖,2004-06-09,上交所,湖南省长沙市芙蓉区隆平高科技园合平路618号,生猪养殖、肉品销售以及饲料加工,124966.174,5.08,63.482816392,-20.87,2026-09-24,5631944572.42,7045046681.6,7257738605.86,-1203418006.16,39320391.64,-876444829.22,-42.36,1.31,-33.93,-9.185558,7.423847,1.042149,-22.289064,0.676066,-12.410427,74.987831,73.997559,78.30266,56.3194457242,70.450466816,72.5773860586,-12.0341800616,0.3932039164,-8.7644482922,13.519762886966014,亏损,12.61292033,2024-06-30,6,增发新股上市；定期报告；限售股份上市,0,0.0,实施分配,425,湖南新五丰股份有限公司拟收购股权涉及湖南长株潭广联生猪交易市场有限公司股东全部权益市场价值资产评估报告 京坤评报字[2026]0506号 ｜ 湖南新五丰股份有限公司关于提请股东会授权董事会办理以简易程序向特定对象发行股票相关事宜的公告 ｜ 湖南新五丰股份有限公司关于向特定对象发行限售股股票上市流通公,4,3,3,2,18,11,9
601118,海南橡胶,农林牧渔,种植业,其他种植业,2011-01-07,上交所,海南省海口市滨海大道103号财富广场4楼,天然橡胶的种植、加工、销售，以及橡胶林木的采伐和销售。,427942.7797,6.48,277.3069212456,24.14,2026-09-24,33466931979.06,42004166045.25,42237151922.96,297124723.08,103389020.0,-103031096.01,3.11,1.05,-1.04,2.373469,3.792502,2.515304,0.332231,-0.204006,-0.741754,65.730911,68.676307,70.289328,334.6693197906,420.0416604525,422.3715192296,2.9712472308,1.0338902,-1.0303109601,12.341278582902016,亏损,42.79427797,2024-06-30,3,定期报告,2,0.0318,实施分配,440,关于与海南省财金集团有限公司签订战略合作框架协议的公告,2,2,0,3,32,2,15
601952,苏垦农发,农林牧渔,种植业,粮食种植,2017-05-15,上交所,江苏省南京市建邺区恒山路136号苏垦大厦12,稻麦种植、种子生产、大米和食用植物油加工及其产品销售、农资贸易。,137800.0,9.11,125.5358,-3.5,2026-09-24,12168058597.71,10917381340.32,10071255385.46,816204813.47,730052456.74,547856631.82,12.77,10.85,7.86,13.318391,14.469075,13.238626,6.715667,6.904025,5.569359,50.827079,49.478013,48.876723,121.6805859771,109.1738134032,100.71255385459999,8.162048134700001,7.3005245674,5.4785663182,-9.023095001897252,盈利,13.78,2024-06-30,3,定期报告,7,1.1199999999999999,董事会决议通过,289,苏垦农发关于收购金太阳粮油少数股东股权的进展公告 ｜ 苏垦农发关于收购金太阳粮油少数股东股权的公告 ｜ 苏垦农发关于签署股权投资战略合作框架协议的公告,0,3,0,4,4,0,7
603336,宏辉果蔬,农林牧渔,种植业,其他种植业,2016-11-24,上交所,广东省汕头市龙湖区玉津中路13号,果蔬产品的种植管理、采后收购、产地预冷、冷冻仓储、预选分级、加工包装、冷链配送。,60871.8945,10.3,62.698051335,11.11,2026-09-24,1085793266.42,1080112356.28,1052264491.74,23951885.93,18302412.99,17812961.97,2.09,1.58,1.44,8.010032,9.057359,9.124384,1.813004,1.589392,1.755219,37.599285,39.527152,19.783636,10.857932664200002,10.801123562799999,10.522644917400001,0.2395188593,0.18302412989999997,0.1781296197,-1.5560829614149063,盈利,5.70385781,2024-09-30,10,"可转债转股；可转债转股,定期报告；定期报告,可转债转股；送股,转增",3,0.046,实施分配,385,关于收购江西施美药业股份有限公司部分股份的进展公告 ｜ 关于收购江西施美药业股份有限公司部分股份的进展公告 ｜ 关于全资子公司完成工商变更暨收购江西施美药业股份有限公司部分股份的进展公告,3,5,0,1,22,25,6
603363,傲农生物,农林牧渔,饲料,畜禽饲料,2017-09-26,上交所,福建省漳州市芗城区金峰经济开发区兴亭路与宝莲,养猪业务、饲料业务,273106.1826,2.8,60.104510704,-43.89,2026-09-24,19457641131.79,8762672770.35,8474746757.55,-3650822227.67,579345018.87,77621595.4,0.0,,2.76,-4.739215,4.517933,6.286423,-19.368659,0.720003,1.055003,103.693274,67.798054,59.045651,194.5764113179,87.62672770350001,84.7474675755,-36.5082222767,5.7934501887,0.7762159540000001,-34.00390027134098,盈利,8.70274742,2024-06-30,8,定期报告；激励股份解禁；股份回购,0,0.0,实施分配,749,国泰海通证券股份有限公司关于福建傲农生物科技集团股份有限公司向特定对象发行限售股上市流通的核查意见 ｜ 福建傲农生物科技集团股份有限公司关于向特定对象发行限售股上市流通的公告 ｜ 福建傲农生物科技集团股份有限公司关于收到上海证券交易所《关于终止对福建傲农生物科技集团股份有限公司向特定对象发行股票审核,23,4,31,5,73,35,143
603566,普莱柯,农林牧渔,动物保健Ⅱ,动物保健Ⅲ,2015-05-18,上交所,中国(河南)自由贸易试验区洛阳片区高新开发区,动物用生物制品与化学药品的研发、生产和销售,34606.2273,10.19,35.2637456187,-25.29,2026-09-24,1252693603.72,1042561095.67,1089878016.95,174517388.93,92806499.78,184993567.32,6.31,3.51,7.1,61.012212,61.092962,59.871621,13.93137,8.90178,16.973786,16.502133,15.210709,15.447151,12.5269360372,10.4256109567,10.8987801695,1.7451738893000002,0.9280649978,1.8499356731999999,-6.724729650167626,盈利,3.46062273,2024-06-30,8,其他；定期报告；股份回购；限售股份上市,6,2.05,实施分配,306,,4,2,20,0,6,2,5
603609,禾丰股份,农林牧渔,饲料,畜禽饲料,2014-08-08,上交所,辽宁省沈阳市沈北新区辉山大街169号,饲料及饲料原料贸易、肉禽产业化、生猪养殖、相关业务,90401.6733,6.22,56.2298407926,-22.73,2026-09-24,35970261909.41,32545260037.87,35761520925.94,-457037550.28,342468141.14,52516855.05,-6.58,5.06,0.79,3.975888,6.446809,5.784969,-1.634775,0.953429,-0.009276,49.016756,49.085253,56.27964,359.70261909410004,325.45260037869997,357.61520925940005,-4.5703755028,3.4246814114,0.5251685505,-0.2905799031242329,盈利,9.19434056,2024-09-30,13,"其他；可转债转股；定期报告；定期报告,可转债转股",2,0.178,实施分配,463,禾丰股份关于收购肉禽业务参股公司部分股权完成交割的公告 ｜ 禾丰股份关于收购肉禽业务参股公司部分股权的进展公告 ｜ 禾丰股份关于收购肉禽业务参股公司部分股权的进展公告,26,5,52,0,54,21,8
603668,天马科技,农林牧渔,饲料,水产饲料,2017-01-17,上交所,福建省福清市上迳镇工业区,特种水产配合饲料研发、生产、销售。,50579.6732,12.18,61.606041957600006,-22.02,2026-09-24,6997724943.38,5854129618.58,6000841457.71,-187554215.53,26032657.35,-179429834.98,-9.52,1.18,-8.31,7.510276,10.85741,7.303373,-2.177143,0.824609,-2.880001,70.800046,68.625748,72.621912,69.9772494338,58.5412961858,60.0084145771,-1.8755421553,0.2603265735,-1.7942983497999998,-7.39644858863211,亏损,5.02335741,2024-07-12,7,增发新股上市；定期报告；转增；限售股份上市,4,0.07,实施分配,583,国泰海通证券股份有限公司关于福建天马科技集团股份有限公司向特定对象发行股票之保荐总结报告书 ｜ 天马科技关于提请股东会授权董事会办理以简易程序向特定对象发行股票的公告 ｜ 海通证券股份有限公司关于福建天马科技集团股份有限公司以简易程序向特定对象发行股票限售股上市流通的核查意见,26,0,12,1,73,36,12
605198,安德利,农林牧渔,农产品加工,果蔬加工,2020-09-18,上交所,山东省烟台市牟平经济开发区安德利大街18号,浓缩果汁的加工生产及销售。,32788.8,63.91,172.8995576,43.84,2026-09-24,876104953.71,1417986997.99,1677163545.44,255520074.21,260703197.0,330345077.62,10.33,9.91,11.72,32.991597,24.791072,24.255909,29.165463,18.385443,19.696652,3.092339,4.812336,5.3294,8.7610495371,14.1798699799,16.771635454400002,2.5552007421000003,2.60703197,3.3034507762,38.359708724779786,盈利,3.49,2024-06-30,5,"定期报告；股份回购；限售股份上市,承诺限售",5,0.9199999999999999,,481,安德利：关于收购宁波甬强科技有限公司控制权暨签署股权转让协议的公告 ｜ 安德利：关于签署股权转让框架协议的公告 ｜ 安德利：关于终止公司2024年度以简易程序向特定对象发行A股股票事项的公告,17,2,35,5,12,25,12
605296,神农集团,农林牧渔,养殖业,生猪养殖,2021-05-28,上交所,中国（云南）自由贸易试验区昆明片区经开区阿拉,饲料加工和销售、生猪养殖和销售、生猪屠宰、生鲜猪肉食品销售。,52623.0618,30.3,156.94927865399998,-3.5,2026-09-24,3891278625.2,5584341587.66,5351814193.2,-401278048.77,686815275.93,338963686.41,-9.07,15.08,6.9,4.377396,20.781554,16.285817,-10.311325,12.29749,6.333622,26.409286,27.385776,29.533478,38.912786252,55.8434158766,53.518141932,-4.0127804877,6.868152759299999,3.3896368641000003,17.274705022071245,盈利,5.24839012,2024-09-30,10,"其他；增发新股上市,股权激励；定期报告；激励股份解禁；股份回购",2,0.64,实施分配,550,云南神农农业产业集团股份有限公司关于收到上海证券交易所《关于终止对云南神农农业产业集团股份有限公司以简易程序向特定对象发行股票审核的决定》的公告 ｜ 云南神农农业产业集团股份有限公司关于终止2024年度以简易程序向特定对象发行A股股票事项并撤回申请文件的公告 ｜ 云南神农农业产业集团股份有限公司关于,27,1,78,5,49,0,8
688098,申联生物,农林牧渔,动物保健Ⅱ,动物保健Ⅲ,2019-10-28,上交所科创板,上海市闵行区江川东路48号,兽用生物制品研发、生产、销售。,41064.4,8.37,34.370902799999996,-22.5,2026-09-24,301487059.64,303414652.03,288266467.14,31518678.43,-44740058.21,-20495002.98,2.12,-3.07,-1.46,70.833227,60.248606,56.820392,9.901066,-16.066648,-8.662676,5.453364,8.268065,9.297965,3.0148705963999998,3.0341465202999998,2.8826646713999997,0.3151867843,-0.4474005821,-0.20495002980000002,-2.2171424424041186,亏损,4.10644,2024-06-30,3,定期报告,2,0.11499999999999999,实施分配,243,关于提请股东会授权董事会以简易程序向特定对象发行股票并办理相关事宜的公告 ｜ 关于收购联营公司控股权并开展新业务暨关联交易的公告 ｜ 关于联营公司增资扩股引入战略投资者及公司拟收购联营公司控股权并签署收购框架协议暨关联交易的公告,3,2,22,3,6,8,6
688526,科前生物,农林牧渔,动物保健Ⅱ,动物保健Ⅲ,2020-09-22,上交所科创板,湖北省武汉市东湖新技术开发区高新二路419号,兽用生物制品研发、生产、销售及动物防疫技术服务。,46612.8056,12.18,56.7743972208,-31.03,2026-09-24,1064074588.89,941923862.86,949742023.06,395934947.68,382350180.06,418723155.8,10.75,9.89,10.28,72.093442,63.755658,66.972929,37.176017,40.501112,43.900475,17.845164,12.295831,11.484722,10.6407458889,9.4192386286,9.4974202306,3.9593494768,3.8235018006,4.187231558,-5.5250237716277795,盈利,4.66128056,2024-07-25,7,其他；定期报告；股份回购；限售股份上市,4,1.69,实施分配,343,,0,0,35,1,20,6,8
301116,益客食品,农林牧渔,养殖业,肉鸡养殖,2022-01-18,深交所创业板,江苏省宿迁市宿迁高新技术产业开发区华山路北侧,禽类屠宰及加工、饲料生产及销售、商品代禽苗孵化及销售，以及熟食及调理品的生产与销售。,44897.9593,9.12,40.94673368159999,-15.56,2026-09-24,21888226740.9,20837269956.74,18961858838.03,-170971342.44,100169437.45,-279789781.55,-9.14,5.66,-17.23,2.212757,4.420079,2.353237,-0.769678,0.815643,-1.506339,61.264535,61.312508,65.229282,218.882267409,208.37269956740002,189.6185883803,-1.7097134244,1.0016943745,-2.7978978155000003,-6.92454560991016,亏损,4.4897959300000005,2024-08-18,5,其他；定期报告；限售股份上市,3,0.19874989999999998,实施分配,478,北京市金杜律师事务所关于江苏益客食品集团股份有限公司向特定对象发行A股股票之法律意见书 ｜ 国联民生证券承销保荐有限公司关于江苏益客食品集团股份有限公司2026年度向特定对象发行A股股票之上市保荐书 ｜ 国联民生证券承销保荐有限公司关于江苏益客食品集团股份有限公司2026年度向特定对象发行A股股票之,48,0,23,14,80,2,10
603477,巨星农牧,农林牧渔,养殖业,生猪养殖,2017-12-18,上交所,四川省乐山市五通桥区竹根镇新华村,中高档天然皮革的研发、制造与销售，畜禽养殖及饲料生产和销售。,52297.9262,13.89,70.8488359257,-32.87,2026-09-24,4040713360.73,6078247106.96,8000477749.75,-645294123.57,518548029.91,30343306.49,-19.33,15.64,0.949,-0.366481,19.163571,7.269159,-15.984184,8.644482,0.435861,59.85302,61.906088,67.287192,40.4071336073,60.7824710696,80.0047774975,-6.452941235700001,5.1854802991,0.3034330649,40.711288217738506,盈利,5.10070177,2024-10-18,25,"其他；可转债转股；可转债转股,定期报告；定期报告,可转债转股；限售股份上市",3,0.22435,实施分配,587,华西证券股份有限公司关于乐山巨星农牧股份有限公司因向特定对象发行股票调整“巨星转债”转股价格的临时受托管理事务报告 ｜ 乐山巨星农牧股份有限公司关于向特定对象发行股票结果暨股本变动公告 ｜ 世纪证券有限责任公司关于乐山巨星农牧股份有限公司2023年度向特定对象发行股票之上市保荐书,75,0,33,0,53,65,18
001313,粤海饲料,农林牧渔,饲料,水产饲料,2022-02-16,深交所主板,广东省湛江市霞山区机场路22号,水产饲料研发、生产及销售。,70000.0,7.31,51.10750322809999,-0.41,2026-09-24,6872366227.32,5911740005.99,6489258726.9,41143558.44,-85392026.49,17794861.28,1.49,-3.25,0.69,10.739973,10.741202,9.535298,0.596663,-1.490829,0.232108,41.174053,46.286876,46.574668,68.72366227319999,59.1174000599,64.89258726899999,0.4114355844,-0.8539202649,0.17794861280000002,-2.827271487081451,盈利,7.0,2024-06-30,5,其他；定期报告；限售股份上市,3,0.21159,实施分配,464,关于收购宜兴市天石饲料有限公司60%股权进展暨完成工商变更登记的公告 ｜ 关于收购宜兴市天石饲料有限公司控股股权的进展公告 ｜ 关于终止收购境外公司51%股权的公告,0,6,48,3,30,44,8
000663,永安林业,农林牧渔,林业Ⅱ,林业Ⅲ,1996-12-06,深交所主板,福建省永安市燕江东路819号,林木（竹）的培育、采伐、收购和销售。,33639.7452,6.08,18.6231127168,-5.74,2026-09-24,693162044.78,323086122.97,324442470.47,190033530.14,-85038418.13,-95104107.86,18.89,-8.02,-9.78,44.657251,9.930159,11.399261,27.483326,-26.252663,-29.293969,32.17723,33.598707,37.278718,6.931620447799999,3.2308612297000003,3.2444247047,1.9003353014,-0.8503841812999999,-0.9510410786,-31.584979292646644,亏损,3.3668392899999997,2024-06-30,3,定期报告,0,0.0,实施分配,370,关于福建省永安林业（集团）股份有限公司重大资产重组项目涉及回购注销部分业绩承诺补偿股份相关事项之法律意见书 ｜ 中林评字【2024】386号-中林(三明)林业发展有限公司拟进行资产收购涉及的林木资产和林地使用权资产评估报告 ｜ 广发证券关于永安林业重大资产重组业绩承诺完成情况及业绩补偿方案的核查意见,2,10,7,1,10,8,17
002696,百洋股份,农林牧渔,饲料,水产饲料,2012-09-05,深交所主板,广西壮族自治区南宁市高新技术开发区高新四路9,饲料及饲料原料业务、水产食品加工业务以及教育文化业务。,34575.4232,6.65,22.228218047000002,7.95,2026-09-24,2720215725.75,3077701423.2,4055286091.42,-27593739.86,-15254206.49,40631136.49,-1.95,-1.11,2.94,8.297862,9.036659,8.812341,-0.857216,-0.430064,0.835776,49.810208,53.548258,60.910327,27.2021572575,30.777014232,40.552860914200004,-0.2759373986,-0.1525420649,0.4063113649,22.09814772503984,盈利,3.4636226199999998,2024-09-30,5,其他；定期报告；股份回购,1,0.05,实施分配,337,,0,0,39,1,65,2,6
600883,博闻科技,农林牧渔,种植业,食用菌,1995-12-08,上交所,云南省保山市隆阳区永盛街道小堡子(保山工贸园,水泥粉磨与销售,23608.8,8.11,19.1467368,2.66,2026-09-24,21203777.71,42694877.84,55793446.35,96151569.43,72151933.27,23982226.49,11.1697,7.6856,2.443,-1.043641,0.858107,8.017958,448.415401,166.007347,41.907389,5.575357,5.723062,5.873734,0.21203777710000002,0.42694877840000006,0.5579344635,0.9615156943000001,0.7215193326999999,0.23982226489999997,62.21274475801128,盈利,2.36088,2024-06-30,3,定期报告,4,0.25,实施分配,239,,1,0,0,4,18,12,1
603182,嘉华股份,农林牧渔,农产品加工,粮油加工,2022-09-09,上交所,山东省聊城市莘县鸿图街19号（一照多址）,以大豆蛋白为主要产品的大豆深加工。,16455.0,13.52,22.24716,-2.94,2026-09-24,1694517065.04,1488211967.24,1385717238.86,110135183.05,109135712.73,94700620.84,11.09,10.43,8.64,12.656224,12.460456,13.118103,6.499502,7.333344,6.83405,19.909423,24.911999,19.606367,16.945170650399998,14.8821196724,13.857172388599999,1.1013518305,1.0913571273,0.9470062084,-9.569624027268386,盈利,1.6455,2024-06-30,4,定期报告；限售股份上市,6,1.5,实施分配,293,中泰证券股份有限公司关于山东省土地发展集团有限公司收购山东嘉华生物科技股份有限公司持续督导工作报告书 ｜ 嘉华股份关于公司2026年度向特定对象发行A股股票不存在直接或通过利益相关方向参与认购的投资者提供财务资助或补偿的公告 ｜ 嘉华股份2026年度向特定对象发行A股股票方案论证分析报告,9,6,0,0,4,16,1
603151,邦基科技,农林牧渔,饲料,畜禽饲料,2022-10-19,上交所,山东省淄博市高新区民祥路东首,猪饲料的研发、生产和销售。,17128.18,18.32,31.37882576,-28.91,2026-09-24,1646620919.75,2541684550.96,5699462619.21,83889648.5,50129794.93,110848733.06,6.87,4.06,8.46,13.034533,9.229052,7.623203,5.0837,2.027292,1.74034,15.89195,28.813903,55.886358,16.4662091975,25.4168455096,56.9946261921,0.838896485,0.5012979493,1.1084873306,86.04591576713396,盈利,1.68,2024-06-30,4,定期报告；限售股份上市,6,1.05,预披露,405,山东邦基科技股份有限公司关于提请股东会授权董事会全权办理以简易程序向特定对象发行股票的公告 ｜ 山东邦基科技股份有限公司关于终止重大资产重组事项相关内幕信息知情人自查期间买卖股票情况的自查报告 ｜ 山东邦基科技股份有限公司关于终止重大资产重组事项的公告,4,16,0,4,48,6,5
001338,永顺泰,农林牧渔,农产品加工,其他农产品加工,2022-11-16,深交所主板,广东省广州市黄埔区创业路2号,麦芽的研发、生产和销售。,50173.0834,9.1,45.657505894,-19.82,2026-09-24,4840215868.09,4282017343.75,3927033255.84,173565679.83,299401510.82,236704045.15,5.26,8.57,6.46,8.436223,11.931878,12.070583,3.585907,6.992066,6.027553,25.32198,14.782239,9.988511,48.4021586809,42.8201734375,39.2703325584,1.7356567983000002,2.9940151081999997,2.3670404515,-9.925901547191618,盈利,5.0173083400000005,2024-06-30,4,定期报告；限售股份上市,4,0.7050000000000001,实施分配,281,关于提请股东大会授权董事会办理以简易程序向特定对象发行股票相关事宜的公告,1,0,0,0,12,0,5
001366,播恩集团,农林牧渔,饲料,畜禽饲料,2023-03-07,深交所主板,江西省赣州市经济技术开发区迎宾大道中段,饲料的研发、生产、销售。,16068.0,13.05,20.96874,4.32,2026-09-24,1435549854.38,1016952687.64,1360443883.4,48706441.82,-28713852.78,-19773382.91,6.13,-3.44,-2.46,14.21585,13.840959,12.52775,3.392877,-2.823519,-1.45345,17.763976,25.009338,32.926787,14.355498543800001,10.169526876399999,13.604438834000002,0.4870644182,-0.2871385278,-0.1977338291,-2.651071326693899,亏损,1.6068,2024-06-30,5,A股上市；定期报告；限售股份上市,3,0.35,董事会决议通过,367,播恩集团股份有限公司拟收购希杰（聊城）饲料有限公司股权所涉及的希杰（聊城）饲料有限公司股东全部权益价值资产评估报告 ｜ 播恩集团股份有限公司拟收购希杰（天津）饲料有限公司股权所涉及的希杰（天津）饲料有限公司股东全部权益价值资产评估报告 ｜ 播恩集团股份有限公司拟收购希杰（沈阳）饲料有限公司股权所涉及,0,9,1,3,34,12,5
301498,乖宝宠物,农林牧渔,饲料,宠物食品,2023-08-16,深交所创业板,山东省聊城市经济技术开发区牡丹江路8号,宠物食品的研发、生产和销售。,40047.284,39.67,75.19327585839999,-57.1,2026-09-24,4326963076.35,5244963836.08,6768959695.31,428842376.18,624721447.54,673144046.69,17.4,15.85,15.29,36.84003,42.267434,42.489665,9.945514,11.960857,9.955509,11.425126,17.131091,20.454123,43.269630763500004,52.4496383608,67.68959695310001,4.2884237618,6.2472144754,6.7314404669000005,25.074671086903,盈利,4.000445,2024-08-16,5,A股上市；定期报告；限售股份上市,7,1.42,预披露,430,,7,0,60,2,12,17,1
603231,索宝蛋白,农林牧渔,农产品加工,粮油加工,2023-12-15,上交所,浙江省宁波保税区兴业大道12号,大豆蛋白系列产品的研发、生产和销售。,19145.9105,17.16,18.235242511200003,-9.4,2026-09-24,1748322154.27,1555382604.61,1748098617.55,145983710.63,121180733.75,189716351.28,16.3,6.44,9.82,13.648096,12.00653,16.682956,8.602888,7.791056,10.852725,11.732123,10.084749,11.568155,17.4832215427,15.5538260461,17.4809861755,1.4598371063,1.2118073375,1.8971635128,-0.006393097094326006,盈利,1.91459105,2024-06-30,4,A股上市；定期报告；限售股份上市,4,1.17,,283,关于收购吉林厚德仓储物流有限公司100%股权暨关联交易的公告,0,1,0,2,7,9,5
002215,诺普信,农林牧渔,种植业,其他种植业,2008-02-18,深交所主板,广东省深圳市宝安区西乡水库路113号,"研发、生产、销售农业投入品（主要是农药制剂和植物营养）,提供专业化农业综合服务。",100425.881,9.62,77.73556189879999,-26.4,2026-09-24,4119537885.4,5288197241.74,5782592204.77,235626547.17,584590497.99,650416565.06,6.37,15.36,16.45,29.451076,37.664304,37.443415,4.965878,10.610452,11.025031,61.055746,63.675899,63.326444,41.195378854,52.8819724174,57.825922047700004,2.3562654717,5.8459049799,6.504165650599999,18.477814017141082,盈利,10.0519131,2024-09-10,8,"增发新股上市,股权激励；定期报告；激励股份解禁；股份回购",4,0.95,实施分配,374,关于终止2025年度向特定对象发行A股股票的公告 ｜ 关于向特定对象发行A股股票不存在直接或通过利益相关方向参与认购的投资者提供财务资助或补偿的公告 ｜ 关于2025年度向特定对象发行股票摊薄即期回报及采取填补措施和相关主体承诺的公告,7,0,50,2,16,33,14
688156,路德科技,农林牧渔,饲料,畜禽饲料,2020-09-22,上交所科创板,湖北省武汉市东湖新技术开发区未来科技城九龙湖,高含水废弃物领域技术研发及产业化应用。,10071.4157,22.87,23.033327705900003,14.52,2026-09-24,351076211.54,277618726.54,380208224.04,26969532.97,-56551531.55,-70101818.34,3.19,-6.53,-8.78,36.246956,21.930027,19.929408,8.439081,-24.133623,-18.39325,40.476607,49.41036,58.287089,3.5107621154000004,2.7761872654000004,3.8020822404000003,0.2696953297,-0.5655153155,-0.7010181834,4.066285107150613,亏损,1.00714157,2024-06-30,5,增发新股上市；定期报告；限售股份上市,2,0.15,实施分配,411,董事会审计委员会关于新增财务性投资调减公司2026年度以简易程序向特定对象发行A股股票募集资金总额及相关事项的书面审核意见 ｜ 2026年度以简易程序向特定对象发行A股股票预案（修订稿） ｜ 2026年度以简易程序向特定对象发行A股股票募集资金使用可行性分析报告（修订稿）,45,0,20,3,21,9,15
000048,京基智农,农林牧渔,养殖业,生猪养殖,1994-11-01,深交所主板,广东省深圳市罗湖区桂园街道老围社区蔡屋围京基,饲料生产、自来水供应、房地产开发、公共交通运输、商业贸易、养殖业、房屋及土地租赁、物业管理、金融等。,53020.275,18.66,98.76789315,10.48,2026-09-24,12417006232.4,5960479688.87,4871819142.45,1746300186.67,713795295.65,152808661.82,55.47,17.36,3.63,38.722119,28.043122,13.780015,14.154502,12.334123,3.206075,67.7847,60.25385,58.968632,124.170062324,59.6047968887,48.7181914245,17.4630018667,7.1379529564999995,1.5280866182,-37.36210864171679,盈利,5.3056925,2024-06-30,4,"增发新股上市,股权激励；定期报告",4,2.1100000000000003,实施分配,460,2024年度向特定对象发行A股股票预案（更正后） ｜ 关于《2024年度向特定对象发行A股股票预案》的更正公告 ｜ 关于向特定对象发行股票不存在直接或通过利益相关方向参与认购的投资者提供财务资助或补偿的公告,9,1,61,0,39,35,7
603717,天域生物,农林牧渔,养殖业,生猪养殖,2017-03-27,上交所,重庆市江北区聚贤街25号3幢1206（自主承,园林生态工程业务、生态环境治理及田园综合体业务、生猪养殖业务、农产品以及经济作物的产销业务。,29014.624,5.93,17.205672032,-33.22,2026-09-24,670454363.38,801506706.66,725588873.17,-461636824.63,-107357787.62,-106903872.77,-52.68,-18.23,-22.97,-34.417669,10.832882,-0.124928,-84.40359,-10.834982,-14.059698,74.505269,77.961564,79.48103,6.7045436338,8.0150670666,7.2558887317,-4.6163682462999995,-1.0735778762000001,-1.0690387277,4.0305025177206355,亏损,2.9014623999999998,2024-06-30,3,定期报告,0,0.0,实施分配,535,关于提请股东会授权董事会全权办理以简易程序向特定对象发行股票相关事宜的公告 ｜ 关于收到上海证券交易所《关于终止对天域生物科技股份有限公司向特定对象发行股票审核的决定》的公告 ｜ 关于终止2025年度向特定对象发行A股股票事项并撤回申请文件的公告,30,1,0,2,83,20,35
000876,新希望,农林牧渔,饲料,畜禽饲料,1998-03-11,深交所主板,四川省绵阳市国家高新技术产业开发区,饲料、原料添加剂、饲料加工机械、农副产品、食品的生产、加工、销售。,496214.1115,6.92,311.4005722148,-30.1,2026-09-24,141703248931.32,103062962254.34,106856298720.47,249195333.87,473599068.1,-1784352202.18,0.71,1.73,-8.85,2.751646,6.706999,6.282521,-0.674243,0.19563,-1.641686,72.278212,69.00661,69.894717,1417.0324893132001,1030.6296225434,1068.5629872047,2.4919533387,4.7359906810000005,-17.843522021800002,-13.161930583820014,亏损,45.45779583,2024-09-30,16,"可转债转股；可转债转股,激励股份解禁；增发新股上市,股权激励；定期报告；定期报告,可转债转股；股份回购",1,0.0241245,实施分配,667,关于控股股东及一致行动人因公司向特定对象发行股票导致持股比例被动稀释触及1%整数倍的公告 ｜ 关于向特定对象发行股票发行情况报告书披露的提示性公告 ｜ 北京市中伦律师事务所关于新希望六和股份有限公司向特定对象发行A股股票之发行过程和认购对象合规性的法律意见书,95,4,28,5,50,5,15
002086,东方海洋,农林牧渔,农产品加工,其他农产品加工,2006-11-28,深交所主板,山东省烟台市莱山区澳柯玛大街18号,海水苗种繁育、养殖，水产品加工，生物科技，保税仓储物流以及体外诊断试剂的研发、生产与销售和检测服务。,195894.65,2.04,32.251813908,-22.73,2026-09-24,437233445.62,340159362.15,356087753.07,1749600271.35,-190379059.47,-152680548.13,0.0,-12.49,-11.27,13.713104,-3.414165,0.178063,399.061,-56.232252,-43.707209,39.919336,20.857414,20.393172,4.3723344562,3.4015936214999996,3.5608775307,17.496002713499998,-1.9037905947,-1.5268054813,-9.755273945356358,亏损,19.589465,2024-06-30,5,定期报告；转增；限售股份上市,0,0.0,实施分配,463,,0,0,0,4,26,30,37
000019,深粮控股,农林牧渔,农产品加工,粮油加工,1992-10-12,深交所主板,广东省深圳市南山区粤海街道学府路科技园南区软,茶及天然植物精深加工为主的食品原料（配料）生产、研发和销售；粮油储备、粮油贸易、粮油加工等粮油流通及粮油储备服务。,115253.5254,6.78,28.218963894600005,2.73,2026-09-24,6190005356.82,5375089846.91,5505279622.35,347739109.06,325309578.52,243215785.97,7.25,6.67,4.91,15.527604,16.671133,16.018615,5.599873,6.030477,4.418628,34.07254,36.206559,32.30786,61.90005356819999,53.7508984691,55.0527962235,3.4773910906,3.2530957851999998,2.4321578597,-5.692945919949166,盈利,11.52535254,2024-06-30,3,定期报告,4,0.72,实施分配,227,,0,0,0,0,1,0,0
