,LH,JD,C,CS,RR,A,B,RS,PK,M,RM,Y,OI,P,SR,CF,CY,RU,NR,AP,CJ,SP
LH,1.0,0.226,0.091,0.083,0.286,0.256,0.058,-0.021,0.477,0.128,-0.112,0.156,0.119,0.003,0.026,-0.126,-0.143,0.052,0.014,-0.018,0.127,0.096
JD,0.226,1.0,0.325,0.243,-0.072,0.17,0.215,0.084,0.244,0.291,0.223,0.21,0.188,0.114,0.259,0.148,0.084,-0.018,0.049,0.018,0.0,0.009
C,0.091,0.325,1.0,0.729,0.181,0.466,0.359,0.143,0.573,0.35,0.452,0.374,0.356,0.287,0.09,0.293,0.269,-0.092,-0.093,0.172,-0.127,0.091
CS,0.083,0.243,0.729,1.0,0.149,0.449,0.128,0.242,0.453,0.249,0.289,0.374,0.353,0.386,0.228,0.362,0.386,-0.105,-0.013,0.285,-0.097,-0.084
RR,0.286,-0.072,0.181,0.149,1.0,0.308,0.294,-0.134,0.311,0.381,0.255,0.183,0.042,0.158,0.025,0.062,0.027,-0.052,-0.176,-0.045,0.227,0.115
A,0.256,0.17,0.466,0.449,0.308,1.0,0.349,0.295,0.38,0.309,0.249,0.511,0.364,0.404,0.088,0.316,0.337,-0.013,0.012,0.225,0.139,0.075
B,0.058,0.215,0.359,0.128,0.294,0.349,1.0,0.158,0.285,0.753,0.737,0.608,0.544,0.437,-0.068,0.147,0.105,0.069,-0.139,0.16,0.188,0.299
RS,-0.021,0.084,0.143,0.242,-0.134,0.295,0.158,1.0,0.088,0.045,0.085,0.35,0.324,0.363,0.084,0.284,0.372,0.175,0.301,0.39,0.085,0.055
PK,0.477,0.244,0.573,0.453,0.311,0.38,0.285,0.088,1.0,0.224,0.275,0.378,0.279,0.32,0.12,0.152,0.105,-0.081,-0.08,-0.017,-0.038,0.222
M,0.128,0.291,0.35,0.249,0.381,0.309,0.753,0.045,0.224,1.0,0.732,0.429,0.436,0.3,0.094,-0.001,-0.059,-0.087,-0.22,0.097,0.071,0.298
RM,-0.112,0.223,0.452,0.289,0.255,0.249,0.737,0.085,0.275,0.732,1.0,0.443,0.497,0.4,0.062,0.263,0.199,-0.063,-0.176,0.079,-0.024,0.312
Y,0.156,0.21,0.374,0.374,0.183,0.511,0.608,0.35,0.378,0.429,0.443,1.0,0.799,0.862,0.16,0.445,0.466,0.267,0.284,0.148,0.115,0.219
OI,0.119,0.188,0.356,0.353,0.042,0.364,0.544,0.324,0.279,0.436,0.497,0.799,1.0,0.695,0.083,0.387,0.398,0.183,0.145,0.207,0.082,0.11
P,0.003,0.114,0.287,0.386,0.158,0.404,0.437,0.363,0.32,0.3,0.4,0.862,0.695,1.0,0.241,0.557,0.565,0.334,0.351,0.272,0.126,0.165
SR,0.026,0.259,0.09,0.228,0.025,0.088,-0.068,0.084,0.12,0.094,0.062,0.16,0.083,0.241,1.0,0.378,0.311,0.054,0.171,0.114,0.103,-0.18
CF,-0.126,0.148,0.293,0.362,0.062,0.316,0.147,0.284,0.152,-0.001,0.263,0.445,0.387,0.557,0.378,1.0,0.887,0.348,0.394,0.28,0.099,-0.114
CY,-0.143,0.084,0.269,0.386,0.027,0.337,0.105,0.372,0.105,-0.059,0.199,0.466,0.398,0.565,0.311,0.887,1.0,0.331,0.426,0.311,0.052,-0.127
RU,0.052,-0.018,-0.092,-0.105,-0.052,-0.013,0.069,0.175,-0.081,-0.087,-0.063,0.267,0.183,0.334,0.054,0.348,0.331,1.0,0.807,0.065,0.27,0.218
NR,0.014,0.049,-0.093,-0.013,-0.176,0.012,-0.139,0.301,-0.08,-0.22,-0.176,0.284,0.145,0.351,0.171,0.394,0.426,0.807,1.0,-0.027,0.075,0.226
AP,-0.018,0.018,0.172,0.285,-0.045,0.225,0.16,0.39,-0.017,0.097,0.079,0.148,0.207,0.272,0.114,0.28,0.311,0.065,-0.027,1.0,0.053,-0.136
CJ,0.127,0.0,-0.127,-0.097,0.227,0.139,0.188,0.085,-0.038,0.071,-0.024,0.115,0.082,0.126,0.103,0.099,0.052,0.27,0.075,0.053,1.0,-0.01
SP,0.096,0.009,0.091,-0.084,0.115,0.075,0.299,0.055,0.222,0.298,0.312,0.219,0.11,0.165,-0.18,-0.114,-0.127,0.218,0.226,-0.136,-0.01,1.0
