,JD,C,CS,A,B,RS,M,RM,Y,OI,P,SR,CF,CY,RU,AP
JD,1.0,0.158,0.209,0.112,0.187,0.043,0.314,0.231,0.112,0.219,0.028,0.192,0.193,0.028,-0.045,-0.096
C,0.158,1.0,0.726,0.26,0.242,0.187,0.275,0.332,0.152,0.18,0.094,-0.042,0.198,0.201,0.019,0.101
CS,0.209,0.726,1.0,0.227,0.07,0.193,0.224,0.289,0.139,0.186,0.138,0.012,0.177,0.328,0.021,0.219
A,0.112,0.26,0.227,1.0,0.274,0.196,0.31,0.306,0.385,0.305,0.294,0.01,0.157,0.147,0.196,-0.014
B,0.187,0.242,0.07,0.274,1.0,0.153,0.701,0.695,0.498,0.469,0.328,0.076,0.151,0.014,0.101,-0.006
RS,0.043,0.187,0.193,0.196,0.153,1.0,0.067,0.059,0.218,0.244,0.242,0.053,0.198,0.287,0.158,0.142
M,0.314,0.275,0.224,0.31,0.701,0.067,1.0,0.783,0.284,0.313,0.134,0.07,0.034,-0.122,-0.082,-0.026
RM,0.231,0.332,0.289,0.306,0.695,0.059,0.783,1.0,0.292,0.375,0.224,0.046,0.199,0.074,-0.075,-0.045
Y,0.112,0.152,0.139,0.385,0.498,0.218,0.284,0.292,1.0,0.787,0.852,0.23,0.38,0.408,0.455,0.057
OI,0.219,0.18,0.186,0.305,0.469,0.244,0.313,0.375,0.787,1.0,0.681,0.172,0.38,0.363,0.353,0.068
P,0.028,0.094,0.138,0.294,0.328,0.242,0.134,0.224,0.852,0.681,1.0,0.284,0.412,0.508,0.455,0.082
SR,0.192,-0.042,0.012,0.01,0.076,0.053,0.07,0.046,0.23,0.172,0.284,1.0,0.29,0.249,0.211,-0.078
CF,0.193,0.198,0.177,0.157,0.151,0.198,0.034,0.199,0.38,0.38,0.412,0.29,1.0,0.89,0.31,0.251
CY,0.028,0.201,0.328,0.147,0.014,0.287,-0.122,0.074,0.408,0.363,0.508,0.249,0.89,1.0,0.373,0.285
RU,-0.045,0.019,0.021,0.196,0.101,0.158,-0.082,-0.075,0.455,0.353,0.455,0.211,0.31,0.373,1.0,0.116
AP,-0.096,0.101,0.219,-0.014,-0.006,0.142,-0.026,-0.045,0.057,0.068,0.082,-0.078,0.251,0.285,0.116,1.0
