品种,代码,2021-2023相关,2024-2026相关,n1,n2,符号一致
花生,PK,0.56,0.17,34,32,是
豆一,A,0.3,0.18,35,32,是
鸡蛋,JD,0.28,0.26,35,32,是
豆粕,M,0.07,0.27,35,32,是
棉纱,CY,-0.12,-0.26,35,32,是
豆油,Y,0.2,0.01,35,32,是
菜粕,RM,-0.2,0.14,35,32,否
油菜籽,RS,0.1,-0.19,35,32,否
棉花,CF,-0.15,-0.05,35,32,是
玉米,C,0.15,-0.05,35,32,否
红枣,CJ,0.15,0.13,35,32,是
纸浆,SP,0.14,-0.07,35,32,否
20号胶,NR,0.08,-0.13,35,32,否
菜油,OI,0.12,0.08,35,32,是
白糖,SR,0.1,-0.12,35,32,否
玉米淀粉,CS,0.11,0.03,35,32,是
苹果,AP,0.04,-0.11,35,32,否
豆二,B,0.04,0.1,35,32,是
天然橡胶,RU,0.09,-0.02,35,32,否
棕榈油,P,0.02,-0.07,35,32,否
