品种,代码,大类,上涨段月均%,下跌段月均%,差值pp,同向月占比%,上涨月数,下跌月数
生猪,LH,养殖,2.48,-3.53,6.02,77.4,22,40
花生,PK,油料,0.54,-0.97,1.51,52.5,22,39
豆油,Y,压榨链,0.68,0.01,0.67,49.3,61,73
20号胶,NR,软商品,0.79,0.13,0.66,40.5,31,48
棕榈油,P,压榨链,0.75,0.28,0.47,50.7,61,73
菜油,OI,压榨链,0.61,0.16,0.44,49.3,61,73
红枣,CJ,林果,0.08,-0.23,0.31,52.4,34,48
天然橡胶,RU,软商品,0.34,0.05,0.3,49.3,61,73
鸡蛋,JD,养殖,-0.12,-0.18,0.06,56.7,61,73
纸浆,SP,其他,-0.09,0.07,-0.16,44.3,40,48
白糖,SR,软商品,-0.05,0.2,-0.24,49.3,61,73
豆一,A,油料,-0.19,0.24,-0.43,48.5,61,73
豆二,B,油料,-0.18,0.35,-0.54,48.5,61,73
玉米淀粉,CS,粮食,-0.43,0.38,-0.8,47.8,61,73
苹果,AP,林果,-0.36,0.77,-1.13,39.4,47,52
棉纱,CY,软商品,-0.76,0.5,-1.26,46.6,47,56
油菜籽,RS,油料,-0.57,0.74,-1.31,42.4,61,71
玉米,C,粮食,-0.76,0.61,-1.38,50.7,61,73
豆粕,M,压榨链,-0.73,0.72,-1.45,53.0,61,73
棉花,CF,软商品,-0.82,0.91,-1.73,44.8,61,73
菜粕,RM,压榨链,-1.06,1.03,-2.09,49.3,61,73
