行业代码,行业名称,起始,最新,近1年涨跌%,近3年涨跌%,历史最高,历史最低,峰谷比
801010,农林牧渔,1999-12,2538.2,-14.4,-25.4,4723.5,361.4,13.07
801012,农产品加工,1999-12,2355.2,-0.9,-7.6,3840.5,410.2,9.36
801014,饲料,1999-12,3432.8,-30.6,-42.0,10142.0,509.1,19.92
801015,渔业,1999-12,736.7,-4.8,-17.6,2722.7,332.9,8.18
801016,种植业,1999-12,2590.5,2.3,-15.5,5382.1,365.9,14.71
801017,养殖业,2011-10,2702.9,-19.5,-28.4,5103.5,1371.5,3.72
801018,动物保健,2011-10,4141.4,-7.5,-26.0,10498.2,1365.4,7.69
850111,种子,1999-12,3092.4,2.7,-35.1,6056.8,274.4,22.07
850113,其他种植业,1999-12,1858.4,7.1,24.6,4393.9,564.6,7.78
850122,水产养殖,2000-06,458.2,-7.4,-20.8,1908.6,243.7,7.83
850142,畜禽饲料,2021-12,1129.9,-21.6,-54.4,2825.6,1033.7,2.73
850151,果蔬加工,1999-12,1815.3,18.4,44.2,3089.3,410.0,7.53
850152,粮油加工,1999-12,1661.0,2.7,-24.9,4772.6,407.0,11.73
850154,其他农产品加工,2011-10,3004.4,-9.2,-3.8,3817.0,1125.5,3.39
850172,生猪养殖,2021-12,5114.9,-21.0,-25.7,8286.8,4489.8,1.85
850173,肉鸡养殖,2021-12,739.8,-4.0,-35.0,1150.6,621.2,1.85
850181,动物保健Ⅲ,2011-10,4141.8,-7.5,-26.0,10499.0,1365.4,7.69
