股票代码,证券名称,行业层级,行业代码,行业名称,最新权重,计入日期
000998,隆平高科,三级,850111,种子,26.3393,2021-12-13
002041,登海种业,三级,850111,种子,10.0256,2021-12-13
300087,ST荃银,三级,850111,种子,10.346,2021-12-13
300189,神农种业,三级,850111,种子,14.5329,2021-12-13
600313,农发种业,三级,850111,种子,12.9942,2021-12-13
600354,敦煌种业,三级,850111,种子,10.7535,2021-12-13
600371,万向德农,三级,850111,种子,6.7972,2021-12-13
000713,国投丰乐,三级,850111,种子,8.2109,2021-12-13
601952,苏垦农发,三级,850112,粮食种植,32.8662,2021-12-13
600598,北大荒,三级,850112,粮食种植,67.1337,2021-12-13
600359,新农开发,三级,850113,其他种植业,6.063,2021-12-13
600540,新赛股份,三级,850113,其他种植业,5.6933,2021-12-13
601118,海南橡胶,三级,850113,其他种植业,33.1138,2021-12-13
603336,宏辉果蔬,三级,850113,其他种植业,12.3556,2021-12-13
002215,诺普信,三级,850113,其他种植业,22.4328,2025-05-13
600108,亚盛集团,三级,850113,其他种植业,20.3412,2021-12-13
300511,雪榕生物,三级,850114,食用菌,25.4521,2021-12-13
300970,华绿生物,三级,850114,食用菌,24.4758,2021-12-13
600883,博闻科技,三级,850114,食用菌,16.9029,2022-08-01
002772,众兴菌业,三级,850114,食用菌,33.169,2021-12-13
600097,开创国际,三级,850121,海洋捕捞,44.2882,2021-12-13
000798,中水渔业,三级,850121,海洋捕捞,55.7117,2021-12-13
300094,国联水产,三级,850122,水产养殖,29.2596,2021-12-13
600257,大湖股份,三级,850122,水产养殖,23.8938,2021-12-13
600467,好当家,三级,850122,水产养殖,27.7712,2021-12-13
002069,獐子岛,三级,850122,水产养殖,19.0752,2021-12-13
002679,福建金森,三级,850131,林业Ⅲ,4.7863,2021-12-13
600265,*ST景谷,三级,850131,林业Ⅲ,6.3384,2021-12-13
000663,永安林业,三级,850131,林业Ⅲ,7.5946,2022-08-01
000592,平潭发展,三级,850131,林业Ⅲ,81.2805,2021-12-13
002100,天康生物,三级,850142,畜禽饲料,13.8587,2021-12-13
002385,大北农,三级,850142,畜禽饲料,21.0157,2021-12-13
002548,金新农,三级,850142,畜禽饲料,4.3578,2021-12-13
002567,唐人神,三级,850142,畜禽饲料,8.9086,2021-12-13
603363,傲农生物,三级,850142,畜禽饲料,8.2892,2021-12-13
603609,禾丰股份,三级,850142,畜禽饲料,5.3645,2021-12-13
603151,邦基科技,三级,850142,畜禽饲料,2.9563,2022-10-19
001366,播恩集团,三级,850142,畜禽饲料,1.5118,2023-03-07
688156,路德科技,三级,850142,畜禽饲料,3.333,2025-05-13
000876,新希望,三级,850142,畜禽饲料,28.064,2026-07-02
000702,正虹科技,三级,850142,畜禽饲料,2.3398,2021-12-13
603668,天马科技,三级,850143,水产饲料,11.5142,2021-12-13
001313,粤海饲料,三级,850143,水产饲料,4.2679,2022-02-16
002696,百洋股份,三级,850143,水产饲料,3.2555,2022-08-01
002311,海大集团,三级,850143,水产饲料,80.9622,2021-12-13
300673,佩蒂股份,三级,850144,宠物食品,17.6434,2021-12-13
301498,乖宝宠物,三级,850144,宠物食品,39.4335,2023-08-16
002891,中宠股份,三级,850144,宠物食品,42.9229,2021-12-13
300175,朗源股份,三级,850151,果蔬加工,13.2858,2021-12-13
600251,冠农股份,三级,850151,果蔬加工,28.7593,2021-12-13
600962,国投中鲁,三级,850151,果蔬加工,25.8646,2021-12-13
605198,安德利,三级,850151,果蔬加工,20.7243,2021-12-13
000972,中基健康,三级,850151,果蔬加工,11.3658,2021-12-13
000505,京粮控股,三级,850152,粮油加工,6.5158,2021-12-13
002852,道道全,三级,850152,粮油加工,5.1421,2021-12-13
300999,金龙鱼,三级,850152,粮油加工,42.905,2021-12-13
600127,金健米业,三级,850152,粮油加工,28.5236,2021-12-13
603182,嘉华股份,三级,850152,粮油加工,5.5787,2022-09-09
603231,索宝蛋白,三级,850152,粮油加工,5.0403,2023-12-01
000019,深粮控股,三级,850152,粮油加工,6.2942,2021-12-13
000930,中粮科技,三级,850154,其他农产品加工,11.0625,2021-12-13
002286,保龄宝,三级,850154,其他农产品加工,6.2645,2021-12-13
002481,双塔食品,三级,850154,其他农产品加工,7.1336,2021-12-13
003030,祖名股份,三级,850154,其他农产品加工,3.6115,2021-12-13
300138,晨光生物,三级,850154,其他农产品加工,10.1712,2021-12-13
300268,佳沃食品,三级,850154,其他农产品加工,2.8781,2021-12-13
600191,华资实业,三级,850154,其他农产品加工,5.252,2021-12-13
600737,中粮糖业,三级,850154,其他农产品加工,37.7483,2021-12-13
001338,永顺泰,三级,850154,其他农产品加工,5.4537,2022-11-16
002086,东方海洋,三级,850154,其他农产品加工,7.9725,2026-07-02
000911,*ST广糖,三级,850154,其他农产品加工,2.4516,2021-12-13
001201,东瑞股份,三级,850172,生猪养殖,0.9236,2021-12-13
002124,天邦食品,三级,850172,生猪养殖,1.7115,2021-12-13
002157,正邦科技,三级,850172,生猪养殖,9.7302,2021-12-13
002714,牧原股份,三级,850172,生猪养殖,43.0634,2021-12-13
300498,温氏股份,三级,850172,生猪养殖,35.6364,2021-12-13
600975,新五丰,三级,850172,生猪养殖,1.4828,2021-12-13
605296,神农集团,三级,850172,生猪养殖,0.8609,2021-12-13
603477,巨星农牧,三级,850172,生猪养殖,1.7855,2022-01-25
000048,京基智农,三级,850172,生猪养殖,2.0087,2025-08-13
603717,天域生物,三级,850172,生猪养殖,0.5246,2025-08-13
000735,罗牛山,三级,850172,生猪养殖,2.272,2021-12-13
002299,圣农发展,三级,850173,肉鸡养殖,27.1704,2021-12-13
002458,益生股份,三级,850173,肉鸡养殖,22.6161,2021-12-13
002746,仙坛股份,三级,850173,肉鸡养殖,9.4724,2021-12-13
002982,湘佳股份,三级,850173,肉鸡养殖,4.1278,2021-12-13
300761,立华股份,三级,850173,肉鸡养殖,24.0071,2021-12-13
300967,晓鸣股份,三级,850173,肉鸡养殖,3.9263,2021-12-13
301116,益客食品,三级,850173,肉鸡养殖,3.0485,2022-01-18
002234,民和股份,三级,850173,肉鸡养殖,5.631,2021-12-13
300313,天山生物,三级,850174,其他养殖,25.7832,2021-12-13
600965,*ST福成,三级,850174,其他养殖,18.5558,2021-12-13
002321,华英农业,三级,850174,其他养殖,55.6609,2021-12-13
002868,绿康生化,三级,850181,动物保健Ⅲ,5.3128,2021-12-13
300119,瑞普生物,三级,850181,动物保健Ⅲ,14.3965,2021-12-13
300871,回盛生物,三级,850181,动物保健Ⅲ,6.3956,2021-12-13
600195,中牧股份,三级,850181,动物保健Ⅲ,11.0187,2021-12-13
600201,生物股份,三级,850181,动物保健Ⅲ,35.7387,2021-12-13
603566,普莱柯,三级,850181,动物保健Ⅲ,7.5704,2021-12-13
688098,申联生物,三级,850181,动物保健Ⅲ,6.4587,2021-12-13
688526,科前生物,三级,850181,动物保健Ⅲ,5.1209,2021-12-13
002688,金河生物,三级,850181,动物保健Ⅲ,7.9873,2021-12-13
002679,福建金森,二级,801011,林业Ⅱ,4.7863,2021-12-13
600265,*ST景谷,二级,801011,林业Ⅱ,6.3384,2021-12-13
000663,永安林业,二级,801011,林业Ⅱ,7.5946,2022-08-01
000592,平潭发展,二级,801011,林业Ⅱ,81.2805,2021-12-13
000505,京粮控股,二级,801012,农产品加工,2.2831,2021-12-13
000911,*ST广糖,二级,801012,农产品加工,1.163,2021-12-13
000930,中粮科技,二级,801012,农产品加工,5.2481,2021-12-13
000972,中基健康,二级,801012,农产品加工,1.9912,2021-12-13
002286,保龄宝,二级,801012,农产品加工,2.9719,2021-12-13
002481,双塔食品,二级,801012,农产品加工,3.3842,2021-12-13
002852,道道全,二级,801012,农产品加工,1.8017,2021-12-13
003030,祖名股份,二级,801012,农产品加工,1.7133,2021-12-13
300138,晨光生物,二级,801012,农产品加工,4.8253,2021-12-13
300175,朗源股份,二级,801012,农产品加工,2.3276,2021-12-13
300268,佳沃食品,二级,801012,农产品加工,1.3654,2021-12-13
300999,金龙鱼,二级,801012,农产品加工,15.0337,2021-12-13
600127,金健米业,二级,801012,农产品加工,9.9945,2021-12-13
600191,华资实业,二级,801012,农产品加工,2.4916,2021-12-13
600251,冠农股份,二级,801012,农产品加工,5.0385,2021-12-13
600737,中粮糖业,二级,801012,农产品加工,17.9081,2021-12-13
600962,国投中鲁,二级,801012,农产品加工,4.5313,2021-12-13
605198,安德利,二级,801012,农产品加工,3.6308,2021-12-13
603182,嘉华股份,二级,801012,农产品加工,1.9547,2022-09-09
001338,永顺泰,二级,801012,农产品加工,2.5872,2022-11-16
603231,索宝蛋白,二级,801012,农产品加工,1.7661,2023-12-01
002086,东方海洋,二级,801012,农产品加工,3.7822,2026-07-02
000019,深粮控股,二级,801012,农产品加工,2.2054,2021-12-13
002100,天康生物,二级,801014,饲料,6.9974,2021-12-13
002311,海大集团,二级,801014,饲料,31.8407,2021-12-13
002385,大北农,二级,801014,饲料,10.6111,2021-12-13
002548,金新农,二级,801014,饲料,2.2003,2021-12-13
002567,唐人神,二级,801014,饲料,4.498,2021-12-13
002891,中宠股份,二级,801014,饲料,4.3698,2021-12-13
300673,佩蒂股份,二级,801014,饲料,1.7962,2021-12-13
603363,傲农生物,二级,801014,饲料,4.1853,2021-12-13
603609,禾丰股份,二级,801014,饲料,2.7086,2021-12-13
603668,天马科技,二级,801014,饲料,4.5283,2021-12-13
001313,粤海饲料,二级,801014,饲料,1.6784,2022-02-16
002696,百洋股份,二级,801014,饲料,1.2803,2022-08-01
603151,邦基科技,二级,801014,饲料,1.4926,2022-10-19
001366,播恩集团,二级,801014,饲料,0.7633,2023-03-07
301498,乖宝宠物,二级,801014,饲料,4.0146,2023-08-16
688156,路德科技,二级,801014,饲料,1.6829,2025-05-13
000876,新希望,二级,801014,饲料,14.1699,2026-07-02
000702,正虹科技,二级,801014,饲料,1.1814,2021-12-13
002069,獐子岛,二级,801015,渔业,14.124,2021-12-13
300094,国联水产,二级,801015,渔业,21.6649,2021-12-13
600097,开创国际,二级,801015,渔业,11.4955,2021-12-13
600257,大湖股份,二级,801015,渔业,17.6919,2021-12-13
600467,好当家,二级,801015,渔业,20.5628,2021-12-13
000798,中水渔业,二级,801015,渔业,14.4606,2021-12-13
000998,隆平高科,二级,801016,种植业,10.9373,2021-12-13
002041,登海种业,二级,801016,种植业,4.1631,2021-12-13
002772,众兴菌业,二级,801016,种植业,2.8038,2021-12-13
300087,ST荃银,二级,801016,种植业,4.2961,2021-12-13
300189,神农种业,二级,801016,种植业,6.0347,2021-12-13
300511,雪榕生物,二级,801016,种植业,2.1515,2021-12-13
300970,华绿生物,二级,801016,种植业,2.069,2021-12-13
600108,亚盛集团,二级,801016,种植业,7.1939,2021-12-13
600313,农发种业,二级,801016,种植业,5.3958,2021-12-13
600354,敦煌种业,二级,801016,种植业,4.4653,2021-12-13
600359,新农开发,二级,801016,种植业,2.1442,2021-12-13
600371,万向德农,二级,801016,种植业,2.8225,2021-12-13
600540,新赛股份,二级,801016,种植业,2.0135,2021-12-13
600598,北大荒,二级,801016,种植业,9.839,2021-12-13
601118,海南橡胶,二级,801016,种植业,11.7111,2021-12-13
601952,苏垦农发,二级,801016,种植业,4.8168,2021-12-13
603336,宏辉果蔬,二级,801016,种植业,4.3697,2021-12-13
600883,博闻科技,二级,801016,种植业,1.4288,2022-08-01
002215,诺普信,二级,801016,种植业,7.9336,2025-05-13
000713,国投丰乐,二级,801016,种植业,3.4095,2021-12-13
001201,东瑞股份,二级,801017,养殖业,0.8023,2021-12-13
002124,天邦食品,二级,801017,养殖业,1.4868,2021-12-13
002157,正邦科技,二级,801017,养殖业,8.4527,2021-12-13
002234,民和股份,二级,801017,养殖业,0.6398,2021-12-13
002299,圣农发展,二级,801017,养殖业,3.0872,2021-12-13
002321,华英农业,二级,801017,养殖业,0.9831,2021-12-13
002458,益生股份,二级,801017,养殖业,2.5697,2021-12-13
002714,牧原股份,二级,801017,养殖业,37.4097,2021-12-13
002746,仙坛股份,二级,801017,养殖业,1.0763,2021-12-13
002982,湘佳股份,二级,801017,养殖业,0.469,2021-12-13
300313,天山生物,二级,801017,养殖业,0.4553,2021-12-13
300498,温氏股份,二级,801017,养殖业,30.9578,2021-12-13
300761,立华股份,二级,801017,养殖业,2.7278,2021-12-13
300967,晓鸣股份,二级,801017,养殖业,0.4461,2021-12-13
600965,*ST福成,二级,801017,养殖业,0.3277,2021-12-13
600975,新五丰,二级,801017,养殖业,1.2881,2021-12-13
605296,神农集团,二级,801017,养殖业,0.7479,2021-12-13
301116,益客食品,二级,801017,养殖业,0.3463,2022-01-18
603477,巨星农牧,二级,801017,养殖业,1.5511,2022-01-25
000048,京基智农,二级,801017,养殖业,1.745,2025-08-13
603717,天域生物,二级,801017,养殖业,0.4557,2025-08-13
000735,罗牛山,二级,801017,养殖业,1.9737,2021-12-13
002868,绿康生化,二级,801018,动物保健Ⅱ,5.3128,2021-12-13
300119,瑞普生物,二级,801018,动物保健Ⅱ,14.3965,2021-12-13
300871,回盛生物,二级,801018,动物保健Ⅱ,6.3956,2021-12-13
600195,中牧股份,二级,801018,动物保健Ⅱ,11.0187,2021-12-13
600201,生物股份,二级,801018,动物保健Ⅱ,35.7387,2021-12-13
603566,普莱柯,二级,801018,动物保健Ⅱ,7.5704,2021-12-13
688098,申联生物,二级,801018,动物保健Ⅱ,6.4587,2021-12-13
688526,科前生物,二级,801018,动物保健Ⅱ,5.1209,2021-12-13
002688,金河生物,二级,801018,动物保健Ⅱ,7.9873,2021-12-13
300021,大禹节水,二级,801019,农业综合Ⅱ,40.7732,2021-12-13
002556,辉隆股份,二级,801019,农业综合Ⅱ,59.2267,2021-12-13
000505,京粮控股,一级,801010,农林牧渔,0.3236,2021-12-13
000592,平潭发展,一级,801010,农林牧渔,2.3959,2021-12-13
000702,正虹科技,一级,801010,农林牧渔,0.1956,2021-12-13
000713,国投丰乐,一级,801010,农林牧渔,0.4752,2021-12-13
000735,罗牛山,一级,801010,农林牧渔,0.8784,2021-12-13
000798,中水渔业,一级,801010,农林牧渔,0.267,2021-12-13
000911,*ST广糖,一级,801010,农林牧渔,0.1648,2021-12-13
000930,中粮科技,一级,801010,农林牧渔,0.744,2021-12-13
000972,中基健康,一级,801010,农林牧渔,0.2822,2021-12-13
000998,隆平高科,一级,801010,农林牧渔,1.5245,2021-12-13
001201,东瑞股份,一级,801010,农林牧渔,0.3571,2021-12-13
002041,登海种业,一级,801010,农林牧渔,0.5803,2021-12-13
002069,獐子岛,一级,801010,农林牧渔,0.2607,2021-12-13
002100,天康生物,一级,801010,农林牧渔,1.1588,2021-12-13
002124,天邦食品,一级,801010,农林牧渔,0.6617,2021-12-13
002157,正邦科技,一级,801010,农林牧渔,3.762,2021-12-13
002234,民和股份,一级,801010,农林牧渔,0.2847,2021-12-13
002286,保龄宝,一级,801010,农林牧渔,0.4213,2021-12-13
002299,圣农发展,一级,801010,农林牧渔,1.374,2021-12-13
002311,海大集团,一级,801010,农林牧渔,5.2733,2021-12-13
002321,华英农业,一级,801010,农林牧渔,0.4375,2021-12-13
002385,大北农,一级,801010,农林牧渔,1.7573,2021-12-13
002458,益生股份,一级,801010,农林牧渔,1.1437,2021-12-13
002481,双塔食品,一级,801010,农林牧渔,0.4797,2021-12-13
002548,金新农,一级,801010,农林牧渔,0.3644,2021-12-13
002556,辉隆股份,一级,801010,农林牧渔,0.4897,2021-12-13
002567,唐人神,一级,801010,农林牧渔,0.7449,2021-12-13
002679,福建金森,一级,801010,农林牧渔,0.141,2021-12-13
002688,金河生物,一级,801010,农林牧渔,0.4148,2021-12-13
002714,牧原股份,一级,801010,农林牧渔,16.65,2021-12-13
002746,仙坛股份,一级,801010,农林牧渔,0.479,2021-12-13
002772,众兴菌业,一级,801010,农林牧渔,0.3908,2021-12-13
002852,道道全,一级,801010,农林牧渔,0.2554,2021-12-13
002868,绿康生化,一级,801010,农林牧渔,0.2759,2021-12-13
002891,中宠股份,一级,801010,农林牧渔,0.7237,2021-12-13
002982,湘佳股份,一级,801010,农林牧渔,0.2087,2021-12-13
003030,祖名股份,一级,801010,农林牧渔,0.2428,2021-12-13
300021,大禹节水,一级,801010,农林牧渔,0.3371,2021-12-13
300087,ST荃银,一级,801010,农林牧渔,0.5988,2021-12-13
300094,国联水产,一级,801010,农林牧渔,0.4,2021-12-13
300119,瑞普生物,一级,801010,农林牧渔,0.7477,2021-12-13
300138,晨光生物,一级,801010,农林牧渔,0.684,2021-12-13
300175,朗源股份,一级,801010,农林牧渔,0.3299,2021-12-13
300189,神农种业,一级,801010,农林牧渔,0.8411,2021-12-13
300268,佳沃食品,一级,801010,农林牧渔,0.1935,2021-12-13
300313,天山生物,一级,801010,农林牧渔,0.2026,2021-12-13
300498,温氏股份,一级,801010,农林牧渔,13.7784,2021-12-13
300511,雪榕生物,一级,801010,农林牧渔,0.2999,2021-12-13
300673,佩蒂股份,一级,801010,农林牧渔,0.2974,2021-12-13
300761,立华股份,一级,801010,农林牧渔,1.214,2021-12-13
300871,回盛生物,一级,801010,农林牧渔,0.3322,2021-12-13
300967,晓鸣股份,一级,801010,农林牧渔,0.1985,2021-12-13
300970,华绿生物,一级,801010,农林牧渔,0.2884,2021-12-13
300999,金龙鱼,一级,801010,农林牧渔,2.1313,2021-12-13
600097,开创国际,一级,801010,农林牧渔,0.2122,2021-12-13
600108,亚盛集团,一级,801010,农林牧渔,1.0027,2021-12-13
600127,金健米业,一级,801010,农林牧渔,1.4169,2021-12-13
600191,华资实业,一级,801010,农林牧渔,0.3532,2021-12-13
600195,中牧股份,一级,801010,农林牧渔,0.5723,2021-12-13
600201,生物股份,一级,801010,农林牧渔,1.8563,2021-12-13
600251,冠农股份,一级,801010,农林牧渔,0.7143,2021-12-13
600257,大湖股份,一级,801010,农林牧渔,0.3266,2021-12-13
600265,*ST景谷,一级,801010,农林牧渔,0.1868,2021-12-13
600313,农发种业,一级,801010,农林牧渔,0.7521,2021-12-13
600354,敦煌种业,一级,801010,农林牧渔,0.6224,2021-12-13
600359,新农开发,一级,801010,农林牧渔,0.2988,2021-12-13
600371,万向德农,一级,801010,农林牧渔,0.3934,2021-12-13
600467,好当家,一级,801010,农林牧渔,0.3796,2021-12-13
600540,新赛股份,一级,801010,农林牧渔,0.2806,2021-12-13
600598,北大荒,一级,801010,农林牧渔,1.3714,2021-12-13
600737,中粮糖业,一级,801010,农林牧渔,2.5388,2021-12-13
600962,国投中鲁,一级,801010,农林牧渔,0.6424,2021-12-13
600965,*ST福成,一级,801010,农林牧渔,0.1458,2021-12-13
600975,新五丰,一级,801010,农林牧渔,0.5733,2021-12-13
601118,海南橡胶,一级,801010,农林牧渔,1.6324,2021-12-13
601952,苏垦农发,一级,801010,农林牧渔,0.6714,2021-12-13
603336,宏辉果蔬,一级,801010,农林牧渔,0.6091,2021-12-13
603363,傲农生物,一级,801010,农林牧渔,0.6931,2021-12-13
603566,普莱柯,一级,801010,农林牧渔,0.3932,2021-12-13
603609,禾丰股份,一级,801010,农林牧渔,0.4485,2021-12-13
603668,天马科技,一级,801010,农林牧渔,0.7499,2021-12-13
605198,安德利,一级,801010,农林牧渔,0.5147,2021-12-13
605296,神农集团,一级,801010,农林牧渔,0.3328,2021-12-13
688098,申联生物,一级,801010,农林牧渔,0.3354,2021-12-13
688526,科前生物,一级,801010,农林牧渔,0.2659,2021-12-13
301116,益客食品,一级,801010,农林牧渔,0.1541,2022-01-18
603477,巨星农牧,一级,801010,农林牧渔,0.6903,2022-01-25
001313,粤海饲料,一级,801010,农林牧渔,0.2779,2022-02-16
000663,永安林业,一级,801010,农林牧渔,0.2238,2022-08-01
002696,百洋股份,一级,801010,农林牧渔,0.212,2022-08-01
600883,博闻科技,一级,801010,农林牧渔,0.1991,2022-08-01
603182,嘉华股份,一级,801010,农林牧渔,0.2771,2022-09-09
603151,邦基科技,一级,801010,农林牧渔,0.2472,2022-10-19
001338,永顺泰,一级,801010,农林牧渔,0.3667,2022-11-16
001366,播恩集团,一级,801010,农林牧渔,0.1264,2023-03-07
301498,乖宝宠物,一级,801010,农林牧渔,0.6648,2023-08-16
603231,索宝蛋白,一级,801010,农林牧渔,0.2503,2023-12-01
002215,诺普信,一级,801010,农林牧渔,1.1058,2025-05-13
688156,路德科技,一级,801010,农林牧渔,0.2787,2025-05-13
000048,京基智农,一级,801010,农林牧渔,0.7766,2025-08-13
603717,天域生物,一级,801010,农林牧渔,0.2028,2025-08-13
000876,新希望,一级,801010,农林牧渔,2.3467,2026-07-02
002086,东方海洋,一级,801010,农林牧渔,0.5362,2026-07-02
000019,深粮控股,一级,801010,农林牧渔,0.3126,2021-12-13
