代码,品种,大类,主窗口年化波动%,全样本年化波动%,主窗口最高,主窗口最低,主窗口峰谷比,最长历史峰谷比
LH,生猪,养殖,27.1,27.0,28171.1,10420.7,2.7,2.7
CJ,红枣,林果,25.9,23.3,15799.1,8096.5,1.95,2.08
P,棕榈油,压榨链,23.7,22.1,11687.8,6806.9,1.72,2.75
JD,鸡蛋,养殖,22.9,24.2,4831.2,2954.5,1.64,1.85
RM,菜粕,压榨链,22.3,19.1,3949.1,2237.5,1.76,2.11
AP,苹果,林果,20.4,23.5,10178.9,5540.7,1.84,2.16
M,豆粕,压榨链,18.4,18.3,4212.9,2659.0,1.58,1.96
B,豆二,油料,18.1,16.0,5564.7,3370.3,1.65,1.99
OI,菜油,压榨链,17.8,16.9,13595.2,7727.0,1.76,2.44
Y,豆油,压榨链,17.1,16.8,11353.3,7227.6,1.57,2.45
CF,棉花,软商品,17.0,16.5,21507.9,12988.1,1.66,3.19
SP,纸浆,其他,16.7,16.9,7264.1,4727.5,1.54,1.64
WH,强麦,粮食,15.4,11.2,3443.2,2728.7,1.26,2.22
RU,天然橡胶,软商品,15.2,26.2,18193.9,11805.5,1.54,4.12
NR,20号胶,软商品,14.5,16.1,15275.2,9520.6,1.6,2.02
CY,棉纱,软商品,13.9,13.4,29203.6,18987.1,1.54,1.57
RS,油菜籽,油料,12.8,13.5,6735.4,4961.1,1.36,1.84
PK,花生,油料,12.1,12.1,10882.7,7798.5,1.4,1.4
A,豆一,油料,10.1,14.7,6312.7,3851.7,1.64,2.48
CS,玉米淀粉,粮食,9.6,13.3,3382.5,2421.1,1.4,2.02
C,玉米,粮食,9.2,11.0,2975.8,2125.1,1.4,2.58
SR,白糖,软商品,8.7,13.9,6957.0,5205.0,1.34,2.42
RR,粳米,粮食,4.0,4.7,3646.6,3343.6,1.09,1.1
