报告日,货币资金,交易性金融资产,应收票据及应收账款,存货,流动资产合计,固定资产净额,在建工程合计,生产性生物资产,无形资产,商誉,资产总计,短期借款,应付票据及应付账款,合同负债,一年内到期的非流动负债,其他流动负债,流动负债合计,长期借款,应付债券,租赁负债,非流动负债合计,负债合计,归属于母公司股东权益合计,所有者权益(或股东权益)合计
20260630,7963127943.82,16924156.31,2521595796.61,12218314950.26,24467177536.73,45474938483.43,3571102057.97,2218069006.59,1475052411.46,1127461873.92,116947326270.89,11853345484.9,15743405392.15,2147492411.11,8694458215.72,547654891.47,44121924363.37,24832074413.13,9777822304.86,2751359027.23,38559362017.28,82681286380.65,20991335534.02,34266039890.24
20260331,8273594713.38,21931576.64,2009212264.36,11866529573.64,23613780132.68,,3438842526.41,2024147118.18,1473896334.21,1127461873.92,116392802642.03,13709604130.84,13959841396.28,2419304669.05,8340822776.44,887337500.5,44240545154.79,24422791353.51,9706788756.85,2824761093.59,38219854456.32,82460399611.11,21847258958.1,33932403030.92
20251231,8626581608.13,14950972.08,1309733029.39,10092765562.52,21307913315.59,46843954113.4,3200071507.98,2122105471.01,1467106189.79,1127461873.92,114232592818.92,14940098338.48,12213325058.27,2153198586.92,8471651483.55,1061548758.8,43701852554.56,23344470055.85,8631984643.37,2818194244.76,36140695946.54,79842548501.1,22200230306.09,34390044317.82
20250930,7419307702.02,9744084.35,2433351253.34,10488749119.87,22231708361.94,,6556949346.33,2690859883.31,1471042735.82,1127461873.92,116870684279.36,14585742883.22,13158325888.55,1997045508.31,9595597962.2,1029646153.11,45311350110.62,23396456957.19,8571682068.78,2902753274.79,35904617017.53,81215967128.15,25761514415.18,35654717151.21
20250630,7071834192.0,10803652.74,2063609437.0,10202025479.75,21288065864.8,44945768798.14,6747551513.2,2769189211.85,1494454399.12,1127461873.92,116568827157.58,16200229564.18,12281503171.77,2182173478.39,11864183531.29,1053720917.07,48255908226.85,19916701497.02,8011059187.64,2980800966.54,31916398162.73,80172306389.58,25977004053.09,36396520768.0
20250331,8334660357.63,12658222.09,1736117139.46,10641037916.39,22554027344.39,,7747901261.33,3122222935.15,1516069508.39,1127461873.92,117943565394.65,19053637888.37,11059506127.98,1980447141.16,13375040858.78,65287414.83,49918169012.59,19514860012.66,7949794831.34,3003348809.28,31756691169.12,81674860181.71,25730226442.35,36268705212.94
20241231,8699013033.45,4273616.17,1118846365.15,10732155456.76,22305554549.13,43476435665.46,8896445286.64,3330266005.05,1540025403.26,1127461873.92,117913645385.32,17741515610.09,11709501571.06,2029782235.35,10855285683.68,32667937.34,47135063011.94,20763830174.53,8967992637.77,3080565121.54,34233147411.36,81368210423.3,25657330263.7,36545434962.02
20240930,9485066525.82,19616708.25,1789993680.59,9092040752.57,22813359120.06,,13992868542.88,3779117797.97,1569065168.54,1129656225.53,119956920805.01,19158633970.81,12999385851.11,1831921600.0,8641072469.04,38949489.06,47359008731.08,23514242434.11,8976356628.22,3667403127.25,37630629636.34,84989638367.42,24312555824.89,34967282437.59
20240630,10807791281.28,35656391.67,1774444838.2,10334918293.09,26555613325.58,38865634015.45,15107137642.23,3809248341.5,1550293717.05,1129656225.53,123967335246.49,19649894189.19,15666532700.13,1812051902.32,9398974328.91,49304874.08,52413941302.93,24753181636.86,8381522037.67,3358805604.84,38068875126.18,90482816429.11,23064118159.48,33484518817.38
20240331,10936714119.44,11054284.53,2140074799.35,11525138276.06,28465658138.36,,17845296204.26,4246548238.99,1552428958.44,1129656225.53,126786861319.52,18867397233.37,16073379368.66,2956626505.9,8647261869.49,32742243.88,53707594763.36,26464650532.9,8508585380.02,3948045317.75,40148053663.11,93855648426.47,22485999574.8,32931212893.05
20231231,10849989539.28,8287174.68,2117483538.3,13315721502.38,31142146386.42,35867723450.67,18091017337.34,5050240386.9,1572848924.44,1129656225.53,129610605533.07,14494123699.71,16631692313.42,2492419467.25,11862736034.23,27523231.36,55110465424.83,25634037274.46,8406540533.43,3567691193.9,38569763820.39,93680229245.22,24776054606.4,35930376287.85
20230930,11596575530.07,45494111.35,2382413275.51,15184688206.02,32669857905.23,,20866762013.89,6362259845.1,1880433943.64,1209971223.09,133316384166.68,16456195696.79,17372949608.51,2068642524.27,15098332176.83,93183915.07,57761372579.44,25438259769.16,8395219206.44,4328545200.21,39236071335.46,96997443914.9,24396122756.03,36318940251.78
20230630,11150787210.19,77510307.04,2275536742.55,16789490600.65,33026179748.92,36694212664.22,20275114273.59,6991181620.46,1914253585.93,1209971223.09,135130799934.87,17997266231.04,14842822329.53,2249428800.69,15852231994.75,84528612.88,57260658708.78,25939596845.54,8294744826.71,4446693733.14,39755005591.88,97015664300.66,25292225827.74,38115135634.21
20230331,10315660999.04,137865834.96,2139812082.79,16929181429.82,33457155918.43,,20588739823.12,7180981397.26,1887330821.37,1209971223.09,134777876850.78,17426041631.98,12381005604.05,2333587850.54,12386075819.78,67151786.55,50430981741.97,28874374237.99,10191727169.26,4507750886.17,44447766230.47,94878747972.44,26737625965.71,39899128878.34
20221231,11512430182.35,148914177.97,1364623259.45,17901083522.59,35549291516.96,35683327341.71,20157929735.51,7576647898.07,1864075069.22,1209971223.09,136679953606.42,13359392691.44,14297609782.68,2173108069.79,13659393321.4,59634114.69,49767986041.93,27527873389.95,10095505490.77,4719055556.37,43196993874.96,92964979916.89,29243806077.08,43714973689.53
20220930,11771799884.79,108667019.46,1851004084.9,16108595339.66,34223261271.15,,21047229004.44,8049860944.19,1894865834.2,1209971223.09,133893550260.8,17264031961.68,10777663408.34,2540047085.02,11450309654.14,55151282.84,47711524973.21,30323589930.36,10005550046.79,4781672467.23,45825735045.09,93537260018.3,27867457748.47,40356290242.5
20220630,12273198570.83,86905786.55,1654564852.28,16997518073.6,35019716983.8,34510941192.04,20884968295.81,8203829483.4,1857585269.4,1209971223.09,135208718542.48,19831059413.76,11702368455.13,2184511867.85,9972561094.46,52414222.33,48826886929.12,32462482761.69,9914461559.43,4785155549.05,47837079829.93,96663966759.05,26720007769.37,38544751783.43
20220331,13947173917.88,58278285.71,1796665202.46,16776657477.84,36181882490.47,,21221064228.55,8568014394.24,1864873675.52,1209971223.09,136788881454.86,18129416016.87,11324412589.74,2341066209.53,5783421131.59,55852177.57,42209796786.43,34117966398.31,11824526842.73,4825617048.56,51400922769.73,93610719556.16,31980509869.16,43178161898.7
20211231,14869080902.03,20535939.74,1156293800.59,15925570801.61,34820201988.99,33736433722.76,19344065958.39,8911758423.93,1859242298.83,1209971223.09,132734202340.59,15159358595.63,9585839603.1,2169267637.22,5066841059.68,56872505.55,36889810420.34,32712427058.77,11334700479.8,4714341705.25,49364748142.9,86254558563.24,33538553819.74,46479643777.35
20210930,12702400693.04,37606810.94,1741422207.29,16344646655.69,33945320700.57,,19514733274.24,9620051170.46,1809953891.18,1234756072.93,131360170255.87,20151694850.41,8937975479.69,2227994161.96,3852937685.6,77188637.15,40227810092.26,34113375710.2,4835574580.18,5448590904.61,44933582011.97,85161392104.23,34548508458.25,46198778151.64
20210630,11674800886.3,22076125.34,1568075143.71,19654525975.42,38451094056.38,32536857553.91,15962053442.98,9722917996.68,1741773293.45,1234756072.93,132387884782.28,19010984011.32,9861661718.61,2248863709.87,4163885409.75,60529747.86,40581103841.76,32294983344.43,4824241306.54,5113375251.89,42733805993.66,83314909835.42,37195108119.35,49072974946.86
20210331,11674886362.55,13679832.02,1393963535.09,20120400592.39,38758231139.81,,14160375441.03,11005747042.65,1547206342.42,1234756072.93,129365488837.4,17581906199.93,9980313261.3,2346808977.06,2361570035.04,,37708181164.79,30622767337.68,4809652863.6,4719839681.22,40633017985.74,78341199150.53,39128677375.28,51024289686.87
20201231,8799264356.2,2196760.08,890456970.83,15649735402.26,29053741627.08,28860864031.09,11006466489.26,11797596610.49,1552519664.88,1234756072.93,109443465562.15,10399072204.6,10099573653.67,2285698452.3,2051926912.84,1040287446.72,31918256638.16,22901808635.67,2808543708.55,,26154256923.75,58072513561.91,39846334135.68,51370952000.24
20200930,10383269864.3,32055964.28,1222511239.15,18069351724.08,32811925269.09,,9671602725.91,11004799603.95,1547261263.43,1234756072.93,104737255829.18,16111775598.99,8737065033.45,2121890218.84,1380453070.93,999550000.0,36879868280.7,20131791063.38,3499499162.99,,24064913934.0,60944782214.7,36585027320.87,43792473614.48
20200630,10136302285.94,5420609.76,1097377695.65,15039010762.71,28830842008.81,19736727638.75,5652829977.26,7950854233.41,1510845508.05,1234756072.93,91293152010.34,15736033772.55,7755131889.78,1730365985.17,863848770.6,999250000.0,33419014611.51,14724197365.12,5247722837.15,,20402366303.15,53821380914.66,29818996048.38,37471771095.68
20200331,10409617907.68,6101856.18,1272740671.56,12385669357.65,25497237101.43,,4785657998.93,3903171431.7,1404279794.59,1234756072.93,77788547658.22,13943238862.9,6214004531.49,1778011639.25,451628874.91,,27518165824.7,8984079309.56,5216359291.88,,14623042530.4,42141208355.1,28509440810.68,35647339303.12
20191231,5777179578.87,4594255.65,958141417.72,9307812126.89,17178552679.58,13821369956.62,4745959274.86,2510633170.64,1388930702.26,1234756072.93,64217666883.55,13620562405.56,5512731289.21,,850351706.57,0.0,26195904713.44,4954486449.54,,,5371896649.86,31567801363.3,26061689948.56,32649865520.25
20190930,5674205840.72,10550526.93,1200913293.29,7822578377.16,16384277367.87,,4135094001.62,986434107.73,1390077739.37,889142533.81,57511027877.99,13748767046.41,4434998994.17,,509277467.49,,23906447918.29,2766945752.0,,,3194439350.02,27100887268.31,24073411691.38,30410140609.68
20190630,3718643173.54,12171532.72,1163526478.88,7157365861.04,14053631599.14,9936411934.2,3366184524.49,592324808.71,1373355117.94,865222411.84,51930282600.6,9219125416.17,4487355047.2,,2508169924.03,10000000.0,21227720879.12,1551822927.0,,,1970727954.96,23198448834.08,22575892240.78,28731833766.52
20190331,3556467666.87,7207513.97,957290001.36,5715271939.51,11460550283.74,,2606223546.46,464716077.93,1373437500.29,865247516.34,47953043461.88,7519354742.04,3880358836.42,,2002817361.41,10000000.0,17652419594.32,2056165815.2,,,2478980374.94,20131399969.26,21846866403.36,27821643492.62
20181231,5450870659.26,5121911.72,631689339.61,5394870914.2,13590595221.18,8714878121.27,2561597811.79,518442473.72,1390737738.29,865474034.36,47943788133.54,8271337901.04,4300927958.83,,2003566736.95,10000000.0,18361391269.62,1823288622.8,,,2246650318.55,20608041588.17,21575123234.66,27335746545.37
20180930,4858037366.31,7283892.28,976375864.43,5074369526.08,12853406636.16,8244016998.5,2381282698.51,529761912.25,1377316002.9,877534022.09,46990809274.51,8318260855.26,3694790788.09,,28996895.88,,15747011749.0,1738254261.47,1996699468.98,,4055868673.45,19802880422.45,21344277618.76,27187928852.06
20180630,5077539893.02,8208868.09,780930079.93,5016478533.79,12935466721.93,8357795117.73,1769808022.26,528388069.7,1385005978.15,883597563.83,46147843699.92,7916091108.66,3383944145.82,,42889668.32,,16092432305.67,1220385792.4,1995888320.01,,3543917521.0,19636349826.67,20733789424.01,26511493873.25
20180331,4156010565.51,7473120.29,813584793.69,5176945969.65,12582234135.19,8057980994.37,1372153100.81,483294853.7,1384124352.85,883597563.83,45001157943.68,7321254301.55,2988272674.17,,165900644.42,,14651988594.31,906537932.55,1995058942.98,,3219976922.89,17871965517.2,21491829340.71,27129192426.48
20171231,3070521265.39,5525578.31,558632435.33,5111365550.39,11066588610.97,8119734243.78,1183498140.5,478445095.66,1395527047.58,883597563.83,42451633023.98,6130678336.62,3326458699.42,,182600269.79,,13281674317.16,616535863.4,1997438679.99,,2935258309.09,16216932626.25,20832404176.34,26234700397.73
20170930,2356819655.47,6474545.77,925766830.52,4561058772.64,10019459911.82,7955616050.06,1163731654.25,515742323.98,1268164027.35,935140418.9,40802544677.09,4746709061.97,3399474539.46,,147463266.05,,11664230386.1,671298068.89,1996572846.84,,3003031137.77,14667261523.87,20606926275.43,26135283153.22
20170630,4585527883.69,3601434.87,835931202.26,4245668652.1,12001929744.03,7898561133.32,1108828337.14,517244534.88,1234376796.28,935140418.9,42345596542.12,5399483257.96,2850702792.76,,97579471.96,,12104577199.75,596692294.5,1995762684.81,,2922957978.15,15027535177.9,21976798662.82,27318061364.22
20170331,3220329457.03,6503925.14,741624843.08,4350837728.41,10293101442.56,7768515305.2,1078625551.04,533140908.15,1240852205.82,935140418.9,40125079638.87,3245093377.86,2586710627.72,,793273728.1,,10070813848.68,847206940.5,1994934316.88,,3185911036.8,13256724885.48,21529446050.7,26868354753.39
20161231,3134101696.66,10820007.38,533861673.93,4281734018.54,9176973083.51,7494303778.03,846492609.03,462238665.42,1232331486.52,602697817.03,37385039593.82,2081103417.92,2984442097.83,,708708263.83,,8756096352.76,846446878.0,1997315051.9,,3079866770.5,11835963123.26,20515428379.29,25549076470.56
20160930,3817507378.11,5470573.75,790951173.81,3432875438.32,9634362694.95,7212567617.18,893241714.01,412567857.97,1117981067.69,680163868.64,37130512977.13,2741573563.02,2489605835.0,,11382120.44,,8261991860.32,1222940410.8,2000000000.0,,3444622741.05,11706614601.37,20220693944.34,25423898375.76
20160630,3012895255.43,39047586.47,660156765.1,3667649458.23,10044050115.1,7010973600.16,803737983.01,364304631.95,1068314993.61,524677017.63,36671467460.27,4641741549.59,2363251671.08,,674137112.64,800000000.0,11682697451.94,153708139.8,,,367070886.29,12049768338.23,19543439499.35,24621699122.04
20160331,4206355206.58,46689710.74,633647609.51,2995182140.72,10375038586.01,6780931223.75,825666904.04,326439112.34,1048874996.39,524677017.63,36186409306.69,4866376365.54,1724889189.16,,11563626.46,800000000.0,10281888873.63,775344000.0,,,988702197.52,11270591071.15,19883417016.55,24915818235.54
20151231,3726966843.77,26813109.6,403017151.25,3320324773.36,9903054993.05,6737660797.37,859359390.66,327396854.99,1049186118.15,524677017.63,35217076473.39,4953165675.39,1725496194.12,,11202110.14,800000000.0,10083188801.97,779232000.0,,,997843919.49,11081032721.46,19266616627.49,24136043751.93
20150930,4463843296.96,42318731.13,644826127.49,3507841670.46,11901442214.13,6476297203.91,872198940.97,325821553.61,1028955598.54,529696520.33,35677479017.96,4687983579.22,2342438627.91,,414027542.35,1000000000.0,11026333023.54,763356000.0,,,949064882.94,11975397906.48,18807146163.49,23702081111.48
20150630,3610887850.26,27674877.98,689479639.18,4165525829.33,10063906700.54,6373778320.07,881257244.54,362364406.16,976219006.39,529696520.33,34092899348.99,3696456250.58,2431374584.06,,515461976.53,200000000.0,9742272282.48,748916000.0,,,923847718.72,10666120001.2,18742063003.53,23426779347.79
20150331,3075610611.73,26991004.14,648573455.82,4273360625.87,10590947431.18,6333480101.72,891944630.01,348347614.95,967868413.82,529696520.33,33801750980.0,4848382907.91,1935100852.47,,306445925.4,200000000.0,9983395569.91,1039575500.0,,,1208079145.3,11191474715.21,18122301794.86,22610276264.79
20141231,3295695731.46,58116123.26,496154897.39,4613583760.19,10808278789.3,6317982731.03,874890249.27,358091052.76,937933201.48,529696520.33,33401185638.56,5140555222.16,2237302265.52,,306746050.52,200000000.0,10298983216.3,1037197500.0,,,1213215266.22,11512198482.52,17597768325.18,21888987156.04
20140930,3503994756.91,460028372.21,873559382.12,4404133290.69,12874925135.93,5902197431.7,741842992.52,355298164.89,886494890.39,524934296.23,33743254844.42,6144452311.89,2489639189.65,,1106870214.45,,11389278577.5,794531250.0,,,978366851.92,12367645429.42,17159677907.01,21375609415.0
20140630,3606644666.55,100201789.99,940232522.94,4572542792.68,11239381912.91,5792221378.43,799387242.77,360583626.46,867787711.51,524934296.23,31472197700.46,6834630221.9,2357149712.91,,1084384554.39,1000000000.0,13117288940.73,648438000.0,,,834354219.63,13951643160.36,13556945953.13,17520554540.1
20140331,2970625380.83,160704473.26,786669529.54,4253917219.38,9600027180.83,5746327121.53,601006155.19,342842623.04,839920702.41,524703820.59,29011089582.59,5241869866.91,2198061449.69,,891110542.34,1000000000.0,10939955681.04,725380250.0,,,910151201.29,11850106882.33,13284845016.81,17160982700.26
20131231,3130557615.16,277798029.97,560533409.99,4535177551.84,10715853861.52,5609113839.7,697018064.42,343700973.47,819183832.28,524677017.63,30124254175.04,6092127921.41,2559192952.02,,892229130.29,1000000000.0,12843189103.12,325242250.0,,,515251146.62,13358440249.74,13020951812.29,16765813925.3
20130930,2967354066.15,898500986.55,892139570.14,3863652401.93,10788945586.4,5237372039.82,585724610.11,367450958.83,781537550.06,522718923.83,28600698446.85,5920541125.75,2653393776.02,,88000000.0,1000000000.0,11251647708.06,312000000.0,800000000.0,,1284475494.67,12536123202.73,12435265212.42,16064575244.12
20130630,2249624175.5,33132481.52,876832055.72,4271393253.79,9798707316.14,5083665863.06,608543489.6,367377003.2,747437219.22,522718923.83,28072207157.67,6449943602.45,2417417793.36,,,500000000.0,11327015058.0,291000000.0,800000000.0,,1265086985.67,12592102043.67,11980515781.24,15480105114.0
20130331,3071806921.2,35209338.12,717081836.24,4402594471.48,9502147220.6,4838556648.27,660957172.77,355465812.5,709168730.53,522718923.83,27555628693.04,6546118694.68,2229038076.67,,159859450.65,500000000.0,11179075328.48,91000000.0,800000000.0,,1016992855.05,12196068183.53,11891771726.91,15359560509.51
20121231,2982175194.4,25510338.12,610654349.89,4072399321.51,8683015939.7,4743146289.25,706482069.27,324927013.5,710642234.49,519183474.08,24698800767.95,4382443902.49,2083036548.17,,409736759.22,500000000.0,9204060764.95,92000000.0,800000000.0,,1007445878.26,10211506643.21,11243053246.04,14487294124.74
20120930,2692587721.05,84545778.76,770398763.47,4707506356.7,9606615118.62,4239718638.31,639393138.1,334451823.74,614381766.88,516889275.92,24520222966.16,4298326328.81,2702687384.38,,600715430.48,500000000.0,9360351826.77,92000000.0,800000000.0,,988409019.02,10348760845.79,11020045522.19,14171462120.37
20120630,2834013405.02,25331603.18,740751966.19,4670961762.83,9475322635.59,4115167587.43,541234588.43,354085045.31,587726454.59,516889275.92,23946636720.16,4058047447.84,2249714143.2,,1129078573.96,,9126933997.87,12000000.0,800000000.0,,912736674.18,10039670672.05,10872685778.58,13906966048.11
20120331,2484464926.54,23169696.94,698526399.79,4090119347.99,8255907252.04,3955756423.93,570561929.68,331106614.23,555940695.67,517515891.26,21962665684.36,2515437151.28,1805356831.26,,855999999.99,500000000.0,7564626075.21,380171494.8,800000000.0,,1261234101.28,8825860176.49,10145230967.54,13136805507.87
20111231,2143700833.96,24610253.61,698045928.36,4536702883.22,8416675807.05,3954030708.76,554254265.79,338851727.52,587412166.25,517515891.26,21689512802.97,2262441942.7,2338202080.36,,1009999999.99,500000000.0,7863578427.11,580714630.41,800000000.0,,1457693003.91,9321271431.02,9585088625.61,12368241371.95
20110930,1096247877.7,27377007.19,328332331.63,664413896.19,2335561250.76,1380894418.14,158384340.28,95313139.66,219018114.35,160583270.36,11076956792.81,1312025632.35,481723703.92,,116635000.0,,2597953839.96,1432728775.47,800000000.0,,2296517105.13,4894470945.09,4744390653.37,6182485847.72
20110630,993763682.68,31645192.75,313134218.25,1028202088.67,2623529319.96,1459792453.05,128622931.04,105452352.8,213669615.56,160583270.36,11087916116.45,1301735276.86,459131207.08,,216635000.0,,2931878919.02,1459953701.16,800000000.0,,2322488357.16,5254367276.18,4385626543.78,5833548840.27
20110331,488459142.56,42252065.41,247581589.04,989481363.17,2046785585.81,1444573682.97,93832348.83,104064305.95,202412708.71,160583270.36,10202277309.57,1083035202.57,447311491.77,,1635000.0,,2416824640.31,1448999999.99,800000000.0,,2308370530.94,4725195171.25,4092094973.27,5477082138.32
20101231,1670235147.11,20304629.01,525692548.41,3922174658.1,7204031075.56,3923557507.52,435004192.36,300032535.71,578158893.87,572387672.37,19084446603.79,2667519061.17,1950917718.47,,101635000.0,,6913445177.79,1492000000.0,800000000.0,,2374517381.09,9287962558.88,7496622921.99,9796484044.91
20100930,763459071.9,33382030.01,219398230.65,756728482.85,1916556378.77,1388087813.86,92066018.64,93934781.56,197543082.86,160868510.19,9400359942.13,863000000.0,338584179.15,,3270000.0,,2251306231.73,1272000000.0,800000000.0,,2113521381.5,4364827613.23,3768738783.76,5035532328.9
20100630,694776834.56,38241826.79,194678942.38,879210262.41,1990500254.88,1399754342.78,29737033.15,92931386.14,202392133.96,160583270.36,9247990029.45,943000000.0,313167478.46,,3270000.0,,1737227216.96,1680000000.0,800000000.0,,2521951388.25,4259178605.21,3715092686.05,4988811424.24
20100331,815012205.98,14162256.21,155331665.58,783839449.08,1935362434.46,1387421858.61,37789924.7,93631135.46,187663787.2,160583270.36,8956004466.15,1054911949.88,304408950.33,,3270000.0,,1740929792.14,1580000000.0,800000000.0,,2419841212.49,4160771004.63,3586599945.84,4795233461.52
20091231,640591578.93,53121101.93,108566676.09,716658907.23,1667176736.74,1374941738.72,51562410.68,83654438.69,194598355.62,160583270.36,8456506040.43,1109074938.58,274155198.28,,3270000.0,,1794325784.5,1200000000.0,800000000.0,,2037665219.89,3831991004.39,3462559624.01,4624515036.04
20090930,1011749485.77,13123762.84,162847808.08,682054447.14,2047069982.13,1400413269.52,55166071.86,72418202.82,195364340.3,161675321.31,7966557326.83,2423393226.7,324229964.33,,,,3185255549.16,1003270000.0,,,1037301603.42,4222557152.58,2901841947.17,3744000174.25
20090630,597790628.34,14648531.77,154495358.11,698565440.85,1606054315.46,1415547655.56,39165019.84,70741050.99,196466462.39,161675321.31,7356900619.08,2477581532.97,417661268.18,,24000000.0,,3376072525.53,310270000.0,,,343899802.75,3719972328.28,2794978240.68,3636928290.8
20090331,728310601.93,8711840.0,131349532.6,671851017.48,1755726826.7,1368334545.36,65719656.37,67968282.45,197807807.46,161675321.31,7444446902.05,2620335412.05,370004614.48,,59000000.0,,3524390455.9,310270000.0,,,340870098.04,3865260553.94,2738309148.33,3579186348.11
20081231,552820357.69,7127240.0,111328784.33,659592321.55,1492462782.36,1392073551.4,62929699.94,63435898.75,199718373.15,161675321.31,7025450151.99,2532088893.7,275356154.9,,134000000.0,,3350795470.88,130270000.0,,,158798214.54,3509593685.42,2669704947.7,3515856466.57
20080930,912654072.85,11037995.4,172552538.67,779194953.72,2093774444.13,1378505314.64,58815543.86,58058794.44,196207636.73,176001495.45,7796677443.13,2003638603.39,436229251.85,,112000000.0,,3876337874.35,167270000.0,,,195564621.91,4071902496.26,2830785425.6,3724774946.87
20080630,1057143826.53,18657127.2,146768819.73,797110645.09,2279077912.77,1315085023.47,86364878.39,53790787.11,167548564.96,176001495.45,7769724458.88,2083801949.29,455430726.98,,102000000.0,,3951315651.72,185270000.0,,,200728022.17,4152043673.89,2745186453.52,3617680784.99
20080331,670689920.37,26957218.89,133127288.3,798850139.09,1849677673.69,1182578226.18,141107922.73,52620205.37,168166557.96,176001495.45,6971709063.93,1817985166.48,303331684.98,,113000000.0,,3432133531.16,193270000.0,,,209280065.9,3641413597.06,2526864912.81,3330295466.87
20071231,614142537.15,39250065.23,112040155.54,680552455.44,1679327019.2,1191441513.08,138618026.77,51555065.3,166703328.12,176001495.45,6876684815.24,1589126955.75,278835009.49,,101000000.0,,3199127867.26,213270000.0,,,229016524.97,3428144392.23,2618549883.39,3448540423.01
20070930,488589940.53,11536863.8,115191493.99,467654944.28,1301373700.58,1085775797.81,215587001.98,49194599.87,185528063.87,129129968.04,6040443313.74,1922130564.78,194018568.45,,11000000.0,,2567918950.2,404270000.0,,,417270228.43,2985189178.63,2346538719.86,3055254135.11
20070630,630060016.06,95183790.52,104642752.78,414881678.89,1487583071.25,1039662372.96,206375575.21,50845273.51,180175276.36,129129968.04,6136906676.41,1808800000.0,435467637.84,,20000000.0,,2800767765.97,380270000.0,,,394192870.77,3194960636.74,2225978069.73,2941946039.67
20070331,1112646409.69,4653485.99,109024791.88,522322061.31,2028095454.54,934407878.87,231613214.85,45407817.32,144969423.7,100849740.79,5308262288.03,744500000.0,515140538.44,,101500000.0,,2190131809.47,347460059.32,,,354185054.81,2544316864.28,2027053438.8,2763945423.75
20061231,501337853.93,4348720.64,112637770.08,445388958.35,1240846382.04,938830737.03,178654731.69,41875755.51,146112552.24,151403932.71,4499512471.88,289000000.0,211701628.73,,91500000.0,,1403604408.39,347852007.99,,,352497422.83,1756101831.22,2033944681.71,2743410640.66
20060930,503061149.12,291224646.79,111091389.95,451417815.89,1537163158.3,1013400114.3,294201785.16,,126735933.04,,4443189724.88,402700000.0,273201615.33,,,,1479223992.49,333832002.59,,,348990667.24,1828214659.73,1909639676.25,2614975065.15
20060630,1061174240.37,156164402.21,102067094.68,395607352.71,1846712239.1,1015731095.4,202210460.84,,122447727.11,,4590418969.28,708500000.0,206371395.74,,,,1689424951.65,339396033.47,,,344565932.25,2033990883.9,1876866833.69,2556428085.38
20060331,505892696.54,164213407.55,103357788.08,376621606.95,1288559095.3,1038090272.97,117875889.72,,132766831.46,,3950907869.15,701100000.0,231358827.22,,,,1145980916.95,311201414.46,,,313670973.24,1459651890.19,1823349420.48,2491255978.96
20051231,504981233.6,135141191.69,101295132.17,360176665.58,1231853347.78,1060228059.72,83100282.71,,118812495.51,,3840094774.08,673167261.9,273652833.43,,,,1186204164.75,237624130.6,,,240619598.74,1426823763.49,1771369555.68,2413271010.59
20050930,443510682.89,195401471.09,129267196.1,348803707.75,1208017970.73,950931640.47,169452954.97,,124055241.5,,3739731346.64,638590476.19,305742647.42,,,,1176930858.38,232746608.52,,,236648066.4,1413578924.78,1702188377.36,2326152421.86
20050630,528858478.89,208430718.42,125954012.22,339256013.88,1291154356.45,975139918.58,150745569.05,,121241328.86,,3771182095.96,704409765.0,350780269.38,,2000000.0,,1265289341.48,234439453.21,,,240434287.39,1505723628.87,1661201745.47,2265458467.09
20050331,,,,,,,,,,,3841655737.56,,,,,,,,,,,,1629376234.99,1629376234.99
20041231,581109998.91,178504235.97,112119441.58,310963413.48,1326748209.69,1015019308.84,84020944.53,,139860142.36,,3745565191.98,780035714.29,411401739.03,,,,1397044806.68,185983564.99,,,192364502.21,1589409308.89,1581181755.94,2156155883.09
20040930,486456325.28,162934738.66,127313206.03,315125465.77,1268466650.84,888082472.62,199854992.74,,145096689.26,,3674606136.95,849022586.23,313348315.52,,,,1357424820.33,192662042.73,,,201504711.38,1558929531.71,1570811882.37,2115676605.24
20040630,433675120.75,164731575.97,132641273.09,303386957.39,1150376618.78,901180668.66,177248887.24,,144760058.7,,3507691301.66,835022586.23,278433917.73,,,,1253558485.94,196346689.64,,,206965304.35,1460523790.29,1529314492.02,2047167511.37
20040331,483142190.09,140690719.57,119731540.95,321057506.42,1296008444.47,947283414.2,104283132.27,,143685971.54,,3566548360.34,854706265.66,268466295.96,,,,1353926180.96,168391092.46,,,191256583.5,1545182764.46,1479062866.27,2021365595.88
20031231,473589080.61,110930719.57,104410209.34,304620800.6,1156281051.49,914694023.71,50820415.92,,136923287.3,,3236111660.61,798795739.35,257854444.29,,,,1222785364.32,164706445.55,,,174559765.6,1397345129.92,1381196519.94,1838766530.69
20030930,497607577.25,114764546.87,123991913.14,249600896.41,1120198323.61,601234351.25,314590469.92,,161587298.62,,3048830541.01,776922200.71,173165523.48,,10000000.0,,1185227940.48,174886108.84,,,185926339.22,1371154279.7,1255257210.84,1677676261.31
20030630,486985050.54,50043046.87,124424972.03,246650736.83,991044894.81,562479660.65,334135661.63,,164899740.74,,2866227669.04,691073973.0,170678346.39,,10000000.0,,1050371691.48,175886108.84,,,186039113.72,1236410805.2,1209384198.95,1629816863.84
20030331,568131036.6,848160.0,95826834.36,203166130.5,963580023.9,537517003.23,301307199.3,,122560804.26,,2713011219.54,439417768.2,330538750.36,,,,939556817.14,194730948.23,,,202471911.23,1142028728.37,1171840884.98,1570982491.17
20021231,444168988.89,848160.0,50369490.62,138207678.49,674758471.18,426376011.33,262692950.17,,104500033.81,,2308534859.94,409213821.55,248555332.78,,,,782509422.94,147597800.0,,,156886849.16,939396272.1,1162683178.67,1369138587.84
20020930,431314245.62,959760.0,54285907.89,150426642.31,708898500.1,372108709.7,161054822.27,,109261170.37,,2044344759.35,381367057.52,93729202.0,,,,576706048.94,152496099.29,,,164277122.29,740983171.23,1106113759.66,1303361588.12
20020630,260637686.55,1088100.0,25909865.86,118514020.86,446035253.46,262335542.79,130012298.38,,101899759.92,,1522135244.54,72493084.52,51171973.17,,31340000.0,,228403830.09,74414800.0,,,76164800.0,304568630.09,1072947777.95,1217566614.45
20020331,246783919.75,895590.0,28599506.03,104542331.16,446942546.63,210360039.59,110446245.13,,84877395.99,,1454140166.42,35340000.0,54731330.47,,31340000.0,,200137941.36,100414800.0,,,102644800.0,302782741.36,1047398515.18,1151357425.06
20011231,318473796.68,962550.0,15463385.75,81953247.31,447256493.29,184773006.4,82712214.17,,85454588.06,,1410565058.59,89814928.65,41379559.27,,31340000.0,,210137911.48,66214800.0,,,68444800.0,278582711.48,1030501436.54,1131982347.11
20010630,224050289.07,,40022484.92,65653607.9,396024877.16,181388847.62,67533851.47,,73122339.09,,1285690397.37,6642917.64,40604458.93,,5840000.0,,89477264.2,26038610.0,,,27768610.0,117245874.2,1065742510.31,1168444523.17
20001231,79815837.11,,22418406.93,84441179.75,260205219.0,188895725.39,37723832.47,,63872754.76,,1076049572.05,56728538.81,56551525.0,,600000.0,,141878827.88,5840000.0,,,8570000.0,150448827.88,856665373.09,925600744.17
20000630,93417982.73,,22848702.0,86776505.83,377643356.68,119288465.66,42378316.78,,47790185.48,,836636582.25,161794708.7,39521997.68,,,,253860984.6,6440000.0,,,8170000.0,262030984.6,548385964.13,574605597.65
19991231,149377628.01,,25288998.97,104375147.27,305937999.19,114608738.13,43498188.57,,36799673.7,,678339721.23,7318752.7,73899568.11,,,,134220953.5,7640000.0,,,10370000.0,144590953.5,511508697.73,533748767.73
19990630,226899055.98,2000000.0,20425800.99,56817821.51,321912900.18,93608245.6,14903757.2,,34970680.87,,569638124.07,19636252.7,25374051.68,,,,82580843.35,450000.0,,,730000.0,83310843.35,474339225.03,486327280.72
19981231,218468978.58,2000000.0,1567793.55,69401652.22,314541149.64,48725169.34,19725396.76,,18381594.73,,497196849.22,,15223807.4,,,,38463285.26,,,,0.0,38463285.26,454623108.83,458733563.96
19980630,295030844.94,,2317891.17,29447737.26,390246565.07,49695384.0,810654.89,,15359542.76,,459903543.19,,9511371.1,,,,29685903.29,,,,0.0,29685903.29,427217639.9,430217639.9
19971231,39531066.06,,3521307.64,42204864.92,90657089.02,47995938.57,1699085.78,,12588618.97,,159658431.62,7730000.0,4966310.48,,,,29794555.81,,250000.0,,250000.0,30044555.81,129613875.81,129613875.81
19970630,13068476.64,,16222805.94,30523952.14,87743460.83,49515802.85,128462.55,,12729322.39,,156997987.44,2830000.0,4983888.78,,,,14663041.01,,,,15050000.0,29713041.01,127284946.43,127284946.43
19961231,10589621.14,,848879.35,38581197.22,80857659.32,50996795.45,72720.97,,12858523.12,,151850842.56,8380000.0,8815850.15,,,,36778417.05,,,,15050000.0,51828417.05,100022425.51,100022425.51
19951231,12170836.08,,1821099.62,38576644.66,75106232.17,42387004.66,1104289.62,,12422415.0,,137679101.61,19070000.0,17181835.49,,,,40166944.99,,,,35512146.71,75679091.7,62000009.91,62000009.91
19941231,5982478.99,,546595.57,15887620.45,23975294.37,24309157.01,4756919.9,,12677215.0,,72168778.59,500000.0,3267371.59,,,,10816964.26,,,,11261377.98,22078342.24,50090436.35,50090436.35
