date,open,high,low,close,volume,amount,outstanding_share,turnover
2022-11-16,8.18,9.82,8.18,9.82,4405880.0,43130568.0,125432708.0,0.03512544750289534
2022-11-17,10.8,10.8,10.8,10.8,639663.0,6908360.0,125432708.0,0.005099650722680722
2022-11-18,11.88,11.88,11.88,11.88,430002.0,5108424.0,125432708.0,0.003428148900364967
2022-11-21,13.07,13.07,13.07,13.07,862721.0,11275763.0,125432708.0,0.0068779588175677435
2022-11-22,14.38,14.38,14.38,14.38,764802.0,10997853.0,125432708.0,0.006097309164368834
2022-11-23,15.82,15.82,15.82,15.82,10066903.0,159258405.0,125432708.0,0.08025739984821184
2022-11-24,17.4,17.4,17.4,17.4,2857347.0,49717838.0,125432708.0,0.022779919572493007
2022-11-25,18.59,19.14,18.28,19.14,97480631.0,1835337058.0,125432708.0,0.7771547992091504
2022-11-28,17.23,18.56,17.23,17.6,65714612.0,1165756995.0,125432708.0,0.5239033187420302
2022-11-29,17.6,19.36,17.6,19.36,54121059.0,1011898073.0,125432708.0,0.43147485104124517
2022-11-30,20.87,21.3,20.5,21.3,20615619.0,432204091.0,125432708.0,0.1643560067283248
2022-12-01,23.43,23.43,21.53,23.43,39784538.0,923185895.0,125432708.0,0.317178339161744
2022-12-02,25.77,25.77,25.12,25.77,31287395.0,805209180.0,125432708.0,0.24943569742590585
2022-12-05,28.35,28.35,28.35,28.35,1788707.0,50709843.0,125432708.0,0.014260291661725107
2022-12-06,28.52,31.19,25.52,25.52,96553958.0,2754282444.0,125432708.0,0.7697669893246665
2022-12-07,24.0,24.97,23.03,23.3,71307194.0,1694613722.0,125432708.0,0.5684896319068548
2022-12-08,23.1,24.2,22.63,22.98,53513663.0,1250905072.0,125432708.0,0.42663244582106924
2022-12-09,22.65,23.2,21.47,22.08,49866118.0,1105182534.0,125432708.0,0.39755274995737155
2022-12-12,21.89,23.15,21.89,22.8,43311020.0,975759832.0,125432708.0,0.3452928720952114
2022-12-13,22.4,23.76,22.16,23.45,50651781.0,1170212683.0,125432708.0,0.40381637140449844
2022-12-14,23.0,25.8,22.75,25.8,62189960.0,1551796036.0,125432708.0,0.4958033753046295
2022-12-15,25.3,26.59,23.22,23.23,68977157.0,1684510330.0,125432708.0,0.5499136397501678
2022-12-16,21.8,22.8,21.5,22.22,41376344.0,917230381.0,125432708.0,0.32986885685350903
2022-12-19,21.8,22.08,20.0,20.0,41653854.0,864014932.0,125432708.0,0.33208127819420113
2022-12-20,20.37,21.1,20.33,20.7,28027520.0,579774595.0,125432708.0,0.22344666273170152
2022-12-21,20.57,21.59,20.31,21.04,32552774.0,679754373.0,125432708.0,0.2595238077774738
2022-12-22,20.64,22.49,20.51,21.57,42125621.0,914729815.0,125432708.0,0.3358423944733777
2022-12-23,21.18,21.55,19.41,19.66,37929855.0,770245257.0,125432708.0,0.3023920602910048
2022-12-26,19.44,20.75,19.41,20.31,28159665.0,570794644.0,125432708.0,0.2245001758233586
2022-12-27,20.32,22.34,20.1,21.67,51952016.0,1113393017.0,125432708.0,0.41418236780792456
2022-12-28,21.15,21.91,20.67,20.96,37600557.0,800969633.0,125432708.0,0.29976676418402765
2022-12-29,20.7,21.16,20.1,20.14,24994911.0,513574152.0,125432708.0,0.1992694840009354
2022-12-30,20.42,21.35,19.88,21.12,30312724.0,626779743.0,125432708.0,0.24166522817955904
2023-01-03,20.86,21.69,20.79,21.41,26113395.0,553376827.0,125432708.0,0.2081864883280683
2023-01-04,21.24,21.69,20.85,21.16,22369371.0,475129372.0,125432708.0,0.17833762307037174
2023-01-05,21.16,22.48,20.94,21.52,31915704.0,692681214.0,125432708.0,0.25444482949375535
2023-01-06,21.21,21.35,20.2,20.32,29737307.0,608936198.0,125432708.0,0.23707777241004793
2023-01-09,20.33,20.93,20.16,20.75,19456679.0,400418562.0,125432708.0,0.15511647089688918
2023-01-10,20.76,20.85,20.23,20.39,14597530.0,298488877.0,125432708.0,0.11637738061112417
2023-01-11,20.31,20.6,19.88,19.95,15942589.0,321262631.0,125432708.0,0.12710073197175972
2023-01-12,19.9,20.06,19.41,19.48,15548322.0,305619974.0,125432708.0,0.12395747686480627
2023-01-13,19.5,19.95,19.27,19.61,11843516.0,233350165.0,125432708.0,0.09442127327746125
2023-01-16,19.54,20.07,19.5,19.81,12332748.0,244562543.0,125432708.0,0.09832162756144912
2023-01-17,19.73,19.82,19.05,19.25,13212943.0,255286012.0,125432708.0,0.10533889613544818
2023-01-18,19.18,19.42,19.05,19.1,7539897.0,144372962.0,125432708.0,0.06011109159821376
2023-01-19,19.03,19.05,18.62,18.81,9115333.0,171659025.0,125432708.0,0.07267110106560085
2023-01-20,18.83,19.08,18.83,19.04,6826829.0,129487933.0,125432708.0,0.054426226690409966
2023-01-30,19.31,19.46,19.14,19.26,8968354.0,173092728.0,125432708.0,0.07149932535937915
2023-01-31,19.15,19.38,18.96,19.19,8784852.0,167929387.0,125432708.0,0.07003637360679481
2023-02-01,19.2,19.63,19.13,19.58,11436754.0,221860661.0,125432708.0,0.09117840300474099
2023-02-02,19.55,20.8,19.44,20.47,29386803.0,594784287.0,125432708.0,0.2342834135415461
2023-02-03,20.1,20.14,19.64,19.74,17457479.0,345138550.0,125432708.0,0.13917804437419942
2023-02-06,19.49,19.59,19.08,19.16,11918571.0,230054387.0,125432708.0,0.09501964192625101
2023-02-07,19.06,19.27,19.01,19.14,7861308.0,150228806.0,125432708.0,0.06267350936886414
2023-02-08,19.15,19.16,18.83,18.86,8655850.0,163948154.0,125432708.0,0.06900791777532221
2023-02-09,18.76,19.2,18.73,19.11,8033240.0,153289592.0,125432708.0,0.06404422042773723
2023-02-10,19.05,19.78,19.03,19.39,13853346.0,270369705.0,125432708.0,0.11044444643577335
2023-02-13,19.4,20.77,19.39,20.29,30812495.0,624714666.0,125432708.0,0.24564960361056704
2023-02-14,20.17,20.77,20.06,20.48,26669326.0,546215118.0,125432708.0,0.21261859386787696
2023-02-15,20.49,20.75,20.1,20.14,14668470.0,298044425.0,125432708.0,0.11694294282476944
2023-02-16,20.14,20.33,19.15,19.43,16952283.0,335351329.0,125432708.0,0.1351504186611358
2023-02-17,19.32,20.33,19.3,19.65,15006352.0,298295639.0,125432708.0,0.11963667403242223
2023-02-20,19.42,19.91,19.4,19.85,9960667.0,195155167.0,125432708.0,0.07941044372573061
2023-02-21,19.76,19.9,19.42,19.67,7415535.0,145696152.0,125432708.0,0.059119627713052327
2023-02-22,19.65,20.29,19.5,20.02,13850679.0,276524320.0,125432708.0,0.11042318403904666
2023-02-23,19.85,20.09,19.3,19.55,13482281.0,265042633.0,125432708.0,0.10748616700518018
2023-02-24,19.53,19.54,19.12,19.31,7772485.0,149981808.0,125432708.0,0.06196537668627867
2023-02-27,19.25,19.37,18.79,18.91,9597974.0,183085092.0,125432708.0,0.07651890924654198
2023-02-28,18.97,19.34,18.82,19.16,7956130.0,151668125.0,125432708.0,0.06342946849238079
2023-03-01,19.2,19.2,18.99,19.13,6430800.0,122595309.0,125432708.0,0.05126892421074095
2023-03-02,19.13,19.13,18.83,18.91,8445140.0,160026330.0,125432708.0,0.06732805290307532
2023-03-03,19.14,19.34,18.83,19.17,11018077.0,210853697.0,125432708.0,0.08784054155954282
2023-03-06,19.0,19.19,18.85,19.08,6793205.0,129096461.0,125432708.0,0.05415816263808958
2023-03-07,19.07,19.07,18.66,18.67,8070694.0,151949907.0,125432708.0,0.06434281878056879
2023-03-08,18.66,18.66,18.4,18.47,5395841.0,99708172.0,125432708.0,0.04301781477922011
2023-03-09,18.47,18.57,18.19,18.24,5295914.0,97055064.0,125432708.0,0.04222115654235895
2023-03-10,18.11,18.22,17.82,17.83,6379028.0,114710585.0,125432708.0,0.05085617700289146
2023-03-13,17.7,18.29,17.68,18.2,6819511.0,123125953.0,125432708.0,0.05436788465094766
2023-03-14,18.1,18.19,17.7,17.84,5039491.0,90296720.0,125432708.0,0.040176849247327104
2023-03-15,17.96,18.17,17.92,17.93,3917723.0,70596598.0,125432708.0,0.031233663551296365
2023-03-16,17.82,18.05,17.63,17.65,5459549.0,97235754.0,125432708.0,0.043525720579994175
2023-03-17,17.72,17.87,17.47,17.72,5622800.0,99427190.0,125432708.0,0.044827223215176064
2023-03-20,17.72,17.77,17.25,17.37,5414705.0,94175450.0,125432708.0,0.04316820617474033
2023-03-21,17.37,18.06,17.32,17.93,7074817.0,125662371.0,125432708.0,0.05640328677269728
2023-03-22,17.92,18.03,17.7,17.75,5248055.0,93628087.0,125432708.0,0.04183960534440506
2023-03-23,17.71,17.94,17.59,17.82,4124382.0,73518773.0,125432708.0,0.032881232222140976
2023-03-24,17.82,18.13,17.82,17.92,4732810.0,84948429.0,125432708.0,0.037731864961410226
2023-03-27,18.0,18.0,17.53,17.75,4772550.0,84371793.0,125432708.0,0.03804868822572179
2023-03-28,17.67,18.1,17.66,17.73,5692890.0,101821369.0,125432708.0,0.04538600888693243
2023-03-29,17.71,17.8,17.4,17.53,4691449.0,82332384.0,125432708.0,0.03740211843309641
2023-03-30,17.96,17.96,17.6,17.89,7727705.0,137752978.0,125432708.0,0.06160837251476704
2023-03-31,17.87,18.06,17.74,17.83,5836983.0,104382651.0,125432708.0,0.046534776240340754
2023-04-03,17.73,17.88,17.65,17.88,4444520.0,78955465.0,125432708.0,0.03543350112476245
2023-04-04,17.76,18.07,17.65,17.79,6509636.0,116298752.0,125432708.0,0.05189743651233297
2023-04-06,17.82,17.88,17.37,17.41,6160957.0,108239933.0,125432708.0,0.049117627277886725
2023-04-07,17.36,17.82,17.28,17.77,6687189.0,118145718.0,125432708.0,0.053312960444097245
2023-04-10,17.68,17.78,17.28,17.42,6137494.0,107357867.0,125432708.0,0.04893057080454645
2023-04-11,17.36,17.38,16.81,16.91,6608790.0,112069876.0,125432708.0,0.05268793208227634
2023-04-12,16.92,17.04,16.78,16.84,3961202.0,66742134.0,125432708.0,0.031580295627516866
2023-04-13,16.8,16.96,16.72,16.89,3947072.0,66438960.0,125432708.0,0.0314676455841167
2023-04-14,17.0,17.03,16.63,16.66,4561610.0,76348645.0,125432708.0,0.0363669897009638
2023-04-17,16.72,17.02,16.67,16.98,5569945.0,94131284.0,125432708.0,0.044405841895719896
2023-04-18,16.97,17.14,16.77,17.03,5078055.0,86313146.0,125432708.0,0.040484296966625324
2023-04-19,16.91,17.05,16.71,16.77,4104237.0,68922910.0,125432708.0,0.03272062817937407
2023-04-20,16.68,16.75,16.19,16.37,5539743.0,90529674.0,125432708.0,0.04416505940380399
2023-04-21,16.36,16.65,15.82,15.89,5371925.0,86634759.0,125432708.0,0.04282714680767316
2023-04-24,15.79,16.01,15.57,15.94,3803559.0,60147365.0,125432708.0,0.030323502223997267
2023-04-25,15.95,17.32,15.95,16.79,15378071.0,257913534.0,125432708.0,0.12260016741406875
2023-04-26,16.42,16.83,16.09,16.58,8792245.0,144390074.0,125432708.0,0.07009531357642378
2023-04-27,16.59,17.3,16.59,16.81,11651503.0,198241561.0,125432708.0,0.09289046840956347
2023-04-28,16.65,16.99,16.65,16.9,6713752.0,113152173.0,125432708.0,0.05352473136432644
2023-05-04,16.99,17.21,16.8,16.82,7318835.0,124118379.0,125432708.0,0.058348696418162316
2023-05-05,16.7,16.99,16.36,16.49,5985865.0,99076305.0,125432708.0,0.047721723427991365
2023-05-08,16.44,16.56,16.34,16.47,3852077.0,63261387.0,125432708.0,0.030710307235015607
2023-05-09,16.5,16.73,16.18,16.22,5569200.0,91339597.0,125432708.0,0.04439990245606433
2023-05-10,16.17,16.27,15.97,16.24,3997564.0,64542117.0,125432708.0,0.03187018811712173
2023-05-11,16.24,16.45,16.18,16.21,3191697.0,51975329.0,125432708.0,0.025445492255496867
2023-05-12,16.21,16.27,15.95,15.98,3321335.0,53391253.0,125432708.0,0.02647901853478281
2023-05-15,15.98,16.25,15.81,16.24,4404615.0,70604014.0,125432708.0,0.03511536241408421
2023-05-16,16.19,16.3,15.96,16.0,3060435.0,49323346.0,125432708.0,0.024399018795002017
2023-05-17,15.99,16.15,15.88,16.14,2699739.0,43278895.0,125432708.0,0.021523405203051186
2023-05-18,16.1,16.28,16.05,16.19,2540018.0,41088548.0,125432708.0,0.020250045147713783
2023-05-19,16.17,17.23,15.92,16.73,10921053.0,181925071.0,125432708.0,0.08706702720633282
2023-05-22,16.5,18.4,16.5,18.4,38956277.0,702535854.0,125432708.0,0.3105751093247544
2023-05-23,18.06,18.56,18.06,18.13,34297998.0,628633435.0,125432708.0,0.2734374354733695
2023-05-24,18.52,18.89,18.22,18.22,23508678.0,433979959.0,125432708.0,0.1874206367289782
2023-05-25,18.0,18.08,17.5,17.65,17724470.0,313812262.0,125432708.0,0.14130660401591585
2023-05-26,17.53,17.69,17.21,17.5,10433867.0,182467708.0,125432708.0,0.08318298445729164
2023-05-29,17.6,18.45,17.45,17.94,17732355.0,319282137.0,125432708.0,0.14136946640743817
2023-05-30,17.77,17.93,17.45,17.72,10120849.0,178849303.0,125432708.0,0.08068747905849247
2023-05-31,17.64,18.19,17.36,17.42,11698549.0,206688660.0,125432708.0,0.09326553804451068
2023-06-01,17.34,18.4,17.27,17.85,15758888.0,283630457.0,125432708.0,0.12563619371113313
2023-06-02,17.77,18.09,17.7,18.02,11729092.0,210128965.0,125432708.0,0.09350903912558438
2023-06-05,18.14,18.24,17.68,17.68,10517125.0,188050928.0,125432708.0,0.08384675072151038
2023-06-06,17.57,18.57,17.57,18.16,20158607.0,367213871.0,125432708.0,0.1607125232439373
2023-06-07,17.98,18.76,17.95,18.41,17294775.0,317544503.0,125432708.0,0.1378809026430331
2023-06-08,18.3,19.5,18.24,19.01,24209365.0,458313347.0,125432708.0,0.19300679532486853
2023-06-09,18.75,19.15,18.6,18.69,18030015.0,339113522.0,125432708.0,0.14374253165290826
2023-06-12,18.5,20.56,18.21,20.56,37719518.0,748851010.0,125432708.0,0.3007151691247868
2023-06-13,20.56,20.68,19.84,19.94,32728607.0,659800378.0,125432708.0,0.26092561917741586
2023-06-14,19.98,21.93,19.88,20.74,44250616.0,931053135.0,125432708.0,0.35278370933361336
2023-06-15,20.18,20.43,19.43,19.68,29700582.0,589196965.0,125432708.0,0.23678498593843642
2023-06-16,19.78,20.19,19.39,19.85,18261165.0,361277289.0,125432708.0,0.1455853524265776
2023-06-19,19.6,20.09,19.54,19.86,15440352.0,306811728.0,125432708.0,0.12309669659687168
2023-06-20,19.83,19.86,18.8,18.83,21342449.0,407237696.0,125432708.0,0.17015058783551099
2023-06-21,18.75,19.07,18.48,18.51,11316120.0,212289130.0,125432708.0,0.09021666023506404
2023-06-26,18.15,18.5,17.82,17.88,9573211.0,172426443.0,125432708.0,0.07632148865031281
2023-06-27,17.93,18.44,17.91,18.35,7848771.0,143389498.0,125432708.0,0.06257355936220399
2023-06-28,18.24,18.63,18.1,18.57,10097073.0,186166423.0,125432708.0,0.08049792722325663
2023-06-29,18.72,18.74,18.22,18.29,8278808.0,152383434.0,125432708.0,0.06600198729664675
2023-06-30,18.16,18.47,18.16,18.44,6694587.0,122900218.0,125432708.0,0.05337194027573733
2023-07-03,18.43,19.09,18.37,19.08,13113451.0,246408636.0,125432708.0,0.10454570589355369
2023-07-04,19.47,19.47,19.0,19.07,12444703.0,238456742.0,125432708.0,0.09921417785223931
2023-07-05,18.91,19.03,18.56,18.58,8022703.0,150364500.0,125432708.0,0.06396021522552156
2023-07-06,18.55,18.72,18.42,18.54,5560978.0,103022530.0,125432708.0,0.044334353364993126
2023-07-07,18.43,18.59,18.27,18.3,5136973.0,94389047.0,125432708.0,0.040954014960754896
2023-07-10,18.4,19.22,18.35,18.83,9737219.0,183347857.0,125432708.0,0.07762902639397692
2023-07-11,18.71,18.94,18.45,18.47,7686861.0,142908216.0,125432708.0,0.06128274771840213
2023-07-12,18.45,18.57,17.88,17.9,8892512.0,161643396.0,125432708.0,0.07089468243004049
2023-07-13,18.04,18.54,17.92,18.26,7183521.0,131461112.0,125432708.0,0.05726991878386298
2023-07-14,18.19,18.26,17.94,17.98,5696862.0,102700646.0,125432708.0,0.04541767526855914
2023-07-17,17.8,17.93,17.04,17.29,8532557.0,147441829.0,125432708.0,0.06802497638813634
2023-07-18,17.37,17.37,17.1,17.27,3832547.0,66055568.0,125432708.0,0.030554606219615383
2023-07-19,17.23,17.36,17.08,17.27,3645846.0,62700128.0,125432708.0,0.029066150752322113
2023-07-20,17.28,18.09,17.25,17.68,10156750.0,179244065.0,125432708.0,0.08097369627067287
2023-07-21,17.46,18.28,17.38,17.89,10419006.0,186594048.0,125432708.0,0.08306450658786702
2023-07-24,17.62,17.78,17.28,17.38,6326900.0,110242213.0,125432708.0,0.05044059161985086
2023-07-25,17.46,18.1,17.46,17.78,8234800.0,146586496.0,125432708.0,0.06565113781965068
2023-07-26,17.66,17.85,17.45,17.71,5585461.0,98584463.0,125432708.0,0.04452954168860007
2023-07-27,17.71,17.95,17.5,17.52,5029633.0,89171387.0,125432708.0,0.04009825730622032
2023-07-28,17.4,17.8,17.33,17.78,5874549.0,103707969.0,125432708.0,0.046834267502221194
2023-07-31,17.95,18.43,17.88,18.23,10362190.0,188769541.0,125432708.0,0.08261154658320859
2023-08-01,17.96,18.2,17.71,17.9,6617484.0,118476658.0,125432708.0,0.05275724414719644
2023-08-02,17.75,17.88,17.53,17.56,4408791.0,77721468.0,125432708.0,0.03514865516576426
2023-08-03,17.49,17.69,17.43,17.58,3211506.0,56544286.0,125432708.0,0.025603417571117098
2023-08-04,17.57,18.9,17.56,18.4,17253939.0,316766175.0,125432708.0,0.13755534162588598
2023-08-07,18.33,18.41,18.08,18.28,6679098.0,121658445.0,125432708.0,0.05324845573771715
2023-08-08,18.18,18.44,18.15,18.37,6779900.0,124165875.0,125432708.0,0.05405208982652276
2023-08-09,18.21,18.43,18.15,18.36,5192013.0,94923000.0,125432708.0,0.04139281597906664
2023-08-10,18.26,18.44,17.6,17.63,8954579.0,160240096.0,125432708.0,0.07138950551876788
2023-08-11,17.46,17.58,16.74,16.85,10454368.0,178498795.0,125432708.0,0.08334642667524965
2023-08-14,16.51,16.71,16.42,16.68,4814931.0,79870237.0,125432708.0,0.038386566604302286
2023-08-15,16.64,16.86,16.6,16.77,3370442.0,56449303.0,125432708.0,0.026870519290710042
2023-08-16,16.7,16.88,16.53,16.65,2732400.0,45657619.0,125432708.0,0.021783791832031562
2023-08-17,16.65,17.5,16.65,17.27,8046873.0,138542365.0,125432708.0,0.06415290818723295
2023-08-18,16.86,17.07,16.54,16.56,7671966.0,128294037.0,125432708.0,0.06116399878730195
2023-08-21,16.52,16.52,16.03,16.03,4808900.0,77939604.0,125432708.0,0.03833848504649999
2023-08-22,16.04,16.18,15.78,16.11,3919300.0,62613461.0,125432708.0,0.03124623602960083
2023-08-23,16.15,16.15,15.65,15.66,3502100.0,55523553.0,125432708.0,0.027920149822484898
2023-08-24,15.77,15.91,15.42,15.76,3661505.0,57526314.0,125432708.0,0.029190990598720074
2023-08-25,15.69,15.78,15.07,15.18,4668215.0,71611347.0,125432708.0,0.03721688763986503
2023-08-28,16.2,16.2,15.18,15.19,4324010.0,67242379.0,125432708.0,0.03447274693296106
2023-08-29,15.26,15.66,15.2,15.62,3720330.0,57725628.0,125432708.0,0.029659967159442975
2023-08-30,15.56,15.89,15.51,15.62,3191712.0,50057221.0,125432708.0,0.0254456118415302
2023-08-31,15.52,15.7,15.41,15.69,3157400.0,49146045.0,125432708.0,0.025172062776480916
2023-09-01,15.74,16.0,15.74,15.82,4007400.0,63686394.0,125432708.0,0.031948604665379625
2023-09-04,15.84,16.16,15.8,15.96,4378061.0,69953201.0,125432708.0,0.03490366324547502
2023-09-05,15.81,15.89,15.68,15.71,2994500.0,47181448.0,125432708.0,0.023873358454479035
2023-09-06,15.77,16.0,15.72,15.8,2784912.0,44083204.0,125432708.0,0.0222024386175255
2023-09-07,15.72,15.79,15.49,15.49,2797561.0,43631352.0,125432708.0,0.022303281533234538
2023-09-08,15.4,15.6,15.4,15.51,1818700.0,28221499.0,125432708.0,0.014499407921576564
2023-09-11,15.5,15.71,15.36,15.7,2300300.0,35925110.0,125432708.0,0.018338916831804348
2023-09-12,15.63,15.72,15.55,15.58,1684100.0,26276059.0,125432708.0,0.013426322582463898
2023-09-13,15.59,15.65,15.3,15.42,2423912.0,37466705.0,125432708.0,0.01932440141529911
2023-09-14,15.4,15.42,15.12,15.2,2470017.0,37637301.0,125432708.0,0.019691969019755198
2023-09-15,15.25,15.36,15.09,15.15,2194912.0,33372928.0,125432708.0,0.017498721306407575
2023-09-18,15.16,15.32,14.99,15.32,2442698.0,37189388.0,125432708.0,0.019474170963445992
2023-09-19,15.3,15.3,15.01,15.04,2205098.0,33247573.0,125432708.0,0.01757992819544325
2023-09-20,15.04,15.08,14.86,14.89,2090300.0,31245251.0,125432708.0,0.016664712365135257
2023-09-21,14.88,14.94,14.6,14.61,2526700.0,37165830.0,125432708.0,0.020143868694918077
2023-09-22,14.5,15.0,14.5,14.96,2602627.0,38569733.0,125432708.0,0.02074918927844562
2023-09-25,14.93,15.05,14.73,14.81,1847800.0,27392437.0,125432708.0,0.014731404826243567
2023-09-26,14.75,14.87,14.6,14.62,1644849.0,24195127.0,125432708.0,0.013113397822839
2023-09-27,14.64,14.93,14.6,14.72,1997800.0,29507978.0,125432708.0,0.01592726515957863
2023-09-28,14.75,14.83,14.64,14.68,1922536.0,28267278.0,125432708.0,0.01532723027872443
2023-10-09,14.68,14.7,14.34,14.38,2607175.0,37566550.0,125432708.0,0.020785447763752338
2023-10-10,14.43,14.55,14.2,14.23,2594207.0,37183820.0,125432708.0,0.02068206165173441
2023-10-11,14.23,14.42,14.18,14.29,2225607.0,31872136.0,125432708.0,0.01774343419261904
2023-10-12,14.38,14.4,14.22,14.4,1702124.0,24397309.0,125432708.0,0.013570017160117439
2023-10-13,14.39,14.39,13.87,13.97,4029987.0,56455416.0,125432708.0,0.032128677314373216
2023-10-16,13.98,14.0,13.73,13.78,2967242.0,40972195.0,125432708.0,0.023656046714705385
2023-10-17,13.78,13.85,13.51,13.6,2631612.0,35867815.0,125432708.0,0.020980269356857064
2023-10-18,13.65,13.68,13.46,13.48,2248186.0,30469812.0,125432708.0,0.017923443062394857
2023-10-19,13.4,13.61,13.3,13.3,2671607.0,35843247.0,125432708.0,0.021299125583735305
2023-10-20,13.29,13.55,13.25,13.28,2653470.0,35446774.0,125432708.0,0.02115453012463065
2023-10-23,13.21,13.41,13.0,13.09,2602876.0,34213414.0,125432708.0,0.020751174406598957
2023-10-24,13.04,13.42,13.04,13.31,2780249.0,36866000.0,125432708.0,0.022165263305963225
2023-10-25,13.56,13.83,13.53,13.69,4645631.0,63714913.0,125432708.0,0.03703683890807811
2023-10-26,13.65,13.79,13.54,13.73,2857800.0,39059453.0,125432708.0,0.022783531070699678
2023-10-27,13.62,14.04,13.62,13.99,3976900.0,55374970.0,125432708.0,0.03170544639760149
2023-10-30,13.94,14.05,13.88,13.95,2571510.0,35893404.0,125432708.0,0.02050111203849637
2023-10-31,13.88,14.04,13.79,13.89,2965070.0,41316468.0,125432708.0,0.023638730657078694
2023-11-01,14.11,14.47,13.9,13.93,3797900.0,53325214.0,125432708.0,0.03027838639982165
2023-11-02,13.82,13.96,13.73,13.73,2439322.0,33699636.0,125432708.0,0.01944725613354373
2023-11-03,13.8,14.08,13.77,13.94,2483870.0,34707931.0,125432708.0,0.019802410707739804
2023-11-06,13.96,14.08,13.95,14.05,2271940.0,31863902.0,125432708.0,0.0181128195047818
2023-11-07,14.1,14.1,13.84,13.97,2198900.0,30672763.0,125432708.0,0.017530515246469845
2023-11-08,13.98,14.03,13.81,13.87,2228749.0,30988689.0,125432708.0,0.0177684834804013
2023-11-09,13.91,13.95,13.8,13.84,1814424.0,25149929.0,125432708.0,0.014465317929674293
2023-11-10,13.85,13.88,13.67,13.8,1882600.0,25910708.0,125432708.0,0.015008844423577302
2023-11-13,13.84,14.03,13.75,14.02,3082912.0,42910233.0,125432708.0,0.024578214479751167
2023-11-14,14.04,14.09,13.96,14.05,2286680.0,32054821.0,125432708.0,0.018230332713537526
2023-11-15,14.08,14.14,14.03,14.06,2630100.0,37043456.0,125432708.0,0.020968215084697046
2023-11-16,14.07,14.13,12.87,13.04,22872508.0,301731076.0,235954481.0,0.09693610353600363
2023-11-17,12.9,13.07,12.74,13.03,9931728.0,128388037.0,235954481.0,0.042091711748419816
2023-11-20,13.0,13.19,12.98,13.15,9166273.0,120125647.0,235954481.0,0.03884763264996014
2023-11-21,13.18,13.3,13.1,13.15,7128116.0,93996738.0,235954481.0,0.030209708117388965
2023-11-22,13.13,13.16,12.97,13.06,4328128.0,56517786.0,235954481.0,0.018343063380940834
2023-11-23,13.0,13.1,12.91,13.1,3884100.0,50590848.0,235954481.0,0.01646122584126724
2023-11-24,13.09,13.11,12.99,13.03,3026900.0,39475872.0,235954481.0,0.01282832174736279
2023-11-27,13.0,13.07,12.92,13.0,2443898.0,31719176.0,235954481.0,0.01035749772431743
2023-11-28,12.95,13.04,12.9,13.0,3135500.0,40721312.0,235954481.0,0.013288580012176162
2023-11-29,12.94,12.98,12.8,12.8,3017300.0,38795830.0,235954481.0,0.012787635933898624
2023-11-30,12.8,12.85,12.6,12.7,3830500.0,48600676.0,235954481.0,0.01623406338275898
2023-12-01,12.67,12.72,12.49,12.59,4212700.0,52982113.0,235954481.0,0.017853867331301076
2023-12-04,12.57,12.6,12.44,12.47,3106524.0,38785150.0,235954481.0,0.013165776665203488
2023-12-05,12.45,13.1,12.41,12.47,11514412.0,145741696.0,235954481.0,0.04879929362307809
2023-12-06,12.3,12.72,12.12,12.62,7188100.0,90327043.0,235954481.0,0.03046392664185089
2023-12-07,12.58,12.6,12.36,12.47,4523900.0,56412352.0,235954481.0,0.019172765784431108
2023-12-08,12.47,12.52,12.23,12.25,5004176.0,61974054.0,235954481.0,0.02120822617477648
2023-12-11,12.15,12.24,12.0,12.22,4465709.0,54240243.0,235954481.0,0.01892614618325473
2023-12-12,12.21,12.24,12.12,12.18,3451817.0,42006378.0,235954481.0,0.01462916485150371
2023-12-13,12.14,12.2,11.94,11.95,4280110.0,51649673.0,235954481.0,0.01813955802771976
2023-12-14,11.99,12.13,11.94,11.97,3261210.0,39211108.0,235954481.0,0.013821352263278273
2023-12-15,12.01,12.06,11.84,11.87,3821996.0,45610889.0,235954481.0,0.01619802253299864
2023-12-18,11.84,11.88,11.7,11.74,2906426.0,34212357.0,235954481.0,0.012317740217020926
2023-12-19,11.74,11.85,11.69,11.75,2707640.0,31829169.0,235954481.0,0.011475264163345133
2023-12-20,11.78,11.78,11.57,11.58,3090894.0,36075958.0,235954481.0,0.013099535075157145
2023-12-21,11.53,11.87,11.49,11.85,5215500.0,61069202.0,235954481.0,0.022103839596078704
2023-12-22,11.8,11.88,11.64,11.66,4547805.0,53332552.0,235954481.0,0.01927407769806245
2023-12-25,11.62,11.65,11.49,11.56,2736800.0,31588412.0,235954481.0,0.011598847321742536
2023-12-26,11.64,11.64,11.4,11.5,2445149.0,28080024.0,235954481.0,0.010362799594384478
2023-12-27,11.48,11.67,11.43,11.65,2716794.0,31403662.0,235954481.0,0.011514059781725441
2023-12-28,11.7,12.11,11.62,12.03,7438000.0,88924805.0,235954481.0,0.03152302922358995
2023-12-29,12.06,12.23,11.96,12.06,7836617.0,94607194.0,235954481.0,0.033212410151261335
2024-01-02,12.13,12.13,11.88,11.92,4526500.0,54089108.0,235954481.0,0.019183784858910986
2024-01-03,11.91,12.03,11.88,11.97,3768294.0,45113421.0,235954481.0,0.015970427787722327
2024-01-04,11.97,11.97,11.8,11.86,3034517.0,35982807.0,235954481.0,0.012860603397483263
2024-01-05,11.97,11.97,11.68,11.7,4613700.0,54389685.0,235954481.0,0.019553347664543825
2024-01-08,11.78,11.78,11.5,11.5,3152700.0,36580371.0,235954481.0,0.013361475427966125
2024-01-09,11.5,11.63,11.38,11.43,3612700.0,41474927.0,235954481.0,0.015311003989790725
2024-01-10,11.45,11.63,11.22,11.53,4823800.0,55416024.0,235954481.0,0.020443773644629362
2024-01-11,11.44,11.68,11.4,11.63,3475600.0,40194512.0,235954481.0,0.014729959716255611
2024-01-12,11.62,11.87,11.58,11.73,4379400.0,51457752.0,235954481.0,0.01856035952968403
2024-01-15,11.63,11.79,11.6,11.69,2845000.0,33261790.0,235954481.0,0.012057410344328235
2024-01-16,11.65,11.78,11.43,11.76,4037347.0,46964807.0,235954481.0,0.017110702805427966
2024-01-17,11.75,12.94,11.55,12.56,41138595.0,525210127.0,235954481.0,0.17434970857790152
2024-01-18,12.25,12.26,11.56,12.06,31836671.0,378668346.0,235954481.0,0.134927172669376
2024-01-19,11.88,11.9,11.12,11.14,22185952.0,254015223.0,235954481.0,0.09402640672884699
2024-01-22,10.81,11.11,10.3,10.32,15920310.0,170916267.0,235954481.0,0.06747195447413436
2024-01-23,10.32,11.16,10.15,10.7,14250773.0,151866760.0,235954481.0,0.06039628041647575
2024-01-24,10.77,11.08,10.43,10.92,12430609.0,134106741.0,235954481.0,0.05268223323124768
2024-01-25,10.84,11.12,10.71,11.11,9714424.0,106323269.0,235954481.0,0.04117075445581388
2024-01-26,11.01,11.27,11.01,11.03,7511077.0,83528598.0,235954481.0,0.031832737264269204
2024-01-29,11.1,11.29,10.76,10.82,8051521.0,88651319.0,235954481.0,0.03412319599050124
2024-01-30,10.7,10.79,10.39,10.41,6320006.0,66936104.0,235954481.0,0.026784852625875752
2024-01-31,10.39,10.55,9.88,9.92,7171224.0,72938635.0,235954481.0,0.030392404372265345
2024-02-01,9.82,10.15,9.61,9.9,6247909.0,61811780.0,235954481.0,0.026479297928654298
2024-02-02,9.89,10.14,9.11,9.43,8110400.0,78205376.0,235954481.0,0.034372731408309216
2024-02-05,9.34,9.35,8.49,8.6,10038459.0,87912262.0,235954481.0,0.04254404899392438
2024-02-06,8.4,9.06,8.11,8.86,9316960.0,79716403.0,235954481.0,0.03948626006386376
2024-02-07,8.96,9.27,8.73,9.05,10001911.0,90672370.0,235954481.0,0.04238915471158185
2024-02-08,9.13,9.69,9.06,9.65,9772336.0,92467672.0,235954481.0,0.041416191625536454
2024-02-19,9.77,9.8,9.55,9.71,8536579.0,82553941.0,235954481.0,0.036178923001678444
2024-02-20,9.66,9.68,9.5,9.65,5166352.0,49466749.0,235954481.0,0.02189554518356445
2024-02-21,9.6,10.22,9.52,9.94,11118445.0,110995060.0,235954481.0,0.04712114367516504
2024-02-22,9.85,10.04,9.81,9.98,7729661.0,76830513.0,235954481.0,0.0327591193320037
2024-02-23,9.99,10.26,9.88,10.26,7415073.0,74768045.0,235954481.0,0.03142586217720527
2024-02-26,10.3,10.38,10.12,10.21,6389619.0,65390537.0,235954481.0,0.02707987986886335
2024-02-27,10.2,10.37,10.1,10.37,5507700.0,56612370.0,235954481.0,0.023342214043394243
2024-02-28,10.36,10.66,9.9,9.91,10423993.0,107597303.0,235954481.0,0.04417798278643414
2024-02-29,9.81,10.18,9.76,10.17,6291100.0,63289029.0,235954481.0,0.02666234594629292
2024-03-01,10.17,10.47,10.05,10.29,8592300.0,88118566.0,235954481.0,0.03641507448209894
2024-03-04,10.34,10.38,10.1,10.22,5600900.0,57162128.0,235954481.0,0.023737205482442184
2024-03-05,10.1,10.22,9.96,10.0,4801607.0,48207923.0,235954481.0,0.020349717367732466
2024-03-06,9.99,10.09,9.84,10.01,4751098.0,47385521.0,235954481.0,0.020135654893538555
2024-03-07,10.0,10.76,10.0,10.18,13009292.0,134047106.0,235954481.0,0.05513475287633974
2024-03-08,10.22,10.36,9.93,10.04,7854857.0,79309925.0,235954481.0,0.03328971319684325
2024-03-11,10.02,10.23,9.96,10.17,8675624.0,87945814.0,235954481.0,0.036768210390545626
2024-03-12,10.16,10.49,10.12,10.47,12302290.0,127694118.0,235954481.0,0.05213840376271557
2024-03-13,10.45,10.45,10.23,10.37,7288917.0,75323712.0,235954481.0,0.030891199731019305
2024-03-14,10.31,10.55,10.22,10.34,5807893.0,60247725.0,235954481.0,0.02461446366852427
2024-03-15,10.33,10.54,10.23,10.52,7013356.0,73278561.0,235954481.0,0.029723343122269416
2024-03-18,10.53,10.71,10.42,10.68,7511160.0,79332904.0,235954481.0,0.03183308902703145
2024-03-19,10.65,11.15,10.63,10.84,13556160.0,147351572.0,235954481.0,0.05745243719274821
2024-03-20,10.87,10.99,10.76,10.94,9122488.0,99437445.0,235954481.0,0.03866206719761343
2024-03-21,10.93,11.1,10.87,11.0,7748542.0,85250742.0,235954481.0,0.03283913900325546
2024-03-22,10.96,11.11,10.71,10.75,6794600.0,73573305.0,235954481.0,0.02879623210037702
2024-03-25,10.67,10.79,10.39,10.41,8253200.0,87280308.0,235954481.0,0.03497793288358868
2024-03-26,10.38,10.57,10.26,10.44,5749700.0,59880953.0,235954481.0,0.024367835591136748
2024-03-27,10.43,10.59,10.16,10.17,5421200.0,56255571.0,235954481.0,0.022975617911659835
2024-03-28,10.18,10.42,10.12,10.27,6167800.0,63436205.0,235954481.0,0.026139787529612546
2024-03-29,10.31,10.45,10.21,10.39,4320500.0,44654242.0,235954481.0,0.0183107351116591
2024-04-01,10.39,10.89,10.39,10.82,8662600.0,92800678.0,235954481.0,0.036713013303612575
2024-04-02,10.83,10.93,10.76,10.84,5656900.0,61320988.0,235954481.0,0.023974539394316482
2024-04-03,10.85,10.95,10.75,10.86,4838800.0,52395138.0,235954481.0,0.020507345228167124
2024-04-08,10.85,10.86,10.6,10.61,5611900.0,60154939.0,235954481.0,0.023783824643703207
2024-04-09,10.61,10.92,10.45,10.82,6895500.0,73820616.0,235954481.0,0.02922385695230768
2024-04-10,10.76,10.81,10.45,10.55,5744800.0,60833136.0,235954481.0,0.024347068873847747
2024-04-11,10.42,10.62,10.32,10.54,4601100.0,48343048.0,235954481.0,0.019499947534372106
2024-04-12,10.53,10.68,10.35,10.39,4724500.0,49664856.0,235954481.0,0.020022929761609402
2024-04-15,10.35,10.4,9.82,9.99,8448400.0,85111620.0,235954481.0,0.03580521109069338
2024-04-16,9.83,9.89,9.08,9.08,9814800.0,92041770.0,235954481.0,0.04159615854042628
2024-04-17,9.2,9.89,9.19,9.87,8364998.0,80522758.0,235954481.0,0.035451744610012305
2024-04-18,9.89,10.15,9.65,9.93,5949207.0,59064250.0,235954481.0,0.025213367318927926
2024-04-19,9.9,10.03,9.8,9.95,4869800.0,48245693.0,235954481.0,0.020638726500811826
2024-04-22,9.99,10.4,9.84,10.26,8941712.0,91209852.0,235954481.0,0.037895919425238636
2024-04-23,10.21,10.75,10.16,10.55,11752985.0,124124369.0,235954481.0,0.049810391183035
2024-04-24,10.5,10.54,10.34,10.45,6663785.0,69369417.0,235954481.0,0.02824182432034423
2024-04-25,10.4,10.63,10.35,10.54,6655427.0,70089581.0,235954481.0,0.028206402233996987
2024-04-26,11.55,11.56,10.78,10.89,19197064.0,210579506.0,235954481.0,0.08135918385038002
2024-04-29,10.85,11.44,10.84,11.15,15960939.0,177566644.0,235954481.0,0.06764414446530473
2024-04-30,11.14,11.4,11.14,11.31,12061563.0,136123560.0,235954481.0,0.051118177323362636
2024-05-06,11.48,11.63,11.36,11.54,12381450.0,142697115.0,235954481.0,0.05247389219957217
2024-05-07,11.5,11.59,11.39,11.46,10304212.0,118191004.0,235954481.0,0.043670338263251715
2024-05-08,11.44,11.5,11.25,11.28,8708200.0,98731333.0,235954481.0,0.03690627091756736
2024-05-09,11.3,11.63,11.3,11.57,13028400.0,150263182.0,235954481.0,0.0552157345975557
2024-05-10,11.58,11.74,11.45,11.61,10236092.0,118598093.0,235954481.0,0.04338163851187891
2024-05-13,11.53,11.9,11.46,11.65,13458899.0,157471863.0,235954481.0,0.05704023480698381
2024-05-14,11.68,12.12,11.64,11.79,15377900.0,182697651.0,235954481.0,0.06517316363235331
2024-05-15,11.77,11.83,11.6,11.64,8256143.0,96703725.0,235954481.0,0.034990405628278785
2024-05-16,11.64,11.78,11.54,11.57,7938427.0,92587265.0,235954481.0,0.03364389167925995
2024-05-17,11.56,11.76,11.53,11.7,7812227.0,90872958.0,235954481.0,0.03310904275642894
2024-05-20,11.7,11.95,11.66,11.9,8867700.0,105183094.0,235954481.0,0.03758224875585219
2024-05-21,11.88,11.97,11.7,11.84,7036700.0,83203327.0,235954481.0,0.02982227745867645
2024-05-22,11.81,11.9,11.7,11.75,5078449.0,59790785.0,235954481.0,0.02152300298971648
2024-05-23,11.67,11.75,11.41,11.45,7267549.0,83717493.0,235954481.0,0.030800639891216983
2024-05-24,11.44,11.61,11.4,11.46,5430500.0,62485066.0,235954481.0,0.023015032293453246
2024-05-27,11.58,12.23,11.58,11.94,16636177.0,197011890.0,235954481.0,0.07050587439362933
2024-05-28,11.81,11.96,11.41,11.45,14043985.0,163082583.0,235954481.0,0.059519891042035346
2024-05-29,11.39,11.5,11.25,11.38,6830727.0,77737240.0,235954481.0,0.02894934214027493
2024-05-30,11.39,11.44,11.2,11.25,5354700.0,60444523.0,235954481.0,0.022693783891309105
2024-05-31,11.28,11.44,11.28,11.36,4687871.0,53374104.0,235954481.0,0.019867692192715763
2024-06-03,11.42,11.53,11.1,11.21,6741125.0,76124283.0,235954481.0,0.028569599405064913
2024-06-04,11.11,11.28,11.06,11.27,4404249.0,49177961.0,235954481.0,0.018665672214972683
2024-06-05,11.23,11.27,10.55,10.81,7472554.0,82145741.0,235954481.0,0.03166947272342753
2024-06-06,10.88,11.03,10.3,10.48,9212200.0,97352770.0,235954481.0,0.03904227612443605
2024-06-07,10.5,10.71,10.4,10.67,6375000.0,67528152.0,235954481.0,0.02701792300354745
2024-06-11,10.63,10.7,10.43,10.62,4897649.0,51833833.0,235954481.0,0.020756753502808027
2024-06-12,10.61,10.85,10.58,10.83,4837800.0,52145380.0,235954481.0,0.02050310712259794
2024-06-13,10.8,10.87,10.63,10.71,4473700.0,47880632.0,235954481.0,0.018960012884858074
2024-06-14,10.71,10.88,10.63,10.74,7219800.0,77482655.0,235954481.0,0.030598274588394023
2024-06-17,10.75,10.94,10.6,10.75,7644300.0,82150217.0,235954481.0,0.03239735040251259
2024-06-18,10.7,10.79,10.41,10.49,7753300.0,82159249.0,235954481.0,0.03285930390955364
2024-06-19,10.42,10.67,10.37,10.43,7106900.0,74543625.0,235954481.0,0.030119792469633158
2024-06-20,10.38,10.47,10.19,10.19,5349161.0,54969977.0,235954481.0,0.022670309024561394
2024-06-21,10.17,10.32,10.12,10.15,3428200.0,34973118.0,235954481.0,0.014529073512276294
2024-06-24,10.05,10.07,9.64,9.71,7533400.0,73820950.0,235954481.0,0.0319273444948901
2024-06-25,9.71,9.91,9.66,9.78,6683286.0,65433605.0,235954481.0,0.028324471617048885
2024-06-26,9.71,10.06,9.69,10.01,4488700.0,44474226.0,235954481.0,0.019023584468395836
2024-06-27,9.97,10.1,9.83,9.86,4040492.0,40167951.0,235954481.0,0.017124031647443052
2024-06-28,9.83,10.0,9.79,9.8,4734803.0,46855703.0,235954481.0,0.020066594963288702
2024-07-01,9.8,9.87,9.6,9.79,4879300.0,47443499.0,235954481.0,0.020678988503719072
2024-07-02,9.79,9.95,9.71,9.87,4485100.0,44252243.0,235954481.0,0.019008327288346772
2024-07-03,9.83,9.94,9.79,9.83,3336800.0,32881379.0,235954481.0,0.014141710663252883
2024-07-04,9.79,9.84,9.4,9.43,4504700.0,43156316.0,235954481.0,0.019091394157502776
2024-07-05,9.43,9.54,9.3,9.49,3430780.0,32356923.0,235954481.0,0.014540007824644789
2024-07-08,9.47,9.48,9.13,9.17,5048200.0,46685122.0,235954481.0,0.021394804534354234
2024-07-09,9.11,9.48,9.01,9.36,5375900.0,49627306.0,235954481.0,0.0227836317293758
2024-07-10,9.3,9.45,9.26,9.32,3366500.0,31508825.0,235954481.0,0.014267582398657646
2024-07-11,9.47,9.94,9.46,9.83,8460000.0,82270556.0,235954481.0,0.035854373115295914
2024-07-12,10.31,10.62,10.1,10.43,20702383.0,214581994.0,235954481.0,0.08773888468767839
2024-07-15,10.28,10.36,9.89,9.9,13251383.0,133330466.0,235954481.0,0.05616076009168904
2024-07-16,9.9,10.0,9.85,9.93,6779863.0,67268464.0,235954481.0,0.028733775138603958
2024-07-17,9.92,10.02,9.86,9.9,5245700.0,52106926.0,235954481.0,0.022231830384268056
2024-07-18,9.88,9.88,9.66,9.82,5578600.0,54392194.0,235954481.0,0.023642695728249383
2024-07-19,9.78,9.85,9.65,9.77,4470500.0,43583695.0,235954481.0,0.01894645094703669
2024-07-22,9.75,9.8,9.59,9.65,4490901.0,43494490.0,235954481.0,0.019032912538753607
2024-07-23,9.58,9.68,9.4,9.4,4442439.0,42408722.0,235954481.0,0.018827525466659816
2024-07-24,9.35,9.44,9.19,9.2,5254300.0,48798205.0,235954481.0,0.02226827809216304
2024-07-25,9.13,9.36,9.12,9.29,4297000.0,39715733.0,235954481.0,0.018211139630783277
2024-07-26,9.29,9.57,9.29,9.45,4318184.0,40788247.0,235954481.0,0.01830091965916087
2024-07-29,9.49,9.49,9.36,9.42,3453322.0,32586220.0,235954481.0,0.014635543200385332
2024-07-30,9.37,9.52,9.35,9.49,3170642.0,29989846.0,235954481.0,0.013437515518088423
2024-07-31,9.45,9.98,9.45,9.95,7270078.0,71296575.0,235954481.0,0.030811358060201452
2024-08-01,9.95,10.1,9.87,9.93,5418049.0,54000733.0,235954481.0,0.022962263641011334
2024-08-02,9.85,10.1,9.85,9.92,4783500.0,47801609.0,235954481.0,0.020272977990191253
2024-08-05,10.08,10.55,9.97,9.97,12708607.0,129857470.0,235954481.0,0.05386041810326967
2024-08-06,10.11,10.3,10.06,10.18,8364200.0,84999618.0,235954481.0,0.03544836260176809
2024-08-07,10.19,10.26,10.07,10.15,5760200.0,58589584.0,235954481.0,0.02441233569961318
2024-08-08,10.18,10.31,10.03,10.22,5251770.0,53527108.0,235954481.0,0.022257555685073004
2024-08-09,10.26,10.36,10.18,10.19,4780234.0,49108122.0,235954481.0,0.020259136337402298
2024-08-12,10.11,10.29,10.05,10.15,5640780.0,57375541.0,235954481.0,0.023906221132541237
2024-08-13,10.19,10.2,10.06,10.16,2876872.0,29136192.0,235954481.0,0.012192487245029264
2024-08-14,10.16,10.2,10.05,10.14,3179900.0,32246746.0,235954481.0,0.013476751899447928
2024-08-15,10.14,10.26,10.08,10.11,3497949.0,35537398.0,235954481.0,0.014824677137621303
2024-08-16,10.07,10.16,9.9,9.92,3764200.0,37544999.0,235954481.0,0.01595307698352209
2024-08-19,9.86,10.03,9.86,9.9,3467400.0,34411963.0,235954481.0,0.014695207250588304
2024-08-20,9.9,9.93,9.46,9.5,6717800.0,64525349.0,235954481.0,0.028470745592663698
2024-08-21,9.45,9.54,9.34,9.39,4220200.0,39703075.0,235954481.0,0.017885653123069955
2024-08-22,9.4,9.43,9.18,9.21,3452361.0,32018910.0,235954481.0,0.014631470380933346
2024-08-23,9.26,9.29,9.12,9.15,3542300.0,32454873.0,235954481.0,0.015012641357720178
2024-08-26,9.15,9.3,9.11,9.17,4589537.0,42105538.0,235954481.0,0.019450942319675632
2024-08-27,9.17,9.2,9.06,9.1,3490034.0,31797593.0,235954481.0,0.014791132532041212
2024-08-28,9.08,9.19,8.95,9.11,3643509.0,33145184.0,235954481.0,0.015441575784271713
2024-08-29,9.07,9.23,9.06,9.2,3817500.0,34994013.0,235954481.0,0.01617896801035959
2024-08-30,9.16,9.57,9.09,9.4,6378221.0,59708549.0,235954481.0,0.02703157394158579
2024-09-02,9.4,9.43,9.11,9.11,4980144.0,46052582.0,235954481.0,0.021106376021737854
2024-09-03,9.1,9.23,9.08,9.13,3625900.0,33136773.0,235954481.0,0.015366946983303953
2024-09-04,9.1,9.21,9.0,9.02,4425700.0,40159762.0,235954481.0,0.018756583817537247
2024-09-05,9.0,9.19,8.96,9.12,5306600.0,48178357.0,235954481.0,0.022489931013431358
2024-09-06,9.11,9.19,9.0,9.01,4770700.0,43419046.0,235954481.0,0.020218730238905698
2024-09-09,8.9,9.09,8.87,9.01,3447873.0,31013010.0,235954481.0,0.014612449763138849
2024-09-10,9.04,9.11,8.9,9.04,3503000.0,31532720.0,235954481.0,0.014846083808851251
2024-09-11,9.06,9.07,8.85,8.89,3654800.0,32629203.0,235954481.0,0.015489428234253368
2024-09-12,8.86,9.03,8.86,8.92,4050611.0,36271776.0,235954481.0,0.017166917037697623
2024-09-13,8.92,8.96,8.79,8.79,3408811.0,30168138.0,235954481.0,0.014446900883395387
2024-09-18,8.78,8.81,8.51,8.66,3623381.0,31227463.0,235954481.0,0.015356271195375179
2024-09-19,8.68,9.09,8.68,8.98,6700900.0,59934786.0,235954481.0,0.02839912160854449
2024-09-20,8.98,9.02,8.9,9.0,3762900.0,33721266.0,235954481.0,0.01594756744628215
2024-09-23,8.95,9.1,8.91,8.93,3425900.0,30729209.0,235954481.0,0.014519325869467171
2024-09-24,9.0,9.26,8.97,9.26,6756800.0,61771785.0,235954481.0,0.02863603170986187
2024-09-25,9.35,9.52,9.27,9.28,6809800.0,64048734.0,235954481.0,0.028860651305028618
2024-09-26,9.3,9.87,9.23,9.84,9462473.0,90777942.0,235954481.0,0.040102959519552416
2024-09-27,9.98,10.36,9.89,10.22,12622166.0,127718936.0,235954481.0,0.05349407201976385
2024-09-30,10.65,11.22,10.4,11.19,19718122.0,214780303.0,235954481.0,0.08356748266204786
2024-10-08,12.15,12.27,10.98,11.46,27081500.0,313832868.0,235954481.0,0.11477425597185416
2024-10-09,11.09,11.15,10.33,10.33,19571587.0,208816057.0,235954481.0,0.08294645186246749
2024-10-10,10.52,10.69,10.23,10.44,10520500.0,110516605.0,235954481.0,0.044586989640599366
2024-10-11,10.48,10.49,9.95,10.08,8336600.0,84913249.0,235954481.0,0.03533139088805862
2024-10-14,10.07,10.34,9.96,10.3,7806818.0,79487529.0,235954481.0,0.033086118843405225
2024-10-15,10.31,10.36,10.05,10.05,7221800.0,73570368.0,235954481.0,0.03060675079953239
2024-10-16,9.99,10.17,9.9,10.03,6459400.0,64934478.0,235954481.0,0.027375619113586575
2024-10-17,10.13,10.15,9.83,9.83,6730900.0,67106057.0,235954481.0,0.028526264775620005
2024-10-18,9.85,10.18,9.8,10.02,9727159.0,97375983.0,235954481.0,0.04122472673023743
2024-10-21,10.07,10.1,9.92,10.06,9153800.0,91756649.0,235954481.0,0.03879477075919571
2024-10-22,10.06,10.3,9.99,10.3,8654144.0,88137624.0,235954481.0,0.036677175882919556
2024-10-23,10.28,10.37,10.2,10.26,9210000.0,94610579.0,235954481.0,0.03903295229218385
2024-10-24,10.19,10.33,10.16,10.22,5564400.0,56883493.0,235954481.0,0.02358251462916697
2024-10-25,10.23,10.41,10.2,10.41,7767123.0,80292217.0,235954481.0,0.032917887242836466
2024-10-28,10.35,10.57,10.27,10.56,14176449.0,147791579.0,235954481.0,0.06008128745815173
2024-10-29,10.53,10.54,10.21,10.24,10524612.0,108958299.0,235954481.0,0.04460441673069985
2024-10-30,10.2,10.3,10.05,10.17,6793010.0,69152350.0,235954481.0,0.02878949351252202
2024-10-31,10.15,10.26,10.11,10.2,7160100.0,72985899.0,235954481.0,0.030345259685913742
2024-11-01,10.15,10.22,9.96,9.99,9014113.0,90841681.0,235954481.0,0.03820276250655312
2024-11-04,9.93,10.24,9.93,10.22,8264538.0,83467821.0,235954481.0,0.03502598452453209
2024-11-05,10.2,10.38,10.17,10.37,10187089.0,104902996.0,235954481.0,0.04317395862467219
2024-11-06,10.37,10.46,10.24,10.42,11204682.0,116158314.0,235954481.0,0.04748662518513475
2024-11-07,10.41,10.96,10.36,10.94,21836227.0,235214861.0,235954481.0,0.09254423525866415
2024-11-08,10.98,11.09,10.72,10.83,15613858.0,169434100.0,235954481.0,0.06617317854624681
2024-11-11,10.77,10.83,10.6,10.83,10791100.0,115683647.0,235954481.0,0.04573382100762053
2024-11-12,10.8,11.04,10.76,10.9,13382039.0,146133179.0,235954481.0,0.05671449401293634
2024-11-13,10.84,10.94,10.66,10.84,8328211.0,89926752.0,235954481.0,0.035295837420438736
2024-11-14,10.78,10.89,10.58,10.6,7107098.0,76133975.0,235954481.0,0.030120631614535855
2024-11-15,10.61,10.73,10.47,10.49,6505610.0,69061287.0,235954481.0,0.027571461971938563
2024-11-18,10.58,10.67,10.28,10.33,7649540.0,80128396.0,235954481.0,0.03241955807569512
2024-11-19,10.31,10.4,10.17,10.4,7054740.0,72744146.0,235954481.0,0.029898732883144524
2024-11-20,10.36,10.57,10.33,10.56,5917530.0,61930174.0,235954481.0,0.025079116848812887
2024-11-21,10.55,10.58,10.36,10.49,5506030.0,57642510.0,235954481.0,0.023335136407093705
2024-11-22,10.5,10.53,10.05,10.07,7316400.0,75239252.0,235954481.0,0.03100767558637719
2024-11-25,10.11,10.3,10.04,10.28,5684528.0,57990599.0,235954481.0,0.024091629774981894
2024-11-26,10.23,10.44,10.23,10.32,5206200.0,53857946.0,235954481.0,0.022064425214285293
2024-11-27,10.27,10.48,10.05,10.47,6969300.0,71632250.0,235954481.0,0.02953662914331345
2024-11-28,10.44,10.89,10.41,10.76,14707028.0,157211362.0,235954481.0,0.06232993727294376
2024-11-29,10.82,11.39,10.76,11.11,29324840.0,326425483.0,235954481.0,0.1242817677194272
2024-12-02,11.09,11.45,11.01,11.33,20953312.0,236415271.0,235954481.0,0.08880234828004813
2024-12-03,11.6,11.73,11.16,11.21,22616918.0,257108168.0,235954481.0,0.09585288613357591
2024-12-04,11.12,11.39,10.98,11.03,17152112.0,191625013.0,235954481.0,0.07269246139046624
2024-12-05,10.99,11.05,10.84,10.96,12610745.0,137679577.0,235954481.0,0.0534456686160582
2024-12-06,10.97,11.21,10.89,11.16,13964012.0,154495811.0,235954481.0,0.059180957025351005
2024-12-09,11.14,11.2,10.93,11.04,9563623.0,105762122.0,235954481.0,0.04053164389787537
2024-12-10,11.47,11.59,11.13,11.15,17927261.0,203643790.0,235954481.0,0.07597762468431359
2024-12-11,11.15,12.05,11.15,11.71,30406059.0,355215090.0,235954481.0,0.12886408798483467
2024-12-12,11.68,11.83,11.55,11.82,21214415.0,248782471.0,235954481.0,0.08990893035847876
2024-12-13,11.73,11.81,11.61,11.66,17307975.0,202585415.0,235954481.0,0.07335302523879596
2024-12-16,11.6,11.65,11.3,11.37,13396195.0,153524090.0,235954481.0,0.0567744886353737
2024-12-17,11.33,11.34,11.0,11.03,11915607.0,132407517.0,235954481.0,0.05049960038690683
2024-12-18,11.08,11.16,10.91,11.06,9458249.0,104413982.0,235954481.0,0.040085057761628184
2024-12-19,10.92,11.01,10.73,10.95,11019295.0,119755581.0,235954481.0,0.046700935507980455
2024-12-20,10.95,11.3,10.89,11.21,11601071.0,129998303.0,235954481.0,0.049166563613597995
2024-12-23,11.2,11.2,10.61,10.64,10699519.0,115879446.0,235954481.0,0.0453456910614891
2024-12-24,10.66,10.98,10.66,10.88,6539251.0,70654829.0,235954481.0,0.027714036081391478
2024-12-25,10.87,10.87,10.52,10.69,6770400.0,72248459.0,235954481.0,0.02869366994560277
2024-12-26,10.68,10.78,10.66,10.73,5554600.0,59586101.0,235954481.0,0.02354098119458897
2024-12-27,10.75,11.43,10.69,11.23,17235938.0,191621940.0,235954481.0,0.07304772482790865
2024-12-30,11.2,11.28,10.95,11.0,9389634.0,103759240.0,235954481.0,0.03979426014799863
2024-12-31,11.02,11.38,10.85,10.88,14011100.0,155883086.0,235954481.0,0.059380520940392735
2025-01-02,10.88,11.2,10.78,10.92,14890849.0,164064876.0,235954481.0,0.06310899007677671
2025-01-03,10.92,11.03,10.19,10.3,15492934.0,163369319.0,235954481.0,0.0656606898683988
2025-01-06,10.17,10.34,9.81,10.13,9973600.0,100637343.0,235954481.0,0.04226916970481268
2025-01-07,10.13,10.22,9.89,10.1,7205726.0,72311189.0,235954481.0,0.030538627490613326
2025-01-08,10.08,10.09,9.71,9.92,8528626.0,84474678.0,235954481.0,0.036145217348086726
2025-01-09,9.85,10.14,9.8,9.9,8102199.0,81028851.0,235954481.0,0.03433797470453634
2025-01-10,9.9,9.91,9.41,9.41,10098800.0,97458753.0,235954481.0,0.04279978052207451
2025-01-13,9.31,9.58,9.16,9.57,6619800.0,62204991.0,235954481.0,0.028055411246883672
2025-01-14,9.58,9.82,9.57,9.77,10241238.0,99445260.0,235954481.0,0.04340344780313793
2025-01-15,9.78,9.87,9.69,9.77,6630700.0,64901102.0,235954481.0,0.02810160659758778
2025-01-16,10.5,10.75,10.28,10.75,11742184.0,124663082.0,235954481.0,0.04976461540478225
2025-01-17,11.1,11.11,10.55,10.78,32220564.0,348041153.0,235954481.0,0.13655415173064672
2025-01-20,10.79,10.88,10.6,10.74,15728547.0,169165149.0,235954481.0,0.06665924263587095
2025-01-21,10.81,10.9,10.56,10.63,9459917.0,100643373.0,235954481.0,0.04009212692171758
2025-01-22,10.6,10.63,10.47,10.5,6150700.0,64703005.0,235954481.0,0.0260673159243795
2025-01-23,10.65,10.71,10.53,10.53,7246710.0,77026704.0,235954481.0,0.03071232200926076
2025-01-24,10.51,10.56,10.45,10.56,6809000.0,71569806.0,235954481.0,0.028857260820573268
2025-01-27,10.56,10.73,10.51,10.51,6550298.0,69598210.0,235954481.0,0.027760854433614254
2025-02-05,10.56,10.64,10.37,10.47,4973100.0,52002019.0,235954481.0,0.021076522806108524
2025-02-06,10.42,10.54,10.39,10.54,6321164.0,66227692.0,235954481.0,0.026789760352124867
2025-02-07,10.52,10.68,10.45,10.53,8685798.0,91938848.0,235954481.0,0.0368113288766065
2025-02-10,10.52,10.86,10.52,10.86,10364149.0,111338506.0,235954481.0,0.043924357596751895
2025-02-11,10.88,11.0,10.79,10.93,8441600.0,91978825.0,235954481.0,0.03577639197282293
2025-02-12,10.89,11.08,10.84,10.86,8613963.0,94178626.0,235954481.0,0.03650688456304418
2025-02-13,10.84,11.01,10.8,10.82,7478198.0,81564038.0,235954481.0,0.03169339259126001
2025-02-14,10.8,10.84,10.68,10.75,5848400.0,62830421.0,235954481.0,0.0247861366108152
2025-02-17,10.76,10.96,10.72,10.93,6632800.0,71903880.0,235954481.0,0.028110506619283063
2025-02-18,10.92,10.96,10.64,10.7,6542707.0,70741180.0,235954481.0,0.027728682974238576
2025-02-19,10.68,10.78,10.64,10.77,5636200.0,60324325.0,235954481.0,0.023886810609034376
2025-02-20,10.77,10.9,10.72,10.9,5928800.0,64241255.0,235954481.0,0.02512688029857759
2025-02-21,10.9,10.94,10.73,10.81,6513800.0,70452799.0,235954481.0,0.02760617205655018
2025-02-24,10.83,11.33,10.83,11.32,19988006.0,222391775.0,235954481.0,0.08471127954548148
2025-02-25,11.17,11.27,11.02,11.11,13801700.0,153625342.0,235954481.0,0.058493061634205624
2025-02-26,11.02,11.22,11.01,11.12,11501362.0,127484991.0,235954481.0,0.04874398634540024
2025-02-27,11.12,11.2,11.03,11.18,9907200.0,110356637.0,235954481.0,0.04198775949501887
2025-02-28,11.18,11.28,10.97,10.99,10088800.0,112367113.0,235954481.0,0.04275739946638267
2025-03-03,11.01,11.14,10.85,10.92,7370400.0,81004649.0,235954481.0,0.03123653328711312
2025-03-04,10.88,10.96,10.82,10.96,4816599.0,52551684.0,235954481.0,0.02041325504642567
2025-03-05,10.94,11.16,10.75,11.06,11667140.0,127879472.0,235954481.0,0.04944657101044841
2025-03-06,11.06,11.14,10.96,11.11,9651140.0,106678421.0,235954481.0,0.04090255018297364
2025-03-07,11.09,11.22,11.02,11.15,8343100.0,92940843.0,235954481.0,0.035358938574258314
2025-03-10,11.21,11.25,11.11,11.21,6462700.0,72191490.0,235954481.0,0.02738960486196488
2025-03-11,11.14,11.73,11.08,11.47,16293349.0,184986050.0,235954481.0,0.06905293313755716
2025-03-12,11.46,11.68,11.35,11.45,12334298.0,141473398.0,235954481.0,0.05227405704577401
2025-03-13,11.45,11.5,11.26,11.38,8846199.0,100649131.0,235954481.0,0.03749112524800917
2025-03-14,11.38,11.86,11.38,11.81,20057449.0,234047546.0,235954481.0,0.08500558631052232
2025-03-17,11.93,12.32,11.86,12.02,20789999.0,250725187.0,235954481.0,0.088110210545228
2025-03-18,12.0,12.03,11.89,11.94,10977261.0,131082928.0,235954481.0,0.04652279097848538
2025-03-19,11.9,11.98,11.85,11.91,6426800.0,76549795.0,235954481.0,0.027237456872031177
2025-03-20,12.28,12.49,11.91,12.01,17814800.0,215417667.0,235954481.0,0.0755010030938976
2025-03-21,11.88,11.97,11.64,11.65,14431300.0,169906358.0,235954481.0,0.06116137290056382
2025-03-24,11.61,11.71,11.4,11.62,8577849.0,99082249.0,235954481.0,0.036353829618518664
2025-03-25,11.61,11.69,11.48,11.66,6161800.0,71455868.0,235954481.0,0.02611435889619744
2025-03-26,11.65,11.8,11.55,11.71,7008600.0,82114989.0,235954481.0,0.02970318669218238
2025-03-27,11.65,11.78,11.55,11.7,6094600.0,71091296.0,235954481.0,0.02582955820194828
2025-03-28,11.7,11.79,11.52,11.56,6699700.0,78008784.0,235954481.0,0.028394035881861467
2025-03-31,11.48,11.57,11.2,11.39,8202500.0,93290716.0,235954481.0,0.034763060931231056
2025-04-01,11.41,11.68,11.39,11.56,6169700.0,71485386.0,235954481.0,0.026147839930193994
2025-04-02,11.57,11.68,11.53,11.61,5033300.0,58526505.0,235954481.0,0.021331656761373392
2025-04-03,11.47,11.83,11.44,11.74,8310600.0,97327737.0,235954481.0,0.035221200143259836
2025-04-07,11.3,11.42,10.57,10.57,11841212.0,129294325.0,235954481.0,0.05018430652308739
2025-04-08,10.56,11.05,10.55,11.03,15194800.0,164738808.0,235954481.0,0.06439716650263573
2025-04-09,10.88,11.36,10.51,11.3,16319412.0,178597179.0,235954481.0,0.0691633908830068
2025-04-10,11.37,11.66,11.25,11.55,17075900.0,196755434.0,235954481.0,0.0723694668888276
2025-04-11,11.54,11.92,11.33,11.77,21726512.0,252583397.0,235954481.0,0.09207925150614113
2025-04-14,11.73,11.79,11.61,11.67,16333200.0,190777181.0,235954481.0,0.0692218258825947
2025-04-15,11.68,12.01,11.55,11.82,18386973.0,216919662.0,235954481.0,0.07792593267173425
2025-04-16,11.71,11.89,11.52,11.79,13473700.0,158110306.0,235954481.0,0.0571029630075133
2025-04-17,11.73,12.2,11.63,12.08,23092941.0,277590656.0,235954481.0,0.09787032186093554
2025-04-18,11.99,12.07,11.7,11.8,13196300.0,156367879.0,235954481.0,0.05592731252262168
2025-04-21,11.77,12.05,11.76,12.04,12002900.0,143849003.0,235954481.0,0.0508695573363576
2025-04-22,11.96,12.09,11.95,12.02,11255699.0,135355571.0,235954481.0,0.04770284061695781
2025-04-23,12.03,12.05,11.79,11.8,12960600.0,153760898.0,235954481.0,0.05492839103996503
2025-04-24,11.75,12.65,11.68,12.24,27878500.0,341734858.0,235954481.0,0.11815202611049375
2025-04-25,12.11,12.57,12.11,12.44,24323726.0,302590856.0,235954481.0,0.10308651862390357
2025-04-28,12.26,12.31,11.95,11.95,19163812.0,231917602.0,235954481.0,0.08121825836399352
2025-04-29,11.93,12.15,11.83,11.85,11756779.0,140275939.0,235954481.0,0.04982647055556449
2025-04-30,11.81,12.05,11.43,11.44,18201500.0,211104298.0,235954481.0,0.07713987851750101
2025-05-06,11.51,11.69,11.41,11.57,14296568.0,164289921.0,235954481.0,0.06059036446101653
2025-05-07,11.62,12.15,11.62,11.76,21837967.0,258290985.0,235954481.0,0.09255160956235453
2025-05-08,11.67,11.74,11.53,11.63,11088666.0,128944188.0,235954481.0,0.046994937129420315
2025-05-09,11.63,11.69,11.48,11.51,8488799.0,98184562.0,235954481.0,0.03597642631758284
2025-05-12,11.52,11.58,11.4,11.44,9338509.0,106927271.0,235954481.0,0.0395775870007741
2025-05-13,11.52,11.57,11.42,11.51,6996893.0,80401798.0,235954481.0,0.02965357119028394
2025-05-14,11.47,11.51,11.22,11.33,9876900.0,111741020.0,235954481.0,0.0418593448962726
2025-05-15,11.33,11.64,11.26,11.47,12864609.0,147929676.0,235954481.0,0.0545215710482735
2025-05-16,11.47,11.5,11.31,11.34,6783824.0,77049668.0,235954481.0,0.028750562274763497
2025-05-19,11.31,11.6,11.26,11.58,10508000.0,120756969.0,235954481.0,0.04453401332098457
2025-05-20,11.59,11.73,11.5,11.63,9417100.0,109480987.0,235954481.0,0.03991066395556184
2025-05-21,11.58,11.66,11.48,11.55,6099700.0,70342458.0,235954481.0,0.02585117254035112
2025-05-22,11.47,11.54,11.32,11.33,6508738.0,74180165.0,235954481.0,0.02758471876615897
2025-05-23,11.32,11.41,11.12,11.12,7209700.0,81249479.0,235954481.0,0.030555469722145265
2025-05-26,11.11,11.31,11.11,11.17,4880300.0,54666110.0,235954481.0,0.020683226609288254
2025-05-27,11.19,11.33,11.17,11.31,5727700.0,64649155.0,235954481.0,0.024274597268614705
2025-05-28,11.33,11.78,11.26,11.59,14881412.0,172510926.0,235954481.0,0.06306899507452032
2025-05-29,11.55,11.64,11.47,11.55,8435000.0,97326144.0,235954481.0,0.035748420476066314
2025-05-30,11.54,11.66,11.46,11.57,8671280.0,100236204.0,235954481.0,0.03674980005995309
2025-06-03,11.55,11.94,11.47,11.89,15856393.0,186597945.0,235954481.0,0.06720106748046883
2025-06-04,11.83,13.08,11.83,13.08,47745862.0,606134121.0,235954481.0,0.2023520036476866
2025-06-05,13.83,14.39,13.16,13.29,95808914.0,1319749405.0,235954481.0,0.4060482920008627
2025-06-06,13.18,13.55,12.76,12.78,60268833.0,790269232.0,235954481.0,0.25542567678551525
2025-06-09,12.91,12.99,12.62,12.74,37064646.0,472990492.0,235954481.0,0.15708388263243028
2025-06-10,12.78,12.84,12.45,12.61,28293340.0,356807398.0,235954481.0,0.119910161824814
2025-06-11,12.58,12.68,12.56,12.64,18096721.0,228554410.0,235954481.0,0.07669581405406749
2025-06-12,12.58,12.77,12.54,12.62,17307927.0,218697383.0,235954481.0,0.07335282180972863
2025-06-13,12.56,12.64,12.18,12.19,21696700.0,267178822.0,235954481.0,0.09195290510291262
2025-06-16,12.26,12.32,12.18,12.32,9561600.0,117279080.0,235954481.0,0.04052307021030891
2025-06-17,12.32,12.36,12.19,12.28,9437667.0,115713897.0,235954481.0,0.03999782907280324
2025-06-18,12.35,12.41,12.13,12.15,11714300.0,142996368.0,235954481.0,0.04964644006909112
2025-06-19,11.88,11.91,11.53,11.59,11641996.0,136300892.0,235954481.0,0.04934000808401685
2025-06-20,11.59,11.77,11.57,11.64,9139259.0,106823494.0,235954481.0,0.03873314446611421
2025-06-23,11.55,11.76,11.5,11.71,8388800.0,97732683.0,235954481.0,0.03555261999877002
2025-06-24,11.78,11.86,11.7,11.85,8778400.0,103646992.0,235954481.0,0.03720378592852407
2025-06-25,11.86,11.87,11.72,11.85,9336500.0,110207484.0,235954481.0,0.03956907264668561
2025-06-26,11.8,11.88,11.73,11.76,9251900.0,109243805.0,235954481.0,0.03921052891553265
2025-06-27,11.75,11.85,11.74,11.79,6106624.0,72072929.0,235954481.0,0.02588051718331215
2025-06-30,11.78,11.96,11.75,11.92,9972359.0,118232847.0,235954481.0,0.04226391021580133
2025-07-01,11.92,11.93,11.77,11.87,7216200.0,85469495.0,235954481.0,0.03058301740834496
2025-07-02,11.82,11.9,11.77,11.83,6899900.0,81681225.0,235954481.0,0.029242504616812087
2025-07-03,11.83,12.01,11.81,11.93,10985873.0,131105025.0,235954481.0,0.04655928954364719
2025-07-04,11.88,11.99,11.76,11.82,9441700.0,111931619.0,235954481.0,0.04001492135256376
2025-07-07,11.82,11.93,11.78,11.9,5861300.0,69596070.0,235954481.0,0.024840808172657675
2025-07-08,11.87,11.98,11.86,11.96,7727800.0,92304013.0,235954481.0,0.03275123221753945
2025-07-09,11.97,12.06,11.9,11.93,10945244.0,131280774.0,235954481.0,0.046387099552476815
2025-07-10,11.94,12.02,11.85,11.93,8275490.0,98582546.0,235954481.0,0.03507240025672579
2025-07-11,11.93,11.95,11.85,11.9,7671513.0,91367101.0,235954481.0,0.0325126819693668
2025-07-14,11.87,12.21,11.87,12.17,15779667.0,190874184.0,235954481.0,0.06687589459256763
2025-07-15,12.27,12.27,12.01,12.09,11074400.0,134076905.0,235954481.0,0.04693447631537034
2025-07-16,12.1,12.18,12.04,12.12,7001141.0,84688605.0,235954481.0,0.029671574662741836
2025-07-17,12.08,12.17,12.03,12.05,9167749.0,110704211.0,235954481.0,0.03885388809378026
2025-07-18,12.08,12.08,11.92,11.99,8649179.0,103602428.0,235954481.0,0.03665613368876856
2025-07-21,11.94,12.02,11.93,12.01,7074300.0,84856333.0,235954481.0,0.029981630228077764
2025-07-22,12.01,12.07,11.91,12.07,9575100.0,114934485.0,235954481.0,0.040580284635492896
2025-07-23,12.05,12.09,11.9,11.91,9100461.0,109122459.0,235954481.0,0.03856871444624101
2025-07-24,11.9,12.01,11.89,12.01,7752493.0,92609682.0,235954481.0,0.03285588375835931
2025-07-25,12.0,12.04,11.95,11.96,6182800.0,74133014.0,235954481.0,0.026203359113150304
2025-07-28,11.99,12.02,11.91,11.93,6319723.0,75489186.0,235954481.0,0.02678365324199967
2025-07-29,11.96,11.96,11.75,11.83,8115898.0,95898987.0,235954481.0,0.03439603251272859
2025-07-30,11.86,11.92,11.78,11.86,6529161.0,77456089.0,235954481.0,0.027671273596198413
2025-07-31,11.88,11.88,11.61,11.63,8065634.0,94513888.0,235954481.0,0.03418300837439913
2025-08-01,11.65,11.71,11.62,11.7,4211399.0,49156034.0,235954481.0,0.017848353555955567
2025-08-04,11.7,11.75,11.61,11.75,3931900.0,45974186.0,235954481.0,0.01666380728747423
2025-08-05,11.76,11.82,11.75,11.81,4312100.0,50859525.0,235954481.0,0.018275135024877955
2025-08-06,11.82,11.82,11.71,11.8,4617100.0,54334389.0,235954481.0,0.01956775722347905
2025-08-07,11.8,11.83,11.75,11.78,3712400.0,43742478.0,235954481.0,0.015733543115038363
2025-08-08,11.82,11.83,11.74,11.8,4281766.0,50469779.0,235954481.0,0.01814657633054233
2025-08-11,11.8,11.88,11.77,11.86,5395800.0,63918455.0,235954481.0,0.022867970030202564
2025-08-12,11.86,11.93,11.84,11.89,6026000.0,71654662.0,235954481.0,0.025538824159902267
2025-08-13,11.89,11.92,11.82,11.85,5773800.0,68453948.0,235954481.0,0.02446997393535408
2025-08-14,11.87,11.88,11.72,11.73,5780421.0,68194353.0,235954481.0,0.024498034432327648
2025-08-15,11.73,11.77,11.69,11.77,5995600.0,70342006.0,235954481.0,0.025409985750599075
2025-08-18,11.77,11.83,11.75,11.8,6317801.0,74529027.0,235954481.0,0.0267755076030957
2025-08-19,11.8,11.99,11.8,11.98,11131045.0,132643426.0,235954481.0,0.04717454380533676
2025-08-20,11.97,12.25,11.93,12.24,18437349.0,224193149.0,235954481.0,0.07813943147788746
2025-08-21,12.24,12.25,12.06,12.11,10867349.0,131745681.0,235954481.0,0.04605697231916524
2025-08-22,12.08,12.13,12.0,12.11,9410517.0,113448948.0,235954481.0,0.039882764506599895
2025-08-25,12.1,12.21,12.01,12.19,11694600.0,141633267.0,235954481.0,0.0495629493893782
2025-08-26,12.23,12.47,12.18,12.4,18052970.0,222785685.0,235954481.0,0.07651039269731012
2025-08-27,12.41,12.44,12.03,12.04,15345400.0,187844469.0,235954481.0,0.06503542520135483
2025-08-28,12.04,12.14,11.74,12.01,11027616.0,131783394.0,235954481.0,0.04673620078442164
2025-08-29,11.97,12.23,11.95,12.07,8905638.0,107864422.0,235954481.0,0.037743034004935894
2025-09-01,12.02,12.13,11.93,12.02,7786403.0,93665633.0,235954481.0,0.03299959791821033
2025-09-02,11.98,12.04,11.78,11.88,7370106.0,87587191.0,235954481.0,0.03123528728407578
2025-09-03,11.89,11.92,11.57,11.61,6848300.0,80198460.0,235954481.0,0.0290238183694422
2025-09-04,11.6,11.73,11.55,11.66,5825591.0,67894574.0,235954481.0,0.024689469660887687
2025-09-05,11.66,11.71,11.5,11.7,6806330.0,78987830.0,235954481.0,0.02884594507870355
2025-09-08,11.7,11.85,11.68,11.84,5256600.0,62002896.0,235954481.0,0.022278025734972163
2025-09-09,11.81,11.87,11.72,11.8,4125100.0,48576704.0,235954481.0,0.017482609283440562
2025-09-10,11.79,11.79,11.71,11.77,3051850.0,35887912.0,235954481.0,0.012934062481313928
2025-09-11,11.74,11.83,11.71,11.83,4591817.0,54102280.0,235954481.0,0.019460605200373373
2025-09-12,11.82,11.88,11.73,11.73,4821847.0,56835702.0,235954481.0,0.020435496624452747
2025-09-15,11.73,11.79,11.58,11.67,4194991.0,48953242.0,235954481.0,0.017778814719776395
2025-09-16,11.65,11.69,11.56,11.68,4225800.0,49143165.0,235954481.0,0.017909386514257383
2025-09-17,11.66,11.68,11.59,11.62,4286715.0,49834183.0,235954481.0,0.01816755071500422
2025-09-18,11.6,11.63,11.4,11.43,6526955.0,75226620.0,235954481.0,0.027661924335312792
2025-09-19,11.43,11.53,11.38,11.49,4540085.0,52000577.0,235954481.0,0.01924135952306835
2025-09-22,11.48,11.49,11.2,11.26,5206385.0,58892764.0,235954481.0,0.022065209263815593
2025-09-23,11.29,11.33,11.0,11.33,5615300.0,62558988.0,235954481.0,0.023798234202638432
2025-09-24,11.3,11.36,11.21,11.35,3201587.0,36182673.0,235954481.0,0.013568663694926819
2025-09-25,11.35,11.35,11.2,11.2,3017063.0,33942946.0,235954481.0,0.012786631502878726
2025-09-26,11.2,11.45,11.18,11.42,5537223.0,63038124.0,235954481.0,0.02346733563411326
2025-09-29,11.39,11.41,11.24,11.3,3551832.0,40181018.0,235954481.0,0.015053038980005639
2025-09-30,11.27,11.35,11.27,11.32,2633002.0,29799641.0,235954481.0,0.011158940439872384
2025-10-09,11.37,11.38,11.2,11.32,3497712.0,39421939.0,235954481.0,0.014823672706601405
2025-10-10,11.34,11.5,11.28,11.47,4965722.0,56824143.0,235954481.0,0.021045254063219082
2025-10-13,11.29,11.42,11.25,11.41,3892000.0,44147432.0,235954481.0,0.016494706875263793
2025-10-14,11.41,11.49,11.36,11.45,4715100.0,53937864.0,235954481.0,0.019983091569259072
2025-10-15,11.45,12.52,11.39,11.98,26922071.0,323945135.0,235954481.0,0.11409857903906474
2025-10-16,11.91,11.97,11.67,11.79,16097131.0,189964343.0,235954481.0,0.06822134053898303
2025-10-17,11.76,11.88,11.62,11.63,8797799.0,103181788.0,235954481.0,0.03728600093846067
2025-10-20,11.7,11.75,11.6,11.69,5515555.0,64304964.0,235954481.0,0.023375504362640184
2025-10-21,11.7,11.73,11.61,11.71,6179155.0,72106964.0,235954481.0,0.026187911218350627
2025-10-22,11.71,11.78,11.66,11.73,4793455.0,56199988.0,235954481.0,0.020315168331132477
2025-10-23,11.68,11.88,11.67,11.87,7356908.0,86759580.0,235954481.0,0.03117935276677369
2025-10-24,11.86,11.88,11.71,11.74,6135700.0,72277516.0,235954481.0,0.02600374434084174
2025-10-27,11.78,11.88,11.66,11.88,7816849.0,92047828.0,235954481.0,0.033128631280369705
2025-10-28,11.85,12.02,11.83,11.96,7300600.0,87291560.0,235954481.0,0.03094071351838408
2025-10-29,11.94,11.96,11.79,11.93,6403255.0,76010184.0,235954481.0,0.027137670676404744
2025-10-30,11.93,12.0,11.83,11.85,5955649.0,70921053.0,235954481.0,0.025240669195004607
2025-10-31,11.84,11.92,11.8,11.9,5309363.0,62982838.0,235954481.0,0.02250164089911901
2025-11-03,11.89,12.0,11.84,12.0,6517012.0,77824464.0,235954481.0,0.027619784851638397
2025-11-04,12.0,12.02,11.9,11.97,4650299.0,55600722.0,235954481.0,0.019708458090270387
2025-11-05,11.88,12.09,11.85,12.07,7253100.0,87283371.0,235954481.0,0.030739403503847847
2025-11-06,12.02,12.07,11.98,12.0,5061800.0,60785237.0,235954481.0,0.021452442770095136
2025-11-07,12.02,12.15,11.98,12.07,7584200.0,91740170.0,235954481.0,0.03214264025780464
2025-11-10,12.1,12.35,12.03,12.3,12012900.0,147085685.0,235954481.0,0.05091193839204944
2025-11-11,12.26,12.4,12.18,12.36,11027858.0,135588141.0,235954481.0,0.046737226405969376
2025-11-12,12.32,12.41,12.2,12.29,8429998.0,103459179.0,235954481.0,0.035727221472009255
2025-11-13,12.24,12.3,12.15,12.27,8793106.0,107562347.0,235954481.0,0.03726611150902449
2025-11-14,12.23,12.49,12.22,12.27,11856899.0,146586465.0,235954481.0,0.05025078968515118
2025-11-17,12.3,12.52,12.23,12.37,11911418.0,147487547.0,501730834.00000006,0.02374065373865382
2025-11-18,12.4,12.4,12.08,12.17,11096800.0,135184790.0,501730834.00000006,0.02211703815675797
2025-11-19,12.19,12.22,11.95,12.06,7462833.0,90004823.0,501730834.00000006,0.014874176539048423
2025-11-20,12.13,12.13,11.87,11.95,5518600.0,66038720.0,501730834.00000006,0.010999124682060102
2025-11-21,11.87,12.01,11.56,11.58,7544000.0,88413068.0,501730834.00000006,0.015035950531196572
2025-11-24,11.69,11.78,11.58,11.72,4464632.0,52209785.0,501730834.00000006,0.00889846048409295
2025-11-25,11.72,11.84,11.65,11.7,4433700.0,52096731.0,501730834.00000006,0.008836809897954167
2025-11-26,11.7,11.86,11.65,11.67,4391600.0,51564650.0,501730834.00000006,0.008752900364899638
2025-11-27,11.67,11.82,11.63,11.79,4939625.0,58088830.0,501730834.00000006,0.00984516929250555
2025-11-28,11.7,11.87,11.65,11.83,4793400.0,56461396.0,501730834.00000006,0.00955372816493076
2025-12-01,11.76,11.85,11.65,11.81,5143400.0,60683603.0,501730834.00000006,0.0102513133565955
2025-12-02,11.86,12.01,11.73,11.98,6691957.0,79763346.0,501730834.00000006,0.013337743161306285
2025-12-03,12.01,12.23,11.95,12.21,11196300.0,135943724.0,501730834.00000006,0.022315351661245517
2025-12-04,12.2,12.21,12.06,12.08,5795894.0,70304535.0,501730834.00000006,0.01155179950531005
2025-12-05,12.07,12.26,12.01,12.23,5759626.0,70051511.0,501730834.00000006,0.011479513734649203
2025-12-08,12.23,12.35,12.17,12.23,6332709.0,77490027.0,501730834.00000006,0.012621725775777215
2025-12-09,12.22,12.29,12.12,12.15,5899100.0,71919024.0,501730834.00000006,0.011757499440427054
2025-12-10,12.25,12.41,12.05,12.09,8391124.0,102495465.0,501730834.00000006,0.016724353839493146
2025-12-11,12.15,12.16,11.88,11.89,6186000.0,74017871.0,501730834.00000006,0.01232931998753738
2025-12-12,11.89,12.36,11.86,12.07,11663300.0,141684460.0,501730834.00000006,0.02324612961698104
2025-12-15,12.06,12.35,12.01,12.3,10822309.0,132442782.0,501730834.00000006,0.02156994999434298
2025-12-16,12.31,12.36,12.05,12.14,6498872.0,79138363.0,501730834.00000006,0.012952905342070324
2025-12-17,12.14,12.26,12.01,12.14,7392800.0,89801791.0,501730834.00000006,0.014734593728397404
2025-12-18,12.1,12.22,12.06,12.15,5767691.0,70098746.0,501730834.00000006,0.011495588090565707
2025-12-19,12.19,12.42,12.1,12.39,12838012.0,158133389.0,501730834.00000006,0.02558744874746924
2025-12-22,12.38,12.88,12.35,12.67,16040412.0,202094159.0,501730834.00000006,0.031970153941146856
2025-12-23,12.61,12.75,12.38,12.45,11671500.0,145888393.0,501730834.00000006,0.023262473041471474
2025-12-24,12.43,12.6,12.39,12.54,7430669.0,92907866.0,501730834.00000006,0.014810070453034981
2025-12-25,12.53,12.55,12.39,12.43,6651700.0,82766502.0,501730834.00000006,0.013257506912561006
2025-12-26,12.4,12.49,12.33,12.35,5805602.0,71995512.0,501730834.00000006,0.011571148525426284
2025-12-29,12.38,12.48,12.22,12.28,7425900.0,91699282.0,501730834.00000006,0.014800565356523413
2025-12-30,12.23,12.27,12.07,12.1,6483198.0,78696898.0,501730834.00000006,0.01292166548408703
2025-12-31,12.16,12.2,12.02,12.11,5467604.0,66152890.0,501730834.00000006,0.010897484526534001
2026-01-05,12.15,12.33,12.15,12.23,7622489.0,93346962.0,501730834.00000006,0.015192387000078212
2026-01-06,12.22,12.39,12.19,12.34,7168691.0,88195312.0,501730834.00000006,0.01428792195777228
2026-01-07,12.29,12.34,12.12,12.17,7773600.0,94854078.0,501730834.00000006,0.015493566416928641
2026-01-08,12.16,12.26,12.09,12.23,6008500.0,73225484.0,501730834.00000006,0.011975544640335976
2026-01-09,12.21,12.42,12.19,12.36,8031114.0,98942424.0,501730834.00000006,0.016006817711346797
2026-01-12,12.37,12.39,12.24,12.36,9635789.0,118477106.0,501730834.00000006,0.01920509633258856
2026-01-13,12.33,12.44,12.22,12.27,10026889.0,123675006.0,501730834.00000006,0.019984597956760216
2026-01-14,12.27,12.36,11.99,12.15,11051300.0,134895051.0,501730834.00000006,0.022026352081841553
2026-01-15,12.16,12.25,12.12,12.18,5531512.0,67492667.0,501730834.00000006,0.011024859596330887
2026-01-16,12.22,12.29,12.1,12.18,5658000.0,68917577.0,501730834.00000006,0.011276962898397429
2026-01-19,12.18,12.54,12.14,12.52,11575023.0,143627199.0,501730834.00000006,0.023070184679939362
2026-01-20,12.52,12.79,12.47,12.68,12945500.0,164006146.0,501730834.00000006,0.025801683139131126
2026-01-21,12.68,12.71,12.54,12.68,7498500.0,94841900.0,501730834.00000006,0.014945264456280156
2026-01-22,12.66,12.82,12.64,12.76,7216866.0,91981864.0,501730834.00000006,0.014383939576653564
2026-01-23,12.8,12.81,12.65,12.69,5698117.0,72405504.0,501730834.00000006,0.011356920113066042
2026-01-26,12.72,12.85,12.58,12.83,9164934.0,116786911.0,501730834.00000006,0.018266634974241983
2026-01-27,12.78,12.78,12.41,12.59,7655900.0,96154171.0,501730834.00000006,0.015258978482474527
2026-01-28,12.59,12.74,12.51,12.68,6131200.0,77418286.0,501730834.00000006,0.012220098077528158
2026-01-29,12.68,13.09,12.65,13.05,20129335.0,260628335.0,501730834.00000006,0.040119788611596464
2026-01-30,12.92,12.94,12.6,12.77,15699000.0,200413248.0,501730834.00000006,0.03128968549698502
2026-02-02,12.74,13.02,12.66,12.7,13065100.0,168189126.0,501730834.00000006,0.026040057964625708
2026-02-03,12.7,12.76,12.45,12.53,12396300.0,155670267.0,501730834.00000006,0.02470707231838177
2026-02-04,12.53,12.69,12.51,12.66,7923200.0,99998092.0,501730834.00000006,0.01579173425885163
2026-02-05,12.65,12.76,12.56,12.67,7724619.0,97822090.0,501730834.00000006,0.015395942359005982
2026-02-06,12.6,12.76,12.6,12.64,5927800.0,75151096.0,501730834.00000006,0.011814701426143564
2026-02-09,12.66,12.74,12.6,12.74,5686000.0,72124542.0,501730834.00000006,0.011332769713730609
2026-02-10,12.76,12.76,12.61,12.61,5503502.0,69554582.0,501730834.00000006,0.010969032849992231
2026-02-11,12.61,12.63,12.49,12.5,4897999.0,61482081.0,501730834.00000006,0.009762204489110589
2026-02-12,12.48,12.49,12.32,12.35,5098400.0,63162686.0,501730834.00000006,0.01016162383195289
2026-02-13,12.36,12.45,12.27,12.29,5254800.0,64938027.0,501730834.00000006,0.010473344757599649
2026-02-24,12.38,12.56,12.36,12.55,5238000.0,65408171.0,501730834.00000006,0.01043986066839974
2026-02-25,12.56,12.89,12.5,12.74,8481103.0,108244493.0,501730834.00000006,0.016903691033666866
2026-02-26,12.74,12.79,12.59,12.72,5562772.0,70471478.0,501730834.00000006,0.011087163919449286
2026-02-27,12.7,12.88,12.67,12.88,6043500.0,77352194.0,501730834.00000006,0.01204530315950245
2026-03-02,12.75,12.96,12.68,12.83,7942161.0,101833706.0,501730834.00000006,0.015829525438334928
2026-03-03,12.81,13.04,12.71,12.72,12564838.0,161712278.0,501730834.00000006,0.02504298549847546
2026-03-04,12.65,12.91,12.55,12.8,8604200.0,110035994.0,501730834.00000006,0.017149035731776452
2026-03-05,12.92,12.94,12.68,12.72,6980500.0,89341710.0,501730834.00000006,0.01391283837261634
2026-03-06,12.7,13.11,12.64,13.05,10330046.0,133821223.0,501730834.00000006,0.020588820339473093
2026-03-09,12.99,13.12,12.86,12.88,10059700.0,130437394.0,501730834.00000006,0.020049993578827963
2026-03-10,13.0,13.24,12.87,13.08,9785945.0,127948424.0,501730834.00000006,0.019504372338416016
2026-03-11,13.09,13.12,12.93,13.1,6745900.0,87907905.0,501730834.00000006,0.013445256984146203
2026-03-12,13.1,13.15,13.0,13.13,7526000.0,98504238.0,501730834.00000006,0.015000074721339528
2026-03-13,13.12,13.98,13.1,13.76,32666358.0,445385609.0,501730834.00000006,0.06510733601834005
2026-03-16,13.96,14.37,13.58,13.69,27395148.0,379899447.0,501730834.00000006,0.05460128448075407
2026-03-17,13.67,14.0,13.3,13.32,18907100.0,255956668.0,501730834.00000006,0.037683751363784025
2026-03-18,13.46,13.46,13.16,13.28,10353398.0,137386235.0,501730834.00000006,0.020635363223460965
2026-03-19,13.2,13.32,12.88,12.9,12849729.0,167856972.0,501730834.00000006,0.025610801906585632
2026-03-20,12.94,13.05,12.62,12.71,12341345.0,157780648.0,501730834.00000006,0.024597541477787668
2026-03-23,12.49,12.59,11.67,12.01,21456583.0,258906723.0,501730834.00000006,0.04276512732721545
2026-03-24,12.09,12.4,11.82,12.38,12062800.0,146569660.0,501730834.00000006,0.024042373285752653
2026-03-25,12.39,13.03,12.34,12.95,14208200.0,182113292.0,501730834.00000006,0.028318371200602748
2026-03-26,12.99,13.23,12.87,12.97,9766924.0,126878895.0,501730834.00000006,0.01946646157289986
2026-03-27,12.8,13.48,12.73,13.18,15947087.0,211192696.0,501730834.00000006,0.03178414783254082
2026-03-30,13.18,13.42,13.08,13.33,11041900.0,147090561.0,501730834.00000006,0.022007616936693987
2026-03-31,13.28,13.45,13.19,13.21,8151700.0,108298111.0,501730834.00000006,0.016247157733981322
2026-04-01,13.28,13.45,13.2,13.39,7732700.0,103284136.0,501730834.00000006,0.015412048604531247
2026-04-02,13.35,13.47,13.29,13.41,8472700.0,113464802.0,501730834.00000006,0.01688694300976527
2026-04-03,13.41,13.51,13.03,13.07,10309695.0,135996471.0,501730834.00000006,0.02054825875022861
2026-04-07,13.07,13.4,12.95,13.34,12346500.0,163477105.0,501730834.00000006,0.024607815911110616
2026-04-08,13.4,13.67,13.35,13.67,11357700.0,153628548.0,501730834.00000006,0.022637038089630343
2026-04-09,13.53,13.8,13.49,13.59,9160100.0,124577767.0,501730834.00000006,0.01825700032619482
2026-04-10,13.67,13.8,13.51,13.68,10840300.0,148172911.0,501730834.00000006,0.021605807866295096
2026-04-13,13.65,13.73,13.47,13.64,7837300.0,106475346.0,501730834.00000006,0.015620526921811624
2026-04-14,13.67,13.73,13.43,13.56,6630334.0,89781020.0,501730834.00000006,0.013214922326260696
2026-04-15,13.62,13.62,13.33,13.41,6934458.0,93003744.0,501730834.00000006,0.013821072037203118
2026-04-16,13.41,13.59,13.35,13.5,5658300.0,76142776.0,501730834.00000006,0.011277560828561713
2026-04-17,13.48,13.64,13.39,13.62,6403634.0,86712465.0,501730834.00000006,0.012763086432116705
2026-04-20,13.68,13.77,13.49,13.75,8795648.0,119985492.0,501730834.00000006,0.01753061084541597
2026-04-21,12.95,13.13,12.38,12.41,29601473.0,371305657.0,501730834.00000006,0.05899871204646752
2026-04-22,12.38,12.68,12.28,12.54,12661204.0,157916552.0,501730834.00000006,0.02523505262584679
2026-04-23,12.5,12.71,12.36,12.64,10237149.0,128768205.0,501730834.00000006,0.02040366727790144
2026-04-24,12.55,12.73,12.47,12.56,7273326.0,91650707.0,501730834.00000006,0.014496470033571823
2026-04-27,12.56,12.72,12.43,12.55,9347325.0,117461943.0,501730834.00000006,0.018630158576221766
2026-04-28,12.22,12.51,11.9,12.48,16681125.0,203647056.0,501730834.00000006,0.03324715937230997
2026-04-29,12.42,12.8,12.4,12.73,9538211.0,120781949.0,501730834.00000006,0.019010613567353524
2026-04-30,12.67,13.65,12.67,13.27,18684337.0,248069912.0,501730834.00000006,0.03723976230649599
2026-05-06,13.32,13.72,13.25,13.45,13014700.0,175096875.0,501730834.00000006,0.025939605697025983
2026-05-07,13.42,13.6,13.17,13.34,9750428.0,129466808.0,501730834.00000006,0.019433583386266426
2026-05-08,13.26,13.4,13.22,13.33,6785400.0,90268236.0,501730834.00000006,0.013523984455776938
2026-05-11,13.4,13.43,13.13,13.19,7691900.0,101736985.0,501730834.00000006,0.015330730102188616
2026-05-12,13.17,13.17,12.68,12.71,9969279.0,128009214.0,501730834.00000006,0.0198697754342122
2026-05-13,12.72,12.76,12.48,12.56,8268969.0,104242166.0,501730834.00000006,0.016480886642099415
2026-05-14,12.6,12.68,12.37,12.47,8076078.0,101191470.0,501730834.00000006,0.01609643548436969
2026-05-15,12.47,12.48,12.18,12.36,8086800.0,99756214.0,501730834.00000006,0.016117805508441205
2026-05-18,12.51,12.79,11.8,11.81,17809703.0,214459759.0,501730834.00000006,0.035496528802134567
2026-05-19,11.73,11.83,11.55,11.74,8484700.0,99089223.0,501730834.00000006,0.016910860216336632
2026-05-20,11.74,12.09,11.63,11.96,8054199.0,95607884.0,501730834.00000006,0.016052828437488453
2026-05-21,11.93,12.04,11.61,11.68,6411735.0,75862483.0,501730834.00000006,0.012779232539652923
2026-05-22,11.75,11.75,11.3,11.4,7730300.0,88343480.0,501730834.00000006,0.015407265163216975
2026-05-25,11.35,11.4,11.2,11.4,5980745.0,67485652.0,501730834.00000006,0.011920226134636962
2026-05-26,11.36,11.36,11.14,11.3,4815364.0,54080973.0,501730834.00000006,0.009597504625358542
2026-05-27,11.3,11.3,10.89,11.05,8118414.0,89774853.0,501730834.00000006,0.016180815389153457
2026-05-28,11.05,11.26,10.94,11.14,5070700.0,56473771.0,501730834.00000006,0.010106414946783994
2026-05-29,11.06,11.48,11.05,11.4,8091095.0,91605938.0,501730834.00000006,0.016126365875293203
2026-06-01,11.32,11.59,11.27,11.59,5993771.0,68874404.0,501730834.00000006,0.011946188262370176
2026-06-02,11.54,11.6,11.13,11.17,6679800.0,75384811.0,501730834.00000006,0.013313513037948949
2026-06-03,11.13,11.24,10.68,10.76,8298500.0,90213351.0,501730834.00000006,0.01653974489437099
2026-06-04,10.7,10.82,10.35,10.49,8060761.0,84562953.0,501730834.00000006,0.016065907163281896
2026-06-05,10.5,10.75,10.33,10.56,5820300.0,61250459.0,501730834.00000006,0.011600443117275107
2026-06-08,10.4,10.53,10.14,10.21,5449946.0,56171276.0,501730834.00000006,0.010862290357064241
2026-06-09,10.23,10.34,9.88,9.98,7172146.0,71874002.0,501730834.00000006,0.014294808120164286
2026-06-10,9.9,10.58,9.9,10.23,9097800.0,93220766.0,501730834.00000006,0.018132830162078496
2026-06-11,10.09,10.14,9.74,9.86,8402300.0,83090697.0,501730834.00000006,0.016746628731213277
2026-06-12,9.85,10.14,9.83,10.02,7584500.0,75760446.0,501730834.00000006,0.015116671103374921
2026-06-15,9.97,10.08,9.56,9.66,11585900.0,112806930.0,501730834.00000006,0.023091863634595755
2026-06-16,9.62,9.66,9.35,9.42,8134500.0,76581114.0,501730834.00000006,0.01621287640456237
2026-06-17,9.43,9.45,9.28,9.32,5446736.0,50787734.0,501730834.00000006,0.010855892504306401
2026-06-18,9.29,9.39,9.18,9.33,4477100.0,41623842.0,501730834.00000006,0.008923310461720596
2026-06-22,9.29,9.31,9.02,9.29,6694168.0,61126785.0,501730834.00000006,0.013342149906617059
2026-06-23,9.28,9.47,9.23,9.31,4845468.0,45295068.0,501730834.00000006,0.009657504924243901
2026-06-24,9.33,9.33,9.07,9.13,5752847.0,52589738.0,501730834.00000006,0.01146600250603693
2026-06-25,8.94,8.95,8.69,8.75,6105168.0,53574828.0,501730834.00000006,0.012168213684072683
2026-06-26,8.67,8.73,8.5,8.5,7336700.0,62992473.0,501730834.00000006,0.014622780787676284
2026-06-29,8.45,8.64,8.29,8.59,7080137.0,60036412.0,501730834.00000006,0.014111424931878912
2026-06-30,8.54,8.57,8.33,8.39,5279700.0,44428912.0,501730834.00000006,0.010522972961235225
2026-07-01,8.45,8.74,8.33,8.65,7441900.0,63814287.0,501730834.00000006,0.014832454965285229
2026-07-02,8.7,8.8,8.56,8.67,6042300.0,52436872.0,501730834.00000006,0.012042911438845314
2026-07-03,8.78,8.9,8.7,8.85,4588500.0,40470624.0,501730834.00000006,0.009145341862724744
2026-07-06,8.82,8.92,8.75,8.83,4379500.0,38650700.0,501730834.00000006,0.008728783848273514
2026-07-07,8.75,8.9,8.48,8.56,4961200.0,42544774.0,501730834.00000006,0.009888170436820313
2026-07-08,8.53,8.61,8.42,8.54,3924700.0,33378084.0,501730834.00000006,0.007822321719218874
2026-07-09,8.53,8.59,8.33,8.42,4131168.0,34849651.0,501730834.00000006,0.008233833203083548
2026-07-10,8.41,8.68,8.34,8.59,4894144.0,41912338.0,501730834.00000006,0.009754521086499539
2026-07-13,8.61,8.61,8.44,8.5,3781700.0,32136753.0,501730834.00000006,0.007537308340910137
2026-07-14,8.36,8.58,8.36,8.55,4735800.0,40262979.0,501730834.00000006,0.00943892557338822
2026-07-15,8.52,8.81,8.47,8.73,4542500.0,39578248.0,501730834.00000006,0.009053659237534522
2026-07-16,8.73,8.85,8.63,8.82,5138900.0,45056088.0,501730834.00000006,0.01024234440413124
2026-07-17,8.78,8.95,8.52,8.61,6079000.0,52977658.0,501730834.00000006,0.01211605822894273
2026-07-20,8.54,8.8,8.49,8.59,6433369.0,55726636.0,501730834.00000006,0.012822351276899995
2026-07-21,8.59,8.63,8.3,8.32,9141200.0,77050495.0,501730834.00000006,0.018219330725844925
2026-07-22,8.33,8.37,8.14,8.23,5723501.0,47130537.0,501730834.00000006,0.011407512977366663
2026-07-23,8.21,8.38,8.17,8.37,4096500.0,33965148.0,501730834.00000006,0.00816473639329888
2026-07-24,8.37,8.38,8.1,8.12,3703600.0,30421081.0,501730834.00000006,0.00738164718814152
2026-07-27,8.05,8.35,8.05,8.32,3972500.0,32873787.0,501730834.00000006,0.007917591925394802
2026-07-28,8.31,8.49,8.28,8.48,4351800.0,36652834.0,501730834.00000006,0.008673574963104618
2026-07-29,8.54,8.8,8.48,8.66,4963400.0,43025988.0,501730834.00000006,0.009892555258025062
2026-07-30,8.62,8.83,8.6,8.68,5303100.0,46264577.0,501730834.00000006,0.010569611514049383
2026-07-31,8.6,8.78,8.57,8.77,4360933.0,37946564.0,501730834.00000006,0.008691777950405972
2026-08-03,8.78,8.95,8.74,8.92,4755000.0,42172696.0,501730834.00000006,0.009477193103902399
2026-08-04,8.91,8.95,8.78,8.83,4297000.0,38039120.0,501730834.00000006,0.008564353053095396
2026-08-05,8.83,8.89,8.75,8.78,4066500.0,35789613.0,501730834.00000006,0.008104943376870474
2026-08-06,8.8,8.82,8.64,8.77,3551200.0,30948385.0,501730834.00000006,0.007077898664685216
2026-08-07,8.72,8.74,8.49,8.65,5085600.0,43736860.0,501730834.00000006,0.010136112144943437
2026-08-10,8.65,8.89,8.63,8.89,6229133.0,54979410.0,501730834.00000006,0.012415288393457595
2026-08-11,8.88,8.9,8.76,8.78,3914800.0,34491958.0,501730834.00000006,0.0078025900237975
2026-08-12,8.76,8.83,8.71,8.78,3572606.0,31321085.0,501730834.00000006,0.007120562975007431
2026-08-13,8.77,8.79,8.64,8.65,4484380.0,38999571.0,501730834.00000006,0.008937820233707223
2026-08-14,8.62,8.66,8.51,8.51,3872000.0,33105448.0,501730834.00000006,0.007717285320359641
2026-08-17,8.5,8.65,8.41,8.6,4417800.0,37864873.0,501730834.00000006,0.008805119599247112
2026-08-18,8.59,8.84,8.54,8.75,10195230.0,89135585.0,501730834.00000006,0.020320118496046025
2026-08-19,8.74,9.63,8.68,9.63,30358424.0,288564539.0,501730834.00000006,0.06050739149908414
2026-08-20,9.34,9.51,9.01,9.15,35103222.0,321513560.0,501730834.00000006,0.06996425099119978
2026-08-21,9.08,9.13,8.79,8.86,16990835.0,150835100.0,501730834.00000006,0.03386444254291136
2026-08-24,8.82,8.95,8.57,8.6,14526000.0,126756253.0,501730834.00000006,0.028951778554634332
2026-08-25,8.6,9.18,8.6,8.84,14769700.0,130561738.0,501730834.00000006,0.029437497158087755
2026-08-26,8.78,8.93,8.75,8.84,13230800.0,117163779.0,501730834.00000006,0.02637031472536527
2026-08-27,8.79,9.07,8.78,9.03,13656121.0,122205432.0,501730834.00000006,0.02721802224337681
2026-08-28,9.01,9.27,8.92,9.21,14443721.0,132199404.0,501730834.00000006,0.028787788234677238
2026-08-31,9.23,9.27,9.1,9.12,11288000.0,103666806.0,501730834.00000006,0.02249811898146168
2026-09-01,9.12,9.44,9.09,9.35,12848900.0,120049207.0,501730834.00000006,0.025609149626231658
2026-09-02,9.24,9.33,9.1,9.15,8670800.0,79540737.0,501730834.00000006,0.017281776228247513
2026-09-03,9.14,9.2,9.0,9.04,6667842.0,60466180.0,501730834.00000006,0.013289679541600584
2026-09-04,9.04,9.29,9.0,9.22,8334900.0,76644861.0,501730834.00000006,0.016612293754304123
2026-09-07,9.26,9.44,9.23,9.39,9582549.0,89910405.0,501730834.00000006,0.019098983659433612
2026-09-08,9.41,10.2,9.41,9.86,25384457.0,248592107.0,501730834.00000006,0.05059377514757245
2026-09-09,9.8,10.2,9.68,9.91,23716421.0,237136413.0,501730834.00000006,0.04726921168253334
2026-09-10,9.94,10.49,9.62,9.82,22633322.0,226216841.0,501730834.00000006,0.04511048647251366
2026-09-11,9.83,9.9,9.26,9.3,17247649.0,162964220.0,501730834.00000006,0.034376298666946185
2026-09-14,9.32,9.38,9.06,9.12,10803299.0,98907912.0,501730834.00000006,0.021532061152932845
2026-09-15,9.12,9.17,8.88,8.91,8852800.0,79641383.0,501730834.00000006,0.01764452052791318
2026-09-16,8.83,8.98,8.77,8.89,7256800.0,64476281.0,501730834.00000006,0.014463532053921962
2026-09-17,8.8,9.02,8.69,8.98,7446598.0,66136935.0,501730834.00000006,0.014841818551657917
2026-09-18,8.97,9.12,8.88,9.07,7356001.0,66422819.0,501730834.00000006,0.014661249621345773
2026-09-21,9.08,9.24,9.0,9.22,7093200.0,64806255.0,501730834.00000006,0.014137460804332386
2026-09-22,9.11,9.19,8.99,9.11,6633722.0,60294496.0,501730834.00000006,0.01322167495091601
2026-09-23,9.1,9.45,9.0,9.18,10680922.0,98669757.0,501730834.00000006,0.021288151487217546
2026-09-24,9.09,9.24,8.98,9.1,8006023.0,72790129.0,501730834.00000006,0.015956808825506624
