证券简称,机构名称,境外法人持股,证券投资基金持股,国家持股-受限,国有法人持股,配售法人股,发起人股份,未流通股份,其中：境外自然人持股,其他流通受限股份,其他流通股,外资持股-受限,内部职工股,境外上市外资股-H股,其中：境内法人持股,自然人持股,人民币普通股,国有法人持股-受限,一般法人持股,控股股东、实际控制人,其中：限售H股,变动原因,公告日期,境内法人持股,证券代码,变动日期,战略投资者持股,国家持股,其中：限售B股,其他未流通股,流通受限股份,优先股,高管股,总股本,其中：限售高管股,转配股,境内上市外资股-B股,其中：境外法人持股,募集法人股,已流通股份,其中：境内自然人持股,其他内资持股-受限,变动原因编码
辉隆股份,安徽辉隆农资集团股份有限公司,0.0,,,,0.0,11200.0,11200.0,,0.0,,0.0,,,0.0,5432.82,,,,,,定期报告,2011-04-21,5767.18,002556,2010-12-31,0.0,,,,0.0,,,11200.0,,,,,,0.0,0.0,0.0,015019
辉隆股份,安徽辉隆农资集团股份有限公司,,0.0,0.0,,750.0,0.0,0.0,,11200.0,0.0,0.0,,0.0,5767.18,,3000.0,0.0,750.0,,,A股上市,2011-03-01,,002556,2011-03-02,0.0,0.0,,,11950.0,,0.0,14950.0,,,0.0,0.0,,3000.0,5432.82,11200.0,015001
辉隆股份,安徽辉隆农资集团股份有限公司,,0.0,0.0,,1200.0,0.0,0.0,0.0,17920.0,,0.0,,,9227.488,,4800.0,0.0,1200.0,,,转增,2011-05-17,,002556,2011-05-23,,,,,19120.0,,0.0,23920.0,,,,0.0,,4800.0,8692.512,17920.0,015011
辉隆股份,安徽辉隆农资集团股份有限公司,,0.0,0.0,,0.0,0.0,0.0,0.0,17920.0,,0.0,,0.0,9227.488,,6000.0,0.0,0.0,,,配售股份上市,2011-05-30,,002556,2011-06-02,0.0,,,,17920.0,,0.0,23920.0,,,0.0,0.0,,6000.0,8692.512,17920.0,015009
辉隆股份,安徽辉隆农资集团股份有限公司,,0.0,0.0,,0.0,,0.0,0.0,17920.0,,0.0,,0.0,9227.488,,6000.0,0.0,0.0,,,定期报告,2011-08-23,,002556,2011-06-30,0.0,,,,17920.0,,0.0,23920.0,,,0.0,0.0,,6000.0,8692.512,17920.0,015019
辉隆股份,安徽辉隆农资集团股份有限公司,,0.0,0.0,,0.0,,0.0,0.0,17920.0,,0.0,,0.0,9227.488,,6000.0,0.0,0.0,,,定期报告,2012-04-17,,002556,2011-12-31,0.0,,,,17920.0,,0.0,23920.0,,,0.0,0.0,,6000.0,8692.512,17920.0,015019
辉隆股份,安徽辉隆农资集团股份有限公司,,0.0,0.0,,0.0,0.0,0.0,0.0,9227.488,0.0,0.0,,0.0,9227.488,,14692.512,0.0,0.0,,,限售股份上市,2012-02-28,,002556,2012-03-02,0.0,0.0,,,9227.488,,2289.28,23920.0,,,0.0,0.0,,14692.512,0.0,9227.488,015027
辉隆股份,安徽辉隆农资集团股份有限公司,,0.0,0.0,,0.0,0.0,0.0,0.0,21905.696,0.0,0.0,0.0,0.0,18454.976,,25934.304,0.0,0.0,,,转增,2012-06-01,,002556,2012-06-08,0.0,0.0,0.0,,21905.696,,0.0,47840.0,,0.0,0.0,0.0,,25934.304,3450.72,21905.696,015011
辉隆股份,安徽辉隆农资集团股份有限公司,,,,,,,,,21737.696,,,,,18454.976,,26102.304,,,,,定期报告,2012-08-24,,002556,2012-06-30,,,,,21737.696,,,47840.0,,,,,,26102.304,3282.72,21737.696,015019
辉隆股份,安徽辉隆农资集团股份有限公司,,,,,,,,,21737.696,,,,,18454.976,,26102.304,,,,,定期报告,2013-04-24,,002556,2012-12-31,,,,,21737.696,,,47840.0,,,,,,26102.304,3282.72,21737.696,015019
辉隆股份,安徽辉隆农资集团股份有限公司,,,,,,,,,20903.786,,,,,18454.976,,26936.214,,,,,定期报告,2013-08-28,,002556,2013-06-30,,,,,20903.786,,,47840.0,,,,,,26936.214,2448.81,20903.786,015019
辉隆股份,安徽辉隆农资集团股份有限公司,,,,,,,,,20903.786,,,,,18454.976,,26936.214,,,,,定期报告,2014-04-25,,002556,2013-12-31,,,,,20903.786,,,47840.0,,,,,,26936.214,2448.81,20903.786,015019
辉隆股份,安徽辉隆农资集团股份有限公司,,,,,0.0,0.0,0.0,,2448.81,,0.0,,,0.0,,45391.19,,,,,限售股份上市,2014-02-26,,002556,2014-03-03,,0.0,,,2448.81,,,47840.0,,,0.0,,,45391.19,2448.81,2448.81,015027
辉隆股份,安徽辉隆农资集团股份有限公司,,,,,,,,,1845.465,,,,,,,45994.535,,,,,定期报告,2014-08-28,,002556,2014-06-30,,,,,1845.465,,,47840.0,0.0,,,,,45994.535,1845.465,1845.465,015019
辉隆股份,安徽辉隆农资集团股份有限公司,,,,,,,,,1845.465,,,,,,,45994.535,,,,,定期报告,2015-04-25,,002556,2014-12-31,,,,,1845.465,,,47840.0,0.0,,,,,45994.535,1845.465,1845.465,015019
辉隆股份,安徽辉隆农资集团股份有限公司,,,,,,,,,1512.435,,,,,,,46327.565,,,,,定期报告,2015-08-28,,002556,2015-06-30,,,,,1512.435,,,47840.0,0.0,,,,,46327.565,1512.435,1512.435,015019
辉隆股份,安徽辉隆农资集团股份有限公司,,,,,,,,,1447.7475,,,,,,,46392.2525,,,,,定期报告,2016-04-22,,002556,2015-12-31,,,,,1447.7475,,,47840.0,0.0,,,,,46392.2525,1447.7475,1447.7475,015019
辉隆股份,安徽辉隆农资集团股份有限公司,,,,,,,,,1321.1175,,,,,,,46518.8825,,,,,定期报告,2016-08-26,,002556,2016-06-30,,,,,1321.1175,,,47840.0,,,,,,46518.8825,1321.1175,1321.1175,015019
辉隆股份,安徽辉隆农资集团股份有限公司,,,0.0,,0.0,0.0,0.0,,1981.6763,,0.0,,,,,69778.3237,,,,,转增,2016-06-25,,002556,2016-07-01,,0.0,,,1981.6763,,,71760.0,,,,,,69778.3237,1981.6763,1981.6763,015011
辉隆股份,安徽辉隆农资集团股份有限公司,,,,,,,,,2161.2384,,,,,,,69598.7616,,,,,定期报告,2017-04-28,,002556,2016-12-31,,,,,2161.2384,,,71760.0,0.0,,,,,69598.7616,2161.2384,2161.2384,015019
辉隆股份,安徽辉隆农资集团股份有限公司,,,,,,,,,1708.8571,,,,,,,70051.1429,,,,,定期报告,2017-08-23,,002556,2017-06-30,,,,,1708.8571,,,71760.0,0.0,,,,,70051.1429,1708.8571,1708.8571,015019
辉隆股份,安徽辉隆农资集团股份有限公司,,,,,,,,,1708.8571,,,,,,,70051.1429,,,,,定期报告,2018-04-20,,002556,2017-12-31,,,,,1708.8571,,,71760.0,0.0,,,,,70051.1429,1708.8571,1708.8571,015019
辉隆股份,安徽辉隆农资集团股份有限公司,,,,,,,,,1836.3553,,,,,,,69923.6447,,,,,定期报告,2018-08-28,,002556,2018-06-30,,,,,1836.3553,,,71760.0,0.0,,,,,69923.6447,1836.3553,1836.3553,015019
辉隆股份,安徽辉隆农资集团股份有限公司,,,,,,,,,201.2977,,,,,,,71558.7023,,,,,定期报告,2019-04-10,,002556,2018-12-31,,,,,201.2977,,,71760.0,0.0,,,,,71558.7023,201.2977,201.2977,015019
辉隆股份,安徽辉隆农资集团股份有限公司,,,,,,,,,201.2977,,,,,,,71558.7023,,,,,定期报告,2019-08-10,,002556,2019-06-30,,,,,201.2977,,,71760.0,0.0,,,,,71558.7023,201.2977,201.2977,015019
辉隆股份,安徽辉隆农资集团股份有限公司,,,,,,,,,201.2977,,,,,,,71558.7023,,,,,定期报告,2020-04-29,,002556,2019-12-31,,,,,201.2977,,,71760.0,,,,,,71558.7023,201.2977,201.2977,015019
辉隆股份,安徽辉隆农资集团股份有限公司,,,,,0.0,0.0,0.0,,12036.6716,,0.0,,,5805.536,,71558.7023,,,,,增发新股上市,2020-02-20,,002556,2020-02-25,,,,,12036.6716,,,83595.3739,,,,,,71558.7023,6231.1356,12036.6716,015004
辉隆股份,安徽辉隆农资集团股份有限公司,,,,,0.0,0.0,0.0,,14090.384,,0.0,,,7491.1597,,71561.4135,368.0887,,,,"可转债转股,增发新股上市",2020-04-23,,002556,2020-04-24,,,,,14090.384,,,85651.7975,,,,,,71561.4135,6231.1356,13722.2953,"015012,015004"
辉隆股份,安徽辉隆农资集团股份有限公司,,,,,0.0,0.0,0.0,,14090.384,,0.0,,,7491.1597,,71571.7565,368.0887,,,,可转债转股,2020-06-06,,002556,2020-06-06,,,,,14090.384,,,85662.1405,,,,,,71571.7565,6231.1356,13722.2953,015012
辉隆股份,安徽辉隆农资集团股份有限公司,,,,,,,,,14090.384,,,,,7198.9007,,71571.7565,660.3477,,,,定期报告,2020-08-28,,002556,2020-06-30,,,,,14090.384,,,85662.1405,,,,,,71571.7565,6231.1356,13430.0363,015019
辉隆股份,安徽辉隆农资集团股份有限公司,,,,,,,,,12041.1716,,,,,5805.536,,73863.0527,,,,,"可转债转股,限售股份上市",2020-10-22,,002556,2020-10-26,,,,,12041.1716,,,85904.2243,,,,,,73863.0527,6235.6356,12041.1716,"015012,015027"
辉隆股份,安徽辉隆农资集团股份有限公司,,,,,,,,,12061.4916,,,,,5805.536,,78249.9702,,,,,"可转债转股,定期报告",2021-04-21,,002556,2020-12-31,,,,,12061.4916,,,90311.4618,,,,,,78249.9702,6255.9556,12061.4916,"015012,015019"
辉隆股份,安徽辉隆农资集团股份有限公司,,,,,0.0,0.0,0.0,,12071.2416,,0.0,,,5805.536,,82210.3646,,,,,"可转债转股,期权行权",2021-03-18,,002556,2021-03-16,,,,,12071.2416,,,94281.6062,,,,,,82210.3646,6265.7056,12071.2416,"015012,015992"
辉隆股份,安徽辉隆农资集团股份有限公司,,,,,,,,,12035.6816,,,,,5805.536,,82439.0704,,,,,"可转债转股,定期报告,期权行权",2021-08-27,,002556,2021-06-30,,,,,12035.6816,,,94474.752,,,,,,82439.0704,6230.1456,12035.6816,"015012,015019,015992"
辉隆股份,安徽辉隆农资集团股份有限公司,,,,,,,,,12071.2416,,0.0,,,5805.536,,82403.8144,,,,,期权行权,2021-07-14,,002556,2021-07-14,,,,,12071.2416,,,94475.056,,,,,,82403.8144,6265.7056,12071.2416,015992
辉隆股份,安徽辉隆农资集团股份有限公司,,,,,,0.0,0.0,,12900.5906,,0.0,,,5805.536,,82498.7074,,,,,可转债转股,2021-11-30,,002556,2021-11-29,,,,,12900.5906,,,95399.298,,,,,,82498.7074,7095.0546,12900.5906,015012
辉隆股份,安徽辉隆农资集团股份有限公司,,,,,,,,,12793.9106,,,,,6616.895,,82605.3874,,,,,定期报告,2022-04-22,,002556,2021-12-31,,,,,12793.9106,,,95399.298,,,,,,82605.3874,6177.0156,12793.9106,015019
辉隆股份,安徽辉隆农资集团股份有限公司,,,,,,,,,10248.5295,,,,,5805.536,,85150.7685,,,,,限售股份上市,2022-02-23,,002556,2022-02-25,,,,,10248.5295,,,95399.298,,,,,,85150.7685,4442.9935,10248.5295,015027
辉隆股份,安徽辉隆农资集团股份有限公司,,,,,,,,,7730.9388,,,,,5805.536,,87668.3592,,,,,限售股份上市,2022-06-16,,002556,2022-06-20,,,,,7730.9388,,,95399.298,,,,,,87668.3592,1925.4028,7730.9388,015027
辉隆股份,安徽辉隆农资集团股份有限公司,,,,,,,,,7734.3888,,,,,6616.895,,87664.9092,,,,,定期报告,2022-08-30,,002556,2022-06-30,,,,,7734.3888,,,95399.298,,,,,,87664.9092,1117.4938,7734.3888,015019
辉隆股份,安徽辉隆农资集团股份有限公司,,,,,,0.0,0.0,,7797.164,,0.0,,,6616.895,,87602.134,,,,,其他,2022-10-24,,002556,2022-10-24,,,,,7797.164,,,95399.298,,,,,,87602.134,1180.269,7797.164,015999
辉隆股份,安徽辉隆农资集团股份有限公司,,,,,,0.0,0.0,,7835.5565,,0.0,,,6616.895,,87563.7415,,,,,其他,2022-11-25,,002556,2022-11-24,,,,,7835.5565,,,95399.298,,,,,,87563.7415,1218.6615,7835.5565,015999
辉隆股份,安徽辉隆农资集团股份有限公司,,,,,,0.0,0.0,,7835.5565,,0.0,,,6616.895,,87563.7415,,,,,其他,2022-11-29,,002556,2022-11-28,,,,,7835.5565,,,95399.298,,,,,,87563.7415,1218.6615,7835.5565,015999
辉隆股份,安徽辉隆农资集团股份有限公司,,,,,,,,,7835.5565,,,,,6616.895,,87563.7415,,,,,定期报告,2023-04-27,,002556,2022-12-31,,,,,7835.5565,,,95399.298,,,,,,87563.7415,1218.6615,7835.5565,015019
辉隆股份,安徽辉隆农资集团股份有限公司,,,,,,,,,1920.052,,,,,811.359,,93479.246,,,,,限售股份上市,2023-02-22,,002556,2023-02-27,,,,,1920.052,,,95399.298,,,,,,93479.246,1108.693,1920.052,015027
辉隆股份,安徽辉隆农资集团股份有限公司,,,,,,,,,1108.693,,,,,,,94290.605,,,,,限售股份上市,2023-04-17,,002556,2023-04-18,,,,,1108.693,,,95399.298,,,,,,94290.605,1108.693,1108.693,015027
辉隆股份,安徽辉隆农资集团股份有限公司,,,,,,0.0,0.0,,1108.693,,0.0,,,,,94290.605,,,,,其他,2023-05-25,,002556,2023-05-24,,,,,1108.693,,,95399.298,,,,,,94290.605,1108.693,1108.693,015999
辉隆股份,安徽辉隆农资集团股份有限公司,,,,,,0.0,0.0,,1108.693,,0.0,,,,,94290.605,,,,,其他,2023-06-28,,002556,2023-06-26,,,,,1108.693,,,95399.298,,,,,,94290.605,1108.693,1108.693,015999
辉隆股份,安徽辉隆农资集团股份有限公司,,,,,,,,,1108.693,,,,,,,94290.605,,,,,定期报告,2023-08-24,,002556,2023-06-30,,,,,1108.693,,,95399.298,,,,,,94290.605,1108.693,1108.693,015019
辉隆股份,安徽辉隆农资集团股份有限公司,,,,,0.0,0.0,0.0,,1124.6221,,0.0,,,,,94274.6759,,,,,其他,2023-12-30,,002556,2023-12-29,,,,,1124.6221,,,95399.298,,,,,,94274.6759,1124.6221,1124.6221,015999
辉隆股份,安徽辉隆农资集团股份有限公司,,,,,,,,,1124.6221,,,,,,,94274.6759,,,,,定期报告,2024-04-19,,002556,2023-12-31,,,,,1124.6221,,,95399.298,,,,,,94274.6759,1124.6221,1124.6221,015019
辉隆股份,安徽辉隆农资集团股份有限公司,,,,,,0.0,0.0,,1466.5659,,0.0,,,,,93185.2421,,,,,股份回购,2024-04-23,,002556,2024-04-19,,,,,1466.5659,,,94651.808,,,,,,93185.2421,1466.5659,1466.5659,015016
辉隆股份,安徽辉隆农资集团股份有限公司,,,,,,,,,1466.5659,,,,,,,93185.2421,,,,,定期报告,2024-08-15,,002556,2024-06-30,,,,,1466.5659,,,94651.808,,,,,,93185.2421,1466.5659,1466.5659,015019
