报告日,经营活动产生的现金流量净额,投资活动产生的现金流量净额,购建固定资产、无形资产和其他长期资产所支付的现金,吸收投资收到的现金,取得借款收到的现金,发行债券收到的现金,收到其他与筹资活动有关的现金,筹资活动现金流入小计,偿还债务支付的现金,分配股利、利润或偿付利息所支付的现金,支付其他与筹资活动有关的现金,筹资活动现金流出小计,筹资活动产生的现金流量净额
20260630,19607934.81,-8175151.21,8181034.71,,131390000.0,,,131390000.0,253930000.0,100928057.75,4003121.23,358861178.98,-227471178.98
20260331,30801697.1,-4574100.56,4574100.56,,,,,0.0,23400000.0,1055842.14,,24455842.14,-24455842.14
20251231,421960157.75,-25475251.46,21881166.96,,263990000.0,,,263990000.0,372960045.0,73177543.33,5593385.21,451730973.54,-187740973.54
20250930,163941650.99,-18352403.34,14665717.02,,167000000.0,,,167000000.0,303260045.0,71989988.62,3945868.54,379195902.16,-212195902.16
20250630,7076223.97,-9921239.93,6234288.85,,159000000.0,,,159000000.0,203490000.0,69671088.94,2945868.54,276106957.48,-117106957.48
20250331,-12304698.03,-2742865.81,2837628.17,,100000000.0,,,100000000.0,80000000.0,65809853.77,,145809853.77,-45809853.77
20241231,276550980.42,-22284172.31,29479622.62,,341770045.0,,,341770045.0,495406000.0,78878684.63,4779624.08,579064308.71,-237294263.71
20240930,239028603.55,-51557919.12,20093950.51,,291770045.0,,,291770045.0,391896000.0,76465583.12,5382524.96,473744108.08,-181974063.08
20240630,-5167941.88,-9612406.58,11803280.14,,284770045.0,,,284770045.0,332246000.0,73940137.53,5382524.96,411568662.49,-126798617.49
20240331,-3006292.28,-33318654.63,3441873.81,,75000000.0,,,75000000.0,115836000.0,5314980.72,4943523.52,126094504.24,-51094504.24
20231231,242696128.26,-54872361.08,66107397.3,,628400000.0,,,628400000.0,697190000.0,72983609.59,1986357.97,772159967.56,-143759967.56
20230930,141717713.21,-16140595.35,23946497.0,,402000000.0,,,402000000.0,524190000.0,66234466.82,,590424466.82,-188424466.82
20230630,7247534.15,-85551795.8,15385031.8,,382200000.0,,,382200000.0,465590000.0,62375536.55,,527965536.55,-145765536.55
20230331,31407610.24,-5155407.81,5104426.07,,170000000.0,,,170000000.0,125570000.0,3742772.76,,129312772.76,40687227.24
20221231,337481295.63,-18202949.37,18880894.44,,640500000.0,,,640500000.0,684691031.0,22596358.9,771627.86,708059017.76,-67559017.76
20220930,57858197.64,-6945776.32,8364759.61,,483430000.0,,1100000.0,484530000.0,509451031.0,16147670.28,,525598701.28,-41068701.28
20220630,-18079938.41,-5985712.7,6233082.38,,407960000.0,,1100000.0,409060000.0,325891031.0,12353446.1,,338244477.1,70815522.9
20220331,-16902447.36,-1784494.94,1849494.94,,170000000.0,,,170000000.0,145443231.0,4049070.43,,149492301.43,20507698.57
20211231,111667157.93,6168365.96,15213231.37,,517291031.0,,,517291031.0,622000000.0,22119757.17,3812402.0,647932159.17,-130641128.17
20210930,51734889.59,-963555.9,17197228.27,,307973180.0,,200000.0,308173180.0,462088371.11,17825712.42,,479914083.53,-171740903.53
20210630,-42992224.97,-2550039.25,14678606.86,,307958680.0,,200000.0,308158680.0,315012760.0,11918510.66,,326931270.66,-18772590.66
20210331,-38793751.05,10312242.43,1692641.13,,130006380.0,,1127087.49,131133467.49,152067491.11,6166416.11,,158233907.22,-27100439.73
20201231,118617083.99,200939465.19,43494482.92,,783501125.19,,51646872.66,835147997.85,955115805.08,40816169.19,,995931974.27,-160783976.42
20200930,5149279.62,151200013.74,41354265.91,,553501125.19,,85209389.85,638710515.04,593615805.35,35133662.75,87973639.85,716723107.95,-78012592.91
20200630,-92541377.86,17252846.29,27358467.87,,493998625.46,,68689546.62,562688172.08,437615805.35,20974936.4,82795792.36,541386534.11,21301637.97
20200331,-44025389.99,-7442547.71,7183911.81,,106336415.26,,2090000.0,108426415.26,125346527.69,10946931.18,23327.72,136316786.59,-27890371.33
20191231,-2746985.02,-33300575.43,99381099.23,6130000.0,903254323.09,,,909384323.09,880436476.06,143130488.41,7163652.0,1030730616.47,-121346293.38
20190930,19630961.37,-113851202.91,115630126.87,6130000.0,643343291.56,,63202572.72,712675864.28,649895922.07,104317702.65,68655316.4,822868941.12,-110193076.84
20190630,-35287554.96,-32577015.7,75408596.27,6130000.0,411000000.0,,11685884.0,428815884.0,438496833.13,94406391.81,16817353.34,549720578.28,-120904694.28
20190331,-97325673.12,45186500.08,12850204.47,190000.0,181000000.0,,4913093.35,186103093.35,172519158.63,83962190.6,8982347.53,265463696.76,-79360603.41
20181231,-82786226.17,344902687.87,28406070.02,9120000.0,1246000000.0,,3625580.29,1258745580.29,1370670372.83,262337020.84,24245262.78,1657252656.45,-398507076.16
20180930,-140771566.86,204846606.87,28314447.9,8820000.0,796000000.0,,16003891.41,820823891.41,875600000.0,252251995.16,15597664.0,1143449659.16,-322625767.75
20180630,-140060218.84,173493710.3,31744591.67,,395000000.0,,1640000.0,396640000.0,655000000.0,238944922.68,10901776.0,904846698.68,-508206698.68
20180331,-122863643.08,174907456.44,7275883.25,,195000000.0,,2635045.5,197635045.5,455000000.0,228863974.39,8753496.98,692617471.37,-494982425.87
20171231,-261711449.92,586366791.91,41312248.71,1000000.0,705987205.96,,6404000.0,713391205.96,797900000.0,60334738.71,29939922.63,888174661.34,-174783455.38
20170930,-353268613.81,453188358.66,36474093.54,1000000.0,508600000.0,,1794000.0,511394000.0,658000000.0,55777674.61,17591620.96,731369295.57,-219975295.57
20170630,-220858414.79,509374590.78,19348122.28,,310000000.0,,1794000.0,311794000.0,358000000.0,48218880.37,13191776.0,419410656.37,-107616656.37
20170331,-166753432.81,299885167.18,8563744.25,,160000000.0,,1330000.0,161330000.0,107000000.0,31127980.46,6583853.0,144711833.46,16618166.54
20161231,-287835390.98,-193824552.02,36310757.71,6258000.0,886250000.0,,7370000.0,899878000.0,882800000.0,61560499.34,2500000.0,946860499.34,-46982499.34
20160930,-360643361.27,216834811.33,19667434.77,5258000.0,588000000.0,,1070000.0,594328000.0,612800000.0,47651629.79,,660451629.79,-66123629.79
20160630,-193064925.91,157318409.06,9533518.87,,278000000.0,,1070000.0,279070000.0,472800000.0,41839167.25,,514639167.25,-235569167.25
20160331,-221352682.24,55200863.1,8723936.68,,117000000.0,,1870000.0,118870000.0,162800000.0,33937435.76,,196737435.76,-77867435.76
20151231,307415663.01,-393708709.14,32009005.11,480000000.0,1032317107.51,300000000.0,26496000.0,1838813107.51,1907570815.84,139611849.47,14704742.7,2061887408.01,-223074300.5
20150930,16844095.31,-17476670.86,23935802.07,,777317107.51,299100000.0,44796000.0,1121213107.51,1337570815.84,125170216.64,30000000.0,1492741032.48,-371527924.97
20150630,13480585.91,-15205550.55,18183677.63,,487308995.4,299100000.0,35796000.0,822204995.4,971840288.85,105436289.98,30000000.0,1107276578.83,-285071583.43
20150331,-55099890.81,-18383215.71,18187469.86,,241782487.17,299100000.0,4200000.0,545082487.17,520892940.01,25802126.12,,546695066.13,-1612578.96
20141231,472165581.55,-65869726.45,77282027.5,,1913003244.45,,10200000.0,1923203244.45,2036516940.71,214159128.46,19450000.0,2270126069.17,-346922824.72
20140930,168787059.95,-37219215.02,47976382.87,,912347259.34,,12800000.0,925147259.34,1271799635.79,186717780.47,11000000.0,1469517416.26,-544370156.92
20140630,236022255.6,-51670959.3,40295018.91,,385032231.2,,2100000.0,387132231.2,789649635.79,163162836.74,,952812472.53,-565680241.33
20140331,-22248019.76,-19042614.83,6500767.2,,60048654.1,,2100000.0,62148654.1,369123661.0,139028549.74,,508152210.74,-446003556.64
20131231,205683274.67,-57350262.14,76898557.5,,2079607404.59,,13320000.0,2092927404.59,2383080000.0,159644260.04,3850000.0,2546574260.04,-453646855.45
20130930,-61189002.31,-28490297.28,19107022.49,,1198740000.0,,5350000.0,1204090000.0,1669230000.0,84833206.75,3100000.0,1757163206.75,-553073206.75
20130630,248640362.48,-15108573.67,8679637.6,,392040000.0,,4350000.0,396390000.0,1135860000.0,51686781.29,,1187546781.29,-791156781.29
20130331,39733404.32,-10748727.87,4693442.14,,133700000.0,,4350000.0,138050000.0,522040000.0,27851091.66,,549891091.66,-411841091.66
20121231,491635385.75,-165282023.45,182365686.53,,2359340000.0,129350000.0,50170000.0,2538860000.0,2173080000.0,119236374.37,13500000.0,2305816374.37,233043625.63
20120930,363043042.27,-21461495.77,28969321.77,,1138540000.0,,17625748.0,1156165748.0,1356750000.0,70265167.81,21790416.57,1448805584.38,-292639836.38
20120630,266019458.75,-2450096.61,13649796.97,,737340000.0,,15175748.0,752515748.0,933520000.0,50507547.56,14514816.57,998542364.13,-246026616.13
20120331,14691302.22,11451480.28,1616821.27,,324500000.0,,2000000.0,326500000.0,355200000.0,25793324.65,24400.0,381017724.65,-54517724.65
20111231,-195420235.39,-263953245.66,204331026.52,409979528.1,1824820000.0,300000000.0,159550000.0,2694349528.1,1992467594.6,85263901.26,44500000.0,2122231495.86,572118032.24
20110930,79755189.88,-150473505.12,100008827.26,409979528.1,1075700000.0,,10907000.0,1496586528.1,1230200000.0,59562165.11,25137600.0,1314899765.11,181686762.99
20110630,247127238.82,-79921634.82,41861041.08,409979528.1,401500000.0,,5231399.35,816710927.45,803000000.0,39257210.87,,842257210.87,-25546283.42
20110331,117583903.51,-45191851.47,33635212.48,409979528.1,153000000.0,,,562979528.1,419600000.0,19035016.87,,438635016.87,124344511.23
20101231,227377659.73,-251280737.95,237341470.87,1511000.0,1695700000.0,,174021539.52,1871232539.52,1223532000.0,61741587.14,153500000.0,1438773587.14,432458952.38
20100930,246619754.27,-118668589.49,116545405.64,,1024350000.0,,16149893.02,1040499893.02,1117682000.0,41271134.89,8690139.0,1167643273.89,-127143380.87
20100630,187903860.45,-22083285.65,19158444.72,,580000000.0,,10321573.02,590321573.02,814422000.0,29164981.51,500547.71,844087529.22,-253765956.2
20100331,256532001.94,-7264232.97,3535834.07,,150715500.0,,10324961.81,161040461.81,342397500.0,15584501.4,,357982001.4,-196941539.59
20091231,434912388.62,-149405426.51,160839093.6,980000.0,1430950000.0,,29500537.6,1461430537.6,1409118000.0,57207792.22,172640384.76,1638966176.98,-177535639.38
20090930,367033027.26,-107704946.68,80300223.42,980000.0,610100000.0,,24500537.6,635580537.6,870078500.0,41059122.21,131000000.0,1042137622.21,-406557084.61
20090630,367547614.38,-63248873.75,45666417.59,,459000000.0,,24500537.6,483500537.6,741049000.0,30531875.74,131000000.0,902580875.74,-419080338.14
20090331,165519888.61,-16250149.58,22153285.71,,,,,,152329500.0,,,152329500.0,-152329500.0
20081231,130274207.02,-91831458.27,93562795.38,14700000.0,1195500000.0,,4500000.0,1214700000.0,931287900.0,65567454.07,24500537.6,1021355891.67,193344108.33
20080930,169811515.63,-20571087.21,25973079.28,14700000.0,797500000.0,,,812200000.0,715188920.7,43725032.19,,758913952.89,53286047.11
20080630,233914366.6,-7807734.96,13209727.03,4900000.0,279000000.0,,,283900000.0,465174269.04,31349617.58,,496523886.62,-212623886.62
20080331,98898862.49,-126400.0,179400.0,,143900000.0,,,143900000.0,168632500.0,15541645.88,,184174145.88,-40274145.88
20071231,-129585951.95,-71858616.28,67049182.81,,1032737900.0,,,1032737900.0,879227000.0,52920012.38,4300000.0,936447012.38,96290887.62
20070930,-14541720.63,-20843224.0,25647878.35,,725700000.0,,,725700000.0,641244474.57,30687459.79,,671931934.36,53768065.64
20070630,65879530.14,-18095345.65,22892121.65,,368200000.0,,,368200000.0,488537536.0,21506977.49,,510044513.49,-141844513.49
20070331,-105472586.61,-3658940.75,658940.75,,184300000.0,,,184300000.0,137359648.29,8414987.06,,145774635.35,38525364.65
20061231,143962468.71,-226188772.77,144354700.0,576651.12,818380000.0,,,818956651.12,577847000.0,30747014.45,2100000.0,610694014.45,208262636.67
20060930,325711206.46,-150077209.37,150077209.37,,450300000.0,,,450300000.0,473147000.0,18469554.09,,491616554.09,-41316554.09
20060630,263378492.85,-74454803.97,74805803.97,,203750000.0,,,203750000.0,290537000.0,13942527.97,,304479527.97,-100729527.97
20060331,112550615.99,-8894525.35,8942625.35,200000.0,100750000.0,,,100950000.0,130737000.0,6084459.71,,136821459.71,-35871459.71
20051231,29344757.07,-50119394.4,44029185.69,9000000.0,622240000.0,,,631240000.0,692534846.0,33870292.78,,726405138.78,-95165138.78
20050930,284644893.18,-24350886.25,22650048.25,9000000.0,378440000.0,,4990000.0,392430000.0,510568146.0,24401852.15,,534969998.15,-142539998.15
20050630,232775710.29,-9281598.18,7580760.18,,120000000.0,,4990000.0,124990000.0,379134505.4,14290537.28,,393425042.68,-268435042.68
20050331,58856249.05,-5787021.79,5787021.79,,80776046.0,,,80776046.0,92435961.0,5815759.87,,98251720.87,-17475674.87
20041231,-282020588.72,-77746016.76,76365178.33,426769082.84,999250000.0,,200000.0,1426219082.84,907503366.0,42805964.24,102433.77,950411764.01,475807318.83
20040930,91060626.54,-79794252.91,51590711.6,413769082.84,560050000.0,,,973819082.84,759480726.0,34448556.98,,793929282.98,179889799.86
20040630,55708576.64,-37383468.39,37419559.08,413769082.84,366000000.0,,,779769082.84,498795735.52,28254977.1,,527050712.62,252718370.22
20040331,-25721281.59,-3824854.48,3851275.88,407230000.0,24000000.0,,,431230000.0,94641995.0,9518482.7,,104160477.7,327069522.3
20031231,-214838407.27,-38837096.83,39746620.39,,588260594.6,,,588260594.6,338133389.0,16140195.49,,354273584.49,233987010.11
20030630,95183464.73,-12819016.3,12951703.32,,109389408.44,,,109389408.44,192845705.0,6806453.57,,199652158.57,-90262750.13
20021231,190322780.84,-41489762.44,41149604.07,,480494449.56,,1931927.76,482426377.32,579757102.1,15153223.46,,594910325.56,-112483948.24
