代码,简称,公告标题,公告时间,公告链接
688526,科前生物,武汉科前生物股份有限公司关于使用闲置自有资金进行现金管理的公告,2026-09-22,http://www.cninfo.com.cn/new/disclosure/detail?stockCode=688526&announcementId=1225575616&orgId=9900038938&announcementTime=2026-09-22
688526,科前生物,北京市嘉源律师事务所关于武汉科前生物股份有限公司原一致行动协议到期终止暨变更为无实际控制人的法律意见书,2026-09-22,http://www.cninfo.com.cn/new/disclosure/detail?stockCode=688526&announcementId=1225575609&orgId=9900038938&announcementTime=2026-09-22
688526,科前生物,武汉科前生物股份有限公司简式权益变动报告书,2026-09-22,http://www.cninfo.com.cn/new/disclosure/detail?stockCode=688526&announcementId=1225575595&orgId=9900038938&announcementTime=2026-09-22
688526,科前生物,武汉科前生物股份有限公司关于股东一致行动人协议到期终止暨公司无实际控制人的提示性公告,2026-09-22,http://www.cninfo.com.cn/new/disclosure/detail?stockCode=688526&announcementId=1225575594&orgId=9900038938&announcementTime=2026-09-22
688526,科前生物,武汉科前生物股份有限公司关于获批新兽药注册证书的自愿性信息披露公告,2026-09-15,http://www.cninfo.com.cn/new/disclosure/detail?stockCode=688526&announcementId=1225562301&orgId=9900038938&announcementTime=2026-09-15
688526,科前生物,北京市嘉源律师事务所关于武汉科前生物股份有限公司2026年第一次临时股东会的法律意见书,2026-09-12,http://www.cninfo.com.cn/new/disclosure/detail?stockCode=688526&announcementId=1225560275&orgId=9900038938&announcementTime=2026-09-12
688526,科前生物,武汉科前生物股份有限公司2026年第一次临时股东会决议公告,2026-09-12,http://www.cninfo.com.cn/new/disclosure/detail?stockCode=688526&announcementId=1225560273&orgId=9900038938&announcementTime=2026-09-12
688526,科前生物,武汉科前生物股份有限公司关于回购注销2025年员工持股计划股票暨通知债权人的公告,2026-09-12,http://www.cninfo.com.cn/new/disclosure/detail?stockCode=688526&announcementId=1225560268&orgId=9900038938&announcementTime=2026-09-12
688526,科前生物,武汉科前生物股份有限公司2026年半年度业绩说明会公告,2026-09-01,http://www.cninfo.com.cn/new/disclosure/detail?stockCode=688526&announcementId=1225535786&orgId=9900038938&announcementTime=2026-09-01
688526,科前生物,武汉科前生物股份有限公司2026年第一次临时股东会会议材料,2026-09-01,http://www.cninfo.com.cn/new/disclosure/detail?stockCode=688526&announcementId=1225535775&orgId=9900038938&announcementTime=2026-09-01
688526,科前生物,武汉科前生物股份有限公司2026年半年度报告,2026-08-27,http://www.cninfo.com.cn/new/disclosure/detail?stockCode=688526&announcementId=1225514563&orgId=9900038938&announcementTime=2026-08-27
688526,科前生物,武汉科前生物股份有限公司关于回购注销公司2025年员工持股计划部分股份的公告,2026-08-27,http://www.cninfo.com.cn/new/disclosure/detail?stockCode=688526&announcementId=1225514562&orgId=9900038938&announcementTime=2026-08-27
688526,科前生物,武汉科前生物股份有限公司第四届董事会第二十四次会议决议公告,2026-08-27,http://www.cninfo.com.cn/new/disclosure/detail?stockCode=688526&announcementId=1225514561&orgId=9900038938&announcementTime=2026-08-27
688526,科前生物,武汉科前生物股份有限公司关于2026年半年度募集资金存放、管理与实际使用情况的专项报告,2026-08-27,http://www.cninfo.com.cn/new/disclosure/detail?stockCode=688526&announcementId=1225514560&orgId=9900038938&announcementTime=2026-08-27
688526,科前生物,武汉科前生物股份有限公司关于2025年员工持股计划锁定期届满暨解锁条件部分成就的公告,2026-08-27,http://www.cninfo.com.cn/new/disclosure/detail?stockCode=688526&announcementId=1225514558&orgId=9900038938&announcementTime=2026-08-27
688526,科前生物,武汉科前生物股份有限公司2026年半年度报告摘要,2026-08-27,http://www.cninfo.com.cn/new/disclosure/detail?stockCode=688526&announcementId=1225514557&orgId=9900038938&announcementTime=2026-08-27
688526,科前生物,武汉科前生物股份有限公司章程,2026-08-27,http://www.cninfo.com.cn/new/disclosure/detail?stockCode=688526&announcementId=1225514556&orgId=9900038938&announcementTime=2026-08-27
688526,科前生物,武汉科前生物股份有限公司关于召开2026年第一次临时股东会的通知,2026-08-27,http://www.cninfo.com.cn/new/disclosure/detail?stockCode=688526&announcementId=1225514555&orgId=9900038938&announcementTime=2026-08-27
688526,科前生物,武汉科前生物股份有限公司关于变更公司注册资本、修订《公司章程》并办理工商变更登记的公告,2026-08-27,http://www.cninfo.com.cn/new/disclosure/detail?stockCode=688526&announcementId=1225514554&orgId=9900038938&announcementTime=2026-08-27
688526,科前生物,武汉科前生物股份有限公司2026年度“提质增效重回报”专项行动方案半年度评估报告,2026-08-27,http://www.cninfo.com.cn/new/disclosure/detail?stockCode=688526&announcementId=1225514553&orgId=9900038938&announcementTime=2026-08-27
688526,科前生物,武汉科前生物股份有限公司关于获批新兽药注册证书的自愿性信息披露公告,2026-08-25,http://www.cninfo.com.cn/new/disclosure/detail?stockCode=688526&announcementId=1225497918&orgId=9900038938&announcementTime=2026-08-25
688526,科前生物,招商证券股份有限公司关于武汉科前生物股份有限公司使用闲置募集资金进行现金管理的核查意见,2026-08-12,http://www.cninfo.com.cn/new/disclosure/detail?stockCode=688526&announcementId=1225467779&orgId=9900038938&announcementTime=2026-08-12
688526,科前生物,武汉科前生物股份有限公司独立董事关于第四届董事会第二十三次会议相关事项的独立意见,2026-08-12,http://www.cninfo.com.cn/new/disclosure/detail?stockCode=688526&announcementId=1225467777&orgId=9900038938&announcementTime=2026-08-12
688526,科前生物,武汉科前生物股份有限公司关于拟与华中农大签订合作研发协议暨关联交易的自愿性披露公告,2026-08-12,http://www.cninfo.com.cn/new/disclosure/detail?stockCode=688526&announcementId=1225467776&orgId=9900038938&announcementTime=2026-08-12
688526,科前生物,武汉科前生物股份有限公司公司关于使用闲置募集资金进行现金管理的公告,2026-08-12,http://www.cninfo.com.cn/new/disclosure/detail?stockCode=688526&announcementId=1225467775&orgId=9900038938&announcementTime=2026-08-12
688526,科前生物,武汉科前生物股份有限公司关于获批新兽药注册证书的自愿性信息披露公告,2026-07-31,http://www.cninfo.com.cn/new/disclosure/detail?stockCode=688526&announcementId=1225449120&orgId=9900038938&announcementTime=2026-07-31
688526,科前生物,武汉科前生物股份有限公司关于拟与华中农大、辽宁省动物疫病预防控制中心签订合作研发协议暨关联交易的自愿性披露公告,2026-07-15,http://www.cninfo.com.cn/new/disclosure/detail?stockCode=688526&announcementId=1225423429&orgId=9900038938&announcementTime=2026-07-15
688526,科前生物,武汉科前生物股份有限公司独立董事关于第四届董事会第二十二次会议相关事项的独立意见,2026-07-15,http://www.cninfo.com.cn/new/disclosure/detail?stockCode=688526&announcementId=1225423425&orgId=9900038938&announcementTime=2026-07-15
688526,科前生物,武汉科前生物股份有限公司关于参加湖北辖区上市公司2026年投资者集体接待日活动暨2025年度业绩说明会的公告,2026-07-02,http://www.cninfo.com.cn/new/disclosure/detail?stockCode=688526&announcementId=1225403799&orgId=9900038938&announcementTime=2026-07-02
688526,科前生物,武汉科前生物股份有限公司2025年年度权益分派实施公告,2026-05-20,http://www.cninfo.com.cn/new/disclosure/detail?stockCode=688526&announcementId=1225316423&orgId=9900038938&announcementTime=2026-05-20
688526,科前生物,武汉科前生物股份有限公司2025年年度暨2026年第一季度业绩暨现金分红说明会公告,2026-05-01,http://www.cninfo.com.cn/new/disclosure/detail?stockCode=688526&announcementId=1225270998&orgId=9900038938&announcementTime=2026-05-01
688526,科前生物,武汉科前生物股份有限公司2026年第一季度报告,2026-04-30,http://www.cninfo.com.cn/new/disclosure/detail?stockCode=688526&announcementId=1225259903&orgId=9900038938&announcementTime=2026-04-30
688526,科前生物,北京市嘉源律师事务所关于武汉科前生物股份有限公司2025年年度股东会的法律意见书,2026-04-29,http://www.cninfo.com.cn/new/disclosure/detail?stockCode=688526&announcementId=1225229476&orgId=9900038938&announcementTime=2026-04-29
688526,科前生物,武汉科前生物股份有限公司2025年年度股东会决议公告,2026-04-29,http://www.cninfo.com.cn/new/disclosure/detail?stockCode=688526&announcementId=1225229466&orgId=9900038938&announcementTime=2026-04-29
688526,科前生物,武汉科前生物股份有限公司2025年年度股东会会议材料,2026-04-16,http://www.cninfo.com.cn/new/disclosure/detail?stockCode=688526&announcementId=1225105462&orgId=9900038938&announcementTime=2026-04-16
688526,科前生物,武汉科前生物股份有限公司2025年独立董事述职报告（罗飞）,2026-04-08,http://www.cninfo.com.cn/new/disclosure/detail?stockCode=688526&announcementId=1225082918&orgId=9900038938&announcementTime=2026-04-08
688526,科前生物,武汉科前生物股份有限公司2025年独立董事述职报告（罗知）,2026-04-08,http://www.cninfo.com.cn/new/disclosure/detail?stockCode=688526&announcementId=1225082917&orgId=9900038938&announcementTime=2026-04-08
688526,科前生物,武汉科前生物股份有限公司关于2026年度日常关联交易预计的公告,2026-04-08,http://www.cninfo.com.cn/new/disclosure/detail?stockCode=688526&announcementId=1225082916&orgId=9900038938&announcementTime=2026-04-08
688526,科前生物,招商证券股份有限公司关于武汉科前生物股份有限公司2025年度募集资金存放与使用情况的专项核查意见,2026-04-08,http://www.cninfo.com.cn/new/disclosure/detail?stockCode=688526&announcementId=1225082915&orgId=9900038938&announcementTime=2026-04-08
688526,科前生物,武汉科前生物股份有限公司2025年度“提质增效重回报”专项行动方案的评估报告暨2026年度“提质增效重回报”专项行动方案,2026-04-08,http://www.cninfo.com.cn/new/disclosure/detail?stockCode=688526&announcementId=1225082912&orgId=9900038938&announcementTime=2026-04-08
688526,科前生物,武汉科前生物股份有限公司2025年度募集资金存放、管理与实际使用情况的专项报告,2026-04-08,http://www.cninfo.com.cn/new/disclosure/detail?stockCode=688526&announcementId=1225082910&orgId=9900038938&announcementTime=2026-04-08
688526,科前生物,武汉科前生物股份有限公司关于续聘公司2026年度审计机构的公告,2026-04-08,http://www.cninfo.com.cn/new/disclosure/detail?stockCode=688526&announcementId=1225082909&orgId=9900038938&announcementTime=2026-04-08
688526,科前生物,武汉科前生物股份有限公司2025年度内部控制审计报告,2026-04-08,http://www.cninfo.com.cn/new/disclosure/detail?stockCode=688526&announcementId=1225082908&orgId=9900038938&announcementTime=2026-04-08
688526,科前生物,武汉科前生物股份有限公司2025年内部控制评价报告,2026-04-08,http://www.cninfo.com.cn/new/disclosure/detail?stockCode=688526&announcementId=1225082907&orgId=9900038938&announcementTime=2026-04-08
688526,科前生物,武汉科前生物股份有限公司2025年度会计师事务所履职情况评估报告,2026-04-08,http://www.cninfo.com.cn/new/disclosure/detail?stockCode=688526&announcementId=1225082906&orgId=9900038938&announcementTime=2026-04-08
688526,科前生物,武汉科前生物股份有限公司2025年度董事会审计委员会履职报告,2026-04-08,http://www.cninfo.com.cn/new/disclosure/detail?stockCode=688526&announcementId=1225082899&orgId=9900038938&announcementTime=2026-04-08
688526,科前生物,武汉科前生物股份有限公司关于会计政策变更的公告,2026-04-08,http://www.cninfo.com.cn/new/disclosure/detail?stockCode=688526&announcementId=1225082898&orgId=9900038938&announcementTime=2026-04-08
688526,科前生物,武汉科前生物股份有限公司关于2026年度董事、高级管理人员薪酬方案的公告,2026-04-08,http://www.cninfo.com.cn/new/disclosure/detail?stockCode=688526&announcementId=1225082896&orgId=9900038938&announcementTime=2026-04-08
688526,科前生物,武汉科前生物股份有限公司2025年年度报告摘要,2026-04-08,http://www.cninfo.com.cn/new/disclosure/detail?stockCode=688526&announcementId=1225082893&orgId=9900038938&announcementTime=2026-04-08
688526,科前生物,武汉科前生物股份有限公司董事会审计委员会对会计师事务所2025年度履行监督职责情况报告,2026-04-08,http://www.cninfo.com.cn/new/disclosure/detail?stockCode=688526&announcementId=1225082892&orgId=9900038938&announcementTime=2026-04-08
688526,科前生物,武汉科前生物股份有限公司关于公司及子公司2026年度向银行申请综合授信额度的公告,2026-04-08,http://www.cninfo.com.cn/new/disclosure/detail?stockCode=688526&announcementId=1225082890&orgId=9900038938&announcementTime=2026-04-08
688526,科前生物,武汉科前生物股份有限公司董事和高级管理人员薪酬管理制度,2026-04-08,http://www.cninfo.com.cn/new/disclosure/detail?stockCode=688526&announcementId=1225082882&orgId=9900038938&announcementTime=2026-04-08
688526,科前生物,武汉科前生物股份有限公司2025年独立董事述职报告（王宏林-已离任）,2026-04-08,http://www.cninfo.com.cn/new/disclosure/detail?stockCode=688526&announcementId=1225082881&orgId=9900038938&announcementTime=2026-04-08
688526,科前生物,关于武汉科前生物股份有限公司2025年度与华中农业大学兽用生物制品合作研发项目研究开发费用明细表专项审计报告,2026-04-08,http://www.cninfo.com.cn/new/disclosure/detail?stockCode=688526&announcementId=1225082878&orgId=9900038938&announcementTime=2026-04-08
688526,科前生物,武汉科前生物股份有限公司2025年度募集资金存放、管理与实际使用情况的专项鉴证报告,2026-04-08,http://www.cninfo.com.cn/new/disclosure/detail?stockCode=688526&announcementId=1225082877&orgId=9900038938&announcementTime=2026-04-08
688526,科前生物,武汉科前生物股份有限公司2025年独立董事述职报告（王晖）,2026-04-08,http://www.cninfo.com.cn/new/disclosure/detail?stockCode=688526&announcementId=1225082876&orgId=9900038938&announcementTime=2026-04-08
688526,科前生物,武汉科前生物股份有限公司关于2025年利润分配预案的公告,2026-04-08,http://www.cninfo.com.cn/new/disclosure/detail?stockCode=688526&announcementId=1225082874&orgId=9900038938&announcementTime=2026-04-08
688526,科前生物,武汉科前生物股份有限公司关于召开2025年年度股东会的通知,2026-04-08,http://www.cninfo.com.cn/new/disclosure/detail?stockCode=688526&announcementId=1225082873&orgId=9900038938&announcementTime=2026-04-08
688526,科前生物,武汉科前生物股份有限公司2025年度审计报告,2026-04-08,http://www.cninfo.com.cn/new/disclosure/detail?stockCode=688526&announcementId=1225082872&orgId=9900038938&announcementTime=2026-04-08
688526,科前生物,武汉科前生物股份有限公司董事会关于独立董事独立性情况的专项意见,2026-04-08,http://www.cninfo.com.cn/new/disclosure/detail?stockCode=688526&announcementId=1225082871&orgId=9900038938&announcementTime=2026-04-08
688526,科前生物,武汉科前生物股份有限公司2025年年度报告,2026-04-08,http://www.cninfo.com.cn/new/disclosure/detail?stockCode=688526&announcementId=1225082868&orgId=9900038938&announcementTime=2026-04-08
688526,科前生物,武汉科前生物股份有限公司非经营性资金占用及其他关联资金往来专项审核说明,2026-04-08,http://www.cninfo.com.cn/new/disclosure/detail?stockCode=688526&announcementId=1225082866&orgId=9900038938&announcementTime=2026-04-08
688526,科前生物,武汉科前生物股份有限公司关于拟与华中农大签订合作研发协议暨关联交易的自愿性披露公告,2026-03-25,http://www.cninfo.com.cn/new/disclosure/detail?stockCode=688526&announcementId=1225027424&orgId=9900038938&announcementTime=2026-03-25
688526,科前生物,武汉科前生物股份有限公司独立董事关于第四届董事会第十八次会议相关事项的独立意见,2026-03-25,http://www.cninfo.com.cn/new/disclosure/detail?stockCode=688526&announcementId=1225027416&orgId=9900038938&announcementTime=2026-03-25
688526,科前生物,武汉科前生物股份有限公司2025年度业绩快报公告,2026-02-28,http://www.cninfo.com.cn/new/disclosure/detail?stockCode=688526&announcementId=1224987005&orgId=9900038938&announcementTime=2026-02-28
688526,科前生物,武汉科前生物股份有限公司关于获批新兽药注册证书的自愿性信息披露公告,2026-02-10,http://www.cninfo.com.cn/new/disclosure/detail?stockCode=688526&announcementId=1224972366&orgId=9900038938&announcementTime=2026-02-10
688526,科前生物,武汉科前生物股份有限公司关于非独立董事辞职暨选举职工代表董事的公告,2025-11-29,http://www.cninfo.com.cn/new/disclosure/detail?stockCode=688526&announcementId=1224833121&orgId=9900038938&announcementTime=2025-11-29
688526,科前生物,北京市嘉源律师事务所关于武汉科前生物股份有限公司2025年第三次临时股东会的法律意见书,2025-11-15,http://www.cninfo.com.cn/new/disclosure/detail?stockCode=688526&announcementId=1224806042&orgId=9900038938&announcementTime=2025-11-15
688526,科前生物,武汉科前生物股份有限公司2025年第三次临时股东大会决议公告,2025-11-15,http://www.cninfo.com.cn/new/disclosure/detail?stockCode=688526&announcementId=1224806041&orgId=9900038938&announcementTime=2025-11-15
688526,科前生物,武汉科前生物股份有限公司2025年第三次临时股东大会会议材料,2025-11-04,http://www.cninfo.com.cn/new/disclosure/detail?stockCode=688526&announcementId=1224782622&orgId=9900038938&announcementTime=2025-11-04
688526,科前生物,武汉科前生物股份有限公司2025年第三季度业绩说明会公告,2025-11-04,http://www.cninfo.com.cn/new/disclosure/detail?stockCode=688526&announcementId=1224782621&orgId=9900038938&announcementTime=2025-11-04
688526,科前生物,武汉科前生物股份有限公司总经理工作细则,2025-10-30,http://www.cninfo.com.cn/new/disclosure/detail?stockCode=688526&announcementId=1224767124&orgId=9900038938&announcementTime=2025-10-30
688526,科前生物,武汉科前生物股份有限公司舆情管理制度,2025-10-30,http://www.cninfo.com.cn/new/disclosure/detail?stockCode=688526&announcementId=1224767123&orgId=9900038938&announcementTime=2025-10-30
688526,科前生物,武汉科前生物股份有限公司信息披露暂缓与豁免事务管理制度,2025-10-30,http://www.cninfo.com.cn/new/disclosure/detail?stockCode=688526&announcementId=1224767122&orgId=9900038938&announcementTime=2025-10-30
688526,科前生物,武汉科前生物股份有限公司信息披露管理制度,2025-10-30,http://www.cninfo.com.cn/new/disclosure/detail?stockCode=688526&announcementId=1224767121&orgId=9900038938&announcementTime=2025-10-30
688526,科前生物,武汉科前生物股份有限公司投资者关系管理办法,2025-10-30,http://www.cninfo.com.cn/new/disclosure/detail?stockCode=688526&announcementId=1224767120&orgId=9900038938&announcementTime=2025-10-30
688526,科前生物,武汉科前生物股份有限公司年报信息披露重大差错追究制度,2025-10-30,http://www.cninfo.com.cn/new/disclosure/detail?stockCode=688526&announcementId=1224767119&orgId=9900038938&announcementTime=2025-10-30
688526,科前生物,武汉科前生物股份有限公司内幕信息知情人登记管理制度,2025-10-30,http://www.cninfo.com.cn/new/disclosure/detail?stockCode=688526&announcementId=1224767118&orgId=9900038938&announcementTime=2025-10-30
688526,科前生物,武汉科前生物股份有限公司内部审计制度,2025-10-30,http://www.cninfo.com.cn/new/disclosure/detail?stockCode=688526&announcementId=1224767117&orgId=9900038938&announcementTime=2025-10-30
688526,科前生物,武汉科前生物股份有限公司募集资金管理办法,2025-10-30,http://www.cninfo.com.cn/new/disclosure/detail?stockCode=688526&announcementId=1224767116&orgId=9900038938&announcementTime=2025-10-30
688526,科前生物,武汉科前生物股份有限公司控股子公司管理制度,2025-10-30,http://www.cninfo.com.cn/new/disclosure/detail?stockCode=688526&announcementId=1224767099&orgId=9900038938&announcementTime=2025-10-30
688526,科前生物,武汉科前生物股份有限公司对外担保管理办法,2025-10-30,http://www.cninfo.com.cn/new/disclosure/detail?stockCode=688526&announcementId=1224767098&orgId=9900038938&announcementTime=2025-10-30
688526,科前生物,武汉科前生物股份有限公司独立董事工作制度,2025-10-30,http://www.cninfo.com.cn/new/disclosure/detail?stockCode=688526&announcementId=1224767097&orgId=9900038938&announcementTime=2025-10-30
688526,科前生物,武汉科前生物股份有限公司董事会战略与发展委员会议事规则,2025-10-30,http://www.cninfo.com.cn/new/disclosure/detail?stockCode=688526&announcementId=1224767096&orgId=9900038938&announcementTime=2025-10-30
688526,科前生物,武汉科前生物股份有限公司会计师事务所选聘管理办法,2025-10-30,http://www.cninfo.com.cn/new/disclosure/detail?stockCode=688526&announcementId=1224767095&orgId=9900038938&announcementTime=2025-10-30
688526,科前生物,武汉科前生物股份有限公司关联交易管理办法,2025-10-30,http://www.cninfo.com.cn/new/disclosure/detail?stockCode=688526&announcementId=1224767094&orgId=9900038938&announcementTime=2025-10-30
688526,科前生物,武汉科前生物股份有限公司股东会议事规则,2025-10-30,http://www.cninfo.com.cn/new/disclosure/detail?stockCode=688526&announcementId=1224767093&orgId=9900038938&announcementTime=2025-10-30
688526,科前生物,武汉科前生物股份有限公司对外投资管理制度,2025-10-30,http://www.cninfo.com.cn/new/disclosure/detail?stockCode=688526&announcementId=1224767092&orgId=9900038938&announcementTime=2025-10-30
688526,科前生物,武汉科前生物股份有限公司董事会秘书工作细则,2025-10-30,http://www.cninfo.com.cn/new/disclosure/detail?stockCode=688526&announcementId=1224767091&orgId=9900038938&announcementTime=2025-10-30
688526,科前生物,武汉科前生物股份有限公司董事、高级管理人员所持公司股份及其变动管理制度,2025-10-30,http://www.cninfo.com.cn/new/disclosure/detail?stockCode=688526&announcementId=1224767090&orgId=9900038938&announcementTime=2025-10-30
688526,科前生物,武汉科前生物股份有限公司董事、高级管理人员离职管理制度,2025-10-30,http://www.cninfo.com.cn/new/disclosure/detail?stockCode=688526&announcementId=1224767089&orgId=9900038938&announcementTime=2025-10-30
688526,科前生物,武汉科前生物股份有限公司章程,2025-10-30,http://www.cninfo.com.cn/new/disclosure/detail?stockCode=688526&announcementId=1224767088&orgId=9900038938&announcementTime=2025-10-30
688526,科前生物,武汉科前生物股份有限公司董事会议事规则,2025-10-30,http://www.cninfo.com.cn/new/disclosure/detail?stockCode=688526&announcementId=1224767087&orgId=9900038938&announcementTime=2025-10-30
688526,科前生物,武汉科前生物股份有限公司董事会薪酬与考核委员会议事规则,2025-10-30,http://www.cninfo.com.cn/new/disclosure/detail?stockCode=688526&announcementId=1224767086&orgId=9900038938&announcementTime=2025-10-30
688526,科前生物,武汉科前生物股份有限公司董事会提名委员会议事规则,2025-10-30,http://www.cninfo.com.cn/new/disclosure/detail?stockCode=688526&announcementId=1224767085&orgId=9900038938&announcementTime=2025-10-30
688526,科前生物,武汉科前生物股份有限公司董事会审计委员会议事规则,2025-10-30,http://www.cninfo.com.cn/new/disclosure/detail?stockCode=688526&announcementId=1224767084&orgId=9900038938&announcementTime=2025-10-30
688526,科前生物,武汉科前生物股份有限公司关于取消监事会、修订《公司章程》及修订、制定公司内部治理制度的公告,2025-10-30,http://www.cninfo.com.cn/new/disclosure/detail?stockCode=688526&announcementId=1224767083&orgId=9900038938&announcementTime=2025-10-30
688526,科前生物,武汉科前生物股份有限公司关于召开2025年第三次临时股东大会的通知,2025-10-30,http://www.cninfo.com.cn/new/disclosure/detail?stockCode=688526&announcementId=1224767082&orgId=9900038938&announcementTime=2025-10-30
688526,科前生物,武汉科前生物股份有限公司2025年第三季度报告,2025-10-30,http://www.cninfo.com.cn/new/disclosure/detail?stockCode=688526&announcementId=1224767081&orgId=9900038938&announcementTime=2025-10-30
688526,科前生物,武汉科前生物股份有限公司独立董事关于第四届董事会第十六次会议相关事项的独立意见,2025-10-30,http://www.cninfo.com.cn/new/disclosure/detail?stockCode=688526&announcementId=1224767080&orgId=9900038938&announcementTime=2025-10-30
688526,科前生物,武汉科前生物股份有限公司关于拟与华中农大签订合作研发协议暨关联交易的自愿性披露公告,2025-10-30,http://www.cninfo.com.cn/new/disclosure/detail?stockCode=688526&announcementId=1224767079&orgId=9900038938&announcementTime=2025-10-30
688526,科前生物,武汉科前生物股份有限公司第四届监事会第十五次会议决议公告,2025-10-30,http://www.cninfo.com.cn/new/disclosure/detail?stockCode=688526&announcementId=1224767078&orgId=9900038938&announcementTime=2025-10-30
688526,科前生物,武汉科前生物股份有限公司关于获批新兽药注册证书的自愿性信息披露公告,2025-09-30,http://www.cninfo.com.cn/new/disclosure/detail?stockCode=688526&announcementId=1224688091&orgId=9900038938&announcementTime=2025-09-30
688526,科前生物,武汉科前生物股份有限公司关于部分募集资金账户注销的公告,2025-09-24,http://www.cninfo.com.cn/new/disclosure/detail?stockCode=688526&announcementId=1224676261&orgId=9900038938&announcementTime=2025-09-24
688526,科前生物,武汉科前生物股份有限公司第四届监事会第十四次会议决议公告,2025-09-23,http://www.cninfo.com.cn/new/disclosure/detail?stockCode=688526&announcementId=1224673881&orgId=9900038938&announcementTime=2025-09-23
688526,科前生物,武汉科前生物股份有限公司关于增加使用闲置自有资金进行现金管理额度的公告,2025-09-23,http://www.cninfo.com.cn/new/disclosure/detail?stockCode=688526&announcementId=1224673868&orgId=9900038938&announcementTime=2025-09-23
688526,科前生物,武汉科前生物股份有限公司关于实际控制人续签一致行动人协议公告,2025-09-20,http://www.cninfo.com.cn/new/disclosure/detail?stockCode=688526&announcementId=1224670057&orgId=9900038938&announcementTime=2025-09-20
688526,科前生物,武汉科前生物股份有限公司关于参加2025年半年度科创板生物制品及CXO行业集体业绩说明会的公告,2025-09-02,http://www.cninfo.com.cn/new/disclosure/detail?stockCode=688526&announcementId=1224630524&orgId=9900038938&announcementTime=2025-09-02
688526,科前生物,武汉科前生物股份有限公司2025年半年度募集资金存放与实际使用情况的专项报告,2025-08-26,http://www.cninfo.com.cn/new/disclosure/detail?stockCode=688526&announcementId=1224564246&orgId=9900038938&announcementTime=2025-08-26
688526,科前生物,武汉科前生物股份有限公司2025年“提质增效重回报”专项行动方案的半年度评估报告,2025-08-26,http://www.cninfo.com.cn/new/disclosure/detail?stockCode=688526&announcementId=1224564245&orgId=9900038938&announcementTime=2025-08-26
688526,科前生物,武汉科前生物股份有限公司2025年半年度报告,2025-08-26,http://www.cninfo.com.cn/new/disclosure/detail?stockCode=688526&announcementId=1224564244&orgId=9900038938&announcementTime=2025-08-26
688526,科前生物,武汉科前生物股份有限公司2025年半年度报告摘要,2025-08-26,http://www.cninfo.com.cn/new/disclosure/detail?stockCode=688526&announcementId=1224564243&orgId=9900038938&announcementTime=2025-08-26
688526,科前生物,武汉科前生物股份有限公司第四届监事会第十三次会议决议公告,2025-08-26,http://www.cninfo.com.cn/new/disclosure/detail?stockCode=688526&announcementId=1224564242&orgId=9900038938&announcementTime=2025-08-26
688526,科前生物,武汉科前生物股份有限公司关于拟与华中农大签订合作研发协议暨关联交易的公告,2025-08-13,http://www.cninfo.com.cn/new/disclosure/detail?stockCode=688526&announcementId=1224461534&orgId=9900038938&announcementTime=2025-08-13
688526,科前生物,武汉科前生物股份有限公司第四届监事会第十二次会议决议公告,2025-08-13,http://www.cninfo.com.cn/new/disclosure/detail?stockCode=688526&announcementId=1224461533&orgId=9900038938&announcementTime=2025-08-13
688526,科前生物,武汉科前生物股份有限公司关于2025年员工持股计划非交易过户完成的公告,2025-08-13,http://www.cninfo.com.cn/new/disclosure/detail?stockCode=688526&announcementId=1224461532&orgId=9900038938&announcementTime=2025-08-13
688526,科前生物,武汉科前生物股份有限公司独立董事关于第四届董事会第十三次会议相关事项的独立意见,2025-08-13,http://www.cninfo.com.cn/new/disclosure/detail?stockCode=688526&announcementId=1224461531&orgId=9900038938&announcementTime=2025-08-13
688526,科前生物,武汉科前生物股份有限公司2025年员工持股计划第一次持有人会议决议公告,2025-08-13,http://www.cninfo.com.cn/new/disclosure/detail?stockCode=688526&announcementId=1224461530&orgId=9900038938&announcementTime=2025-08-13
688526,科前生物,招商证券股份有限公司关于武汉科前生物股份有限公司使用闲置募集资金进行现金管理的核查意见,2025-08-13,http://www.cninfo.com.cn/new/disclosure/detail?stockCode=688526&announcementId=1224461529&orgId=9900038938&announcementTime=2025-08-13
688526,科前生物,武汉科前生物股份有限公司关于使用闲置募集资金进行现金管理的公告,2025-08-13,http://www.cninfo.com.cn/new/disclosure/detail?stockCode=688526&announcementId=1224461528&orgId=9900038938&announcementTime=2025-08-13
688526,科前生物,武汉科前生物股份有限公司独立董事关于第四届董事会第十二次会议相关事项的独立意见,2025-07-10,http://www.cninfo.com.cn/new/disclosure/detail?stockCode=688526&announcementId=1224118308&orgId=9900038938&announcementTime=2025-07-10
688526,科前生物,武汉科前生物股份有限公司关于拟与华中农大签订专利实施许可合同、研发及技术许可合同暨关联交易的自愿性披露公告,2025-07-10,http://www.cninfo.com.cn/new/disclosure/detail?stockCode=688526&announcementId=1224118307&orgId=9900038938&announcementTime=2025-07-10
688526,科前生物,武汉科前生物股份有限公司第四届监事会第十一次会议决议公告,2025-07-10,http://www.cninfo.com.cn/new/disclosure/detail?stockCode=688526&announcementId=1224118306&orgId=9900038938&announcementTime=2025-07-10
688526,科前生物,北京市嘉源律师事务所关于武汉科前生物股份有限公司2025年第二次临时股东会的法律意见书,2025-06-27,http://www.cninfo.com.cn/new/disclosure/detail?stockCode=688526&announcementId=1223998054&orgId=9900038938&announcementTime=2025-06-27
688526,科前生物,武汉科前生物股份有限公司2025年第二次临时股东会决议公告,2025-06-27,http://www.cninfo.com.cn/new/disclosure/detail?stockCode=688526&announcementId=1223998053&orgId=9900038938&announcementTime=2025-06-27
688526,科前生物,武汉科前生物股份有限公司关于获批新兽药注册证书的自愿性信息披露公告,2025-06-25,http://www.cninfo.com.cn/new/disclosure/detail?stockCode=688526&announcementId=1223972254&orgId=9900038938&announcementTime=2025-06-25
688526,科前生物,武汉科前生物股份有限公司2025年第二次临时股东大会会议材料,2025-06-13,http://www.cninfo.com.cn/new/disclosure/detail?stockCode=688526&announcementId=1223858324&orgId=9900038938&announcementTime=2025-06-13
688526,科前生物,武汉科前生物股份有限公司关于获批新兽药注册证书的自愿性信息披露公告,2025-06-12,http://www.cninfo.com.cn/new/disclosure/detail?stockCode=688526&announcementId=1223846473&orgId=9900038938&announcementTime=2025-06-12
688526,科前生物,武汉科前生物股份有限公司独立董事提名人声明与承诺（罗知）,2025-06-11,http://www.cninfo.com.cn/new/disclosure/detail?stockCode=688526&announcementId=1223836337&orgId=9900038938&announcementTime=2025-06-11
688526,科前生物,武汉科前生物股份有限公司董事会提名委员会关于独立董事候选人任职资格的审核意见,2025-06-11,http://www.cninfo.com.cn/new/disclosure/detail?stockCode=688526&announcementId=1223836336&orgId=9900038938&announcementTime=2025-06-11
688526,科前生物,武汉科前生物股份有限公司独立董事候选人声明与承诺（罗知）,2025-06-11,http://www.cninfo.com.cn/new/disclosure/detail?stockCode=688526&announcementId=1223836335&orgId=9900038938&announcementTime=2025-06-11
688526,科前生物,武汉科前生物股份有限公司独立董事关于第四届董事会第十一次会议相关事项的独立意见,2025-06-11,http://www.cninfo.com.cn/new/disclosure/detail?stockCode=688526&announcementId=1223836334&orgId=9900038938&announcementTime=2025-06-11
688526,科前生物,武汉科前生物股份有限公司关于召开2025年第二次临时股东大会的通知,2025-06-11,http://www.cninfo.com.cn/new/disclosure/detail?stockCode=688526&announcementId=1223836333&orgId=9900038938&announcementTime=2025-06-11
688526,科前生物,武汉科前生物股份有限公司关于拟与华中农大签订合作研发协议暨关联交易的自愿性披露公告,2025-06-11,http://www.cninfo.com.cn/new/disclosure/detail?stockCode=688526&announcementId=1223836332&orgId=9900038938&announcementTime=2025-06-11
688526,科前生物,武汉科前生物股份有限公司关于补选独立董事并调整董事会专门委员会成员的公告,2025-06-11,http://www.cninfo.com.cn/new/disclosure/detail?stockCode=688526&announcementId=1223836331&orgId=9900038938&announcementTime=2025-06-11
688526,科前生物,武汉科前生物股份有限公司第四届监事会第十次会议决议公告,2025-06-11,http://www.cninfo.com.cn/new/disclosure/detail?stockCode=688526&announcementId=1223836330&orgId=9900038938&announcementTime=2025-06-11
688526,科前生物,北京市嘉源律师事务所关于科前生物股份有限公司差异化分红事项的专项核查意见,2025-06-10,http://www.cninfo.com.cn/new/disclosure/detail?stockCode=688526&announcementId=1223825933&orgId=9900038938&announcementTime=2025-06-10
688526,科前生物,武汉科前生物股份有限公司2024年年度权益分派实施公告,2025-06-10,http://www.cninfo.com.cn/new/disclosure/detail?stockCode=688526&announcementId=1223825932&orgId=9900038938&announcementTime=2025-06-10
688526,科前生物,北京市嘉源律师事务所关于武汉科前生物股份有限公司2024年年度股东会的法律意见书,2025-05-20,http://www.cninfo.com.cn/new/disclosure/detail?stockCode=688526&announcementId=1223589123&orgId=9900038938&announcementTime=2025-05-20
688526,科前生物,武汉科前生物股份有限公司独立董事关于第四届董事会第十次会议相关事项的独立意见,2025-05-20,http://www.cninfo.com.cn/new/disclosure/detail?stockCode=688526&announcementId=1223589122&orgId=9900038938&announcementTime=2025-05-20
688526,科前生物,武汉科前生物股份有限公司2024年年度股东大会决议公告,2025-05-20,http://www.cninfo.com.cn/new/disclosure/detail?stockCode=688526&announcementId=1223589121&orgId=9900038938&announcementTime=2025-05-20
688526,科前生物,武汉科前生物股份有限公司第四届监事会第九次会议决议公告,2025-05-20,http://www.cninfo.com.cn/new/disclosure/detail?stockCode=688526&announcementId=1223589120&orgId=9900038938&announcementTime=2025-05-20
688526,科前生物,武汉科前生物股份有限公司关于拟与华中农大签订合作研发协议暨关联交易的自愿性披露公告,2025-05-20,http://www.cninfo.com.cn/new/disclosure/detail?stockCode=688526&announcementId=1223589119&orgId=9900038938&announcementTime=2025-05-20
688526,科前生物,武汉科前生物股份有限公司2024年年度股东大会会议材料,2025-05-08,http://www.cninfo.com.cn/new/disclosure/detail?stockCode=688526&announcementId=1223488489&orgId=9900038938&announcementTime=2025-05-08
688526,科前生物,武汉科前生物股份有限公司2024年度暨2025年第一季度业绩暨现金分红说明会公告,2025-05-07,http://www.cninfo.com.cn/new/disclosure/detail?stockCode=688526&announcementId=1223475128&orgId=9900038938&announcementTime=2025-05-07
688526,科前生物,武汉科前生物股份有限公司2024年度“提质增效重回报”专项行动方案的评估报告暨2025年度“提质增效重回报”专项行动方案,2025-04-29,http://www.cninfo.com.cn/new/disclosure/detail?stockCode=688526&announcementId=1223388570&orgId=9900038938&announcementTime=2025-04-29
688526,科前生物,武汉科前生物股份有限公司关于会计政策变更的公告,2025-04-29,http://www.cninfo.com.cn/new/disclosure/detail?stockCode=688526&announcementId=1223388566&orgId=9900038938&announcementTime=2025-04-29
688526,科前生物,武汉科前生物股份有限公司关于续聘公司2025年度审计机构的公告,2025-04-29,http://www.cninfo.com.cn/new/disclosure/detail?stockCode=688526&announcementId=1223388564&orgId=9900038938&announcementTime=2025-04-29
688526,科前生物,招商证券股份有限公司关于武汉科前生物股份有限公司 2024 年度募集资金存放与实际使用情况的专项核查意见,2025-04-29,http://www.cninfo.com.cn/new/disclosure/detail?stockCode=688526&announcementId=1223388562&orgId=9900038938&announcementTime=2025-04-29
688526,科前生物,武汉科前生物股份有限公司2024年度内部控制评价报告,2025-04-29,http://www.cninfo.com.cn/new/disclosure/detail?stockCode=688526&announcementId=1223388560&orgId=9900038938&announcementTime=2025-04-29
688526,科前生物,武汉科前生物股份有限公司关于2025年度日常关联交易预计的公告,2025-04-29,http://www.cninfo.com.cn/new/disclosure/detail?stockCode=688526&announcementId=1223388558&orgId=9900038938&announcementTime=2025-04-29
688526,科前生物,武汉科前生物股份有限公司2024年度内部控制审计报告,2025-04-29,http://www.cninfo.com.cn/new/disclosure/detail?stockCode=688526&announcementId=1223388556&orgId=9900038938&announcementTime=2025-04-29
688526,科前生物,武汉科前生物股份有限公司2024年度审计报告,2025-04-29,http://www.cninfo.com.cn/new/disclosure/detail?stockCode=688526&announcementId=1223388547&orgId=9900038938&announcementTime=2025-04-29
688526,科前生物,武汉科前生物股份有限公司2024年度募集资金存放与使用情况的专项报告,2025-04-29,http://www.cninfo.com.cn/new/disclosure/detail?stockCode=688526&announcementId=1223388545&orgId=9900038938&announcementTime=2025-04-29
688526,科前生物,武汉科前生物股份有限公司关于独立董事任期满六年辞职的公告,2025-04-29,http://www.cninfo.com.cn/new/disclosure/detail?stockCode=688526&announcementId=1223388542&orgId=9900038938&announcementTime=2025-04-29
688526,科前生物,武汉科前生物股份有限公司关于公司及子公司2025年度向银行申请综合授信额度的公告,2025-04-29,http://www.cninfo.com.cn/new/disclosure/detail?stockCode=688526&announcementId=1223388539&orgId=9900038938&announcementTime=2025-04-29
688526,科前生物,武汉科前生物股份有限公司非经营性资金占用及其他关联资金往来专项审核说明,2025-04-29,http://www.cninfo.com.cn/new/disclosure/detail?stockCode=688526&announcementId=1223388536&orgId=9900038938&announcementTime=2025-04-29
688526,科前生物,武汉科前生物股份有限公司2024年独立董事述职报告（罗飞）,2025-04-29,http://www.cninfo.com.cn/new/disclosure/detail?stockCode=688526&announcementId=1223388534&orgId=9900038938&announcementTime=2025-04-29
688526,科前生物,武汉科前生物股份有限公司关于召开2024年年度股东大会的通知,2025-04-29,http://www.cninfo.com.cn/new/disclosure/detail?stockCode=688526&announcementId=1223388533&orgId=9900038938&announcementTime=2025-04-29
688526,科前生物,武汉科前生物股份有限公司2024年年度报告,2025-04-29,http://www.cninfo.com.cn/new/disclosure/detail?stockCode=688526&announcementId=1223388529&orgId=9900038938&announcementTime=2025-04-29
688526,科前生物,华兴会计师事务所（特殊普通合伙）关于武汉科前生物股份有限公司2024年度与华中农业大学兽用生物制品合作研发项目研究开发费用明细表专项审计报告,2025-04-29,http://www.cninfo.com.cn/new/disclosure/detail?stockCode=688526&announcementId=1223388525&orgId=9900038938&announcementTime=2025-04-29
688526,科前生物,武汉科前生物股份有限公司2024年年度报告摘要,2025-04-29,http://www.cninfo.com.cn/new/disclosure/detail?stockCode=688526&announcementId=1223388522&orgId=9900038938&announcementTime=2025-04-29
688526,科前生物,武汉科前生物股份有限公司董事会关于独立董事独立性情况的专项意见,2025-04-29,http://www.cninfo.com.cn/new/disclosure/detail?stockCode=688526&announcementId=1223388520&orgId=9900038938&announcementTime=2025-04-29
688526,科前生物,武汉科前生物股份有限公司关于获批新兽药注册证书的自愿性信息披露公告,2025-04-29,http://www.cninfo.com.cn/new/disclosure/detail?stockCode=688526&announcementId=1223388518&orgId=9900038938&announcementTime=2025-04-29
688526,科前生物,武汉科前生物股份有限公司2024年独立董事述职报告（王晖）,2025-04-29,http://www.cninfo.com.cn/new/disclosure/detail?stockCode=688526&announcementId=1223388516&orgId=9900038938&announcementTime=2025-04-29
688526,科前生物,武汉科前生物股份有限公司第四届监事会第八次会议决议公告,2025-04-29,http://www.cninfo.com.cn/new/disclosure/detail?stockCode=688526&announcementId=1223388513&orgId=9900038938&announcementTime=2025-04-29
688526,科前生物,武汉科前生物股份有限公司关于2024年利润分配预案的公告,2025-04-29,http://www.cninfo.com.cn/new/disclosure/detail?stockCode=688526&announcementId=1223388512&orgId=9900038938&announcementTime=2025-04-29
688526,科前生物,武汉科前生物股份有限公司2024年度募集资金存放与实际使用情况的专项鉴证报告,2025-04-29,http://www.cninfo.com.cn/new/disclosure/detail?stockCode=688526&announcementId=1223388511&orgId=9900038938&announcementTime=2025-04-29
688526,科前生物,武汉科前生物股份有限公司2024年度董事会审计委员会履职报告,2025-04-29,http://www.cninfo.com.cn/new/disclosure/detail?stockCode=688526&announcementId=1223388510&orgId=9900038938&announcementTime=2025-04-29
688526,科前生物,武汉科前生物股份有限公司2024年独立董事述职报告（王宏林）,2025-04-29,http://www.cninfo.com.cn/new/disclosure/detail?stockCode=688526&announcementId=1223388508&orgId=9900038938&announcementTime=2025-04-29
688526,科前生物,武汉科前生物股份有限公司2024年度会计师事务所的履职情况评估报告及审计委员会履行监督职责情况报告,2025-04-29,http://www.cninfo.com.cn/new/disclosure/detail?stockCode=688526&announcementId=1223388507&orgId=9900038938&announcementTime=2025-04-29
688526,科前生物,武汉科前生物股份有限公司2025年第一季度报告,2025-04-29,http://www.cninfo.com.cn/new/disclosure/detail?stockCode=688526&announcementId=1223388506&orgId=9900038938&announcementTime=2025-04-29
688526,科前生物,武汉科前生物股份有限公司2025年员工持股计划,2025-04-12,http://www.cninfo.com.cn/new/disclosure/detail?stockCode=688526&announcementId=1223070067&orgId=9900038938&announcementTime=2025-04-12
688526,科前生物,武汉科前生物股份有限公司2025年第一次临时股东大会决议公告,2025-04-12,http://www.cninfo.com.cn/new/disclosure/detail?stockCode=688526&announcementId=1223068700&orgId=9900038938&announcementTime=2025-04-12
688526,科前生物,北京市嘉源律师事务所关于武汉科前生物股份有限公司2025年第一次临时股东大会的法律意见书,2025-04-12,http://www.cninfo.com.cn/new/disclosure/detail?stockCode=688526&announcementId=1223068698&orgId=9900038938&announcementTime=2025-04-12
688526,科前生物,武汉科前生物股份有限公司2025年第一次临时股东大会会议材料,2025-03-29,http://www.cninfo.com.cn/new/disclosure/detail?stockCode=688526&announcementId=1222939806&orgId=9900038938&announcementTime=2025-03-29
688526,科前生物,武汉科前生物股份有限公司关于拟与华中农大签订合作研发协议暨关联交易的自愿性披露公告,2025-03-25,http://www.cninfo.com.cn/new/disclosure/detail?stockCode=688526&announcementId=1222882078&orgId=9900038938&announcementTime=2025-03-25
688526,科前生物,武汉科前生物股份有限公司第四届监事会第七次会议决议公告,2025-03-25,http://www.cninfo.com.cn/new/disclosure/detail?stockCode=688526&announcementId=1222882077&orgId=9900038938&announcementTime=2025-03-25
688526,科前生物,武汉科前生物股份有限公司关于召开2025年第一次临时股东大会的通知,2025-03-25,http://www.cninfo.com.cn/new/disclosure/detail?stockCode=688526&announcementId=1222882076&orgId=9900038938&announcementTime=2025-03-25
688526,科前生物,武汉科前生物股份有限公司第四届董事会第八次会议决议公告,2025-03-25,http://www.cninfo.com.cn/new/disclosure/detail?stockCode=688526&announcementId=1222882075&orgId=9900038938&announcementTime=2025-03-25
688526,科前生物,武汉科前生物股份有限公司关于2025年第一次职工代表大会决议公告,2025-03-25,http://www.cninfo.com.cn/new/disclosure/detail?stockCode=688526&announcementId=1222882074&orgId=9900038938&announcementTime=2025-03-25
688526,科前生物,武汉科前生物股份有限公司监事会关于公司2025年员工持股计划相关事项的核查意见,2025-03-25,http://www.cninfo.com.cn/new/disclosure/detail?stockCode=688526&announcementId=1222882073&orgId=9900038938&announcementTime=2025-03-25
688526,科前生物,武汉科前生物股份有限公司关于使用闲置自有资金进行现金管理的公告,2025-03-25,http://www.cninfo.com.cn/new/disclosure/detail?stockCode=688526&announcementId=1222882072&orgId=9900038938&announcementTime=2025-03-25
688526,科前生物,北京市嘉源律师事务所关于武汉科前生物股份有限公司2025年员工持股计划的法律意见书,2025-03-25,http://www.cninfo.com.cn/new/disclosure/detail?stockCode=688526&announcementId=1222882071&orgId=9900038938&announcementTime=2025-03-25
688526,科前生物,武汉科前生物股份有限公司2025年员工持股计划管理办法,2025-03-25,http://www.cninfo.com.cn/new/disclosure/detail?stockCode=688526&announcementId=1222882070&orgId=9900038938&announcementTime=2025-03-25
688526,科前生物,武汉科前生物股份有限公司2025年员工持股计划（草案）,2025-03-25,http://www.cninfo.com.cn/new/disclosure/detail?stockCode=688526&announcementId=1222882069&orgId=9900038938&announcementTime=2025-03-25
688526,科前生物,武汉科前生物股份有限公司独立董事关于第四届董事会第八次会议相关事项的独立意见,2025-03-25,http://www.cninfo.com.cn/new/disclosure/detail?stockCode=688526&announcementId=1222882068&orgId=9900038938&announcementTime=2025-03-25
688526,科前生物,武汉科前生物股份有限公司2025年员工持股计划（草案）摘要,2025-03-25,http://www.cninfo.com.cn/new/disclosure/detail?stockCode=688526&announcementId=1222882067&orgId=9900038938&announcementTime=2025-03-25
688526,科前生物,武汉科前生物股份有限公司关于获批新兽药注册证书的自愿性信息披露公告,2025-02-27,http://www.cninfo.com.cn/new/disclosure/detail?stockCode=688526&announcementId=1222650129&orgId=9900038938&announcementTime=2025-02-27
688526,科前生物,武汉科前生物股份有限公司2024年度业绩快报公告,2025-02-27,http://www.cninfo.com.cn/new/disclosure/detail?stockCode=688526&announcementId=1222650034&orgId=9900038938&announcementTime=2025-02-27
688526,科前生物,武汉科前生物股份有限公司关于股份回购实施结果暨股份变动的公告,2025-02-21,http://www.cninfo.com.cn/new/disclosure/detail?stockCode=688526&announcementId=1222592859&orgId=9900038938&announcementTime=2025-02-21
688526,科前生物,武汉科前生物股份有限公司关于以集中竞价交易方式回购公司股份的进展公告,2025-02-06,http://www.cninfo.com.cn/new/disclosure/detail?stockCode=688526&announcementId=1222458562&orgId=9900038938&announcementTime=2025-02-06
688526,科前生物,武汉科前生物股份有限公司关于以集中竞价交易方式回购公司股份的进展公告,2025-01-03,http://www.cninfo.com.cn/new/disclosure/detail?stockCode=688526&announcementId=1222203619&orgId=9900038938&announcementTime=2025-01-03
688526,科前生物,武汉科前生物股份有限公司自愿披露关于取得《兽药gmp证书》和《兽药生产许可证》的公告,2025-01-01,http://www.cninfo.com.cn/new/disclosure/detail?stockCode=688526&announcementId=1222191305&orgId=9900038938&announcementTime=2025-01-01
688526,科前生物,武汉科前生物股份有限公司独立董事关于第四届董事会第七次会议相关事项的独立意见,2024-12-10,http://www.cninfo.com.cn/new/disclosure/detail?stockCode=688526&announcementId=1221964644&orgId=9900038938&announcementTime=2024-12-10
688526,科前生物,武汉科前生物股份有限公司第四届监事会第六次会议决议公告,2024-12-10,http://www.cninfo.com.cn/new/disclosure/detail?stockCode=688526&announcementId=1221964643&orgId=9900038938&announcementTime=2024-12-10
688526,科前生物,武汉科前生物股份有限公司关于拟与华中农大签订合作研发协议暨关联交易的自愿性披露公告,2024-12-10,http://www.cninfo.com.cn/new/disclosure/detail?stockCode=688526&announcementId=1221964642&orgId=9900038938&announcementTime=2024-12-10
688526,科前生物,武汉科前生物股份有限公司关于以集中竞价交易方式回购公司股份的进展公告,2024-12-03,http://www.cninfo.com.cn/new/disclosure/detail?stockCode=688526&announcementId=1221905121&orgId=9900038938&announcementTime=2024-12-03
688526,科前生物,武汉科前生物股份有限公司关于以集中竞价交易方式回购公司股份的进展公告,2024-11-05,http://www.cninfo.com.cn/new/disclosure/detail?stockCode=688526&announcementId=1221623427&orgId=9900038938&announcementTime=2024-11-05
688526,科前生物,武汉科前生物股份有限公司2024年第三季度报告,2024-10-31,http://www.cninfo.com.cn/new/disclosure/detail?stockCode=688526&announcementId=1221569307&orgId=9900038938&announcementTime=2024-10-31
688526,科前生物,武汉科前生物股份有限公司关于召开2024年第三季度业绩说明会的公告,2024-10-31,http://www.cninfo.com.cn/new/disclosure/detail?stockCode=688526&announcementId=1221569306&orgId=9900038938&announcementTime=2024-10-31
688526,科前生物,武汉科前生物股份有限公司关于获批新兽药注册证书的自愿性信息披露公告,2024-10-11,http://www.cninfo.com.cn/new/disclosure/detail?stockCode=688526&announcementId=1221358024&orgId=9900038938&announcementTime=2024-10-11
688526,科前生物,武汉科前生物股份有限公司股票交易异常波动公告,2024-10-10,http://www.cninfo.com.cn/new/disclosure/detail?stockCode=688526&announcementId=1221355680&orgId=9900038938&announcementTime=2024-10-10
688526,科前生物,关于《武汉科前生物股份有限公司股票交易异常波动的询证函》的回函,2024-10-10,http://www.cninfo.com.cn/new/disclosure/detail?stockCode=688526&announcementId=1221355679&orgId=9900038938&announcementTime=2024-10-10
688526,科前生物,武汉科前生物股份有限公司关于以集中竞价交易方式回购公司股份的进展公告,2024-10-09,http://www.cninfo.com.cn/new/disclosure/detail?stockCode=688526&announcementId=1221340244&orgId=9900038938&announcementTime=2024-10-09
688526,科前生物,武汉科前生物股份有限公司持股5%以上股东、监事减持股份结果公告,2024-10-09,http://www.cninfo.com.cn/new/disclosure/detail?stockCode=688526&announcementId=1221340243&orgId=9900038938&announcementTime=2024-10-09
688526,科前生物,武汉科前生物股份有限公司投资者关系活动记录表,2024-10-09,http://www.cninfo.com.cn/new/disclosure/detail?stockCode=688526&announcementId=1221340242&orgId=9900038938&announcementTime=2024-10-09
688526,科前生物,武汉科前生物股份有限公司关于实际控制人续签一致行动人协议公告,2024-09-21,http://www.cninfo.com.cn/new/disclosure/detail?stockCode=688526&announcementId=1221255574&orgId=9900038938&announcementTime=2024-09-21
688526,科前生物,武汉科前生物股份有限公司关于召开2024年半年度业绩说明会的公告,2024-09-20,http://www.cninfo.com.cn/new/disclosure/detail?stockCode=688526&announcementId=1221242889&orgId=9900038938&announcementTime=2024-09-20
688526,科前生物,武汉科前生物股份有限公司关于以集中竞价交易方式回购公司股份的进展公告,2024-09-03,http://www.cninfo.com.cn/new/disclosure/detail?stockCode=688526&announcementId=1221111629&orgId=9900038938&announcementTime=2024-09-03
688526,科前生物,武汉科前生物股份有限公司第四届监事会第四次会议决议公告,2024-08-30,http://www.cninfo.com.cn/new/disclosure/detail?stockCode=688526&announcementId=1221045949&orgId=9900038938&announcementTime=2024-08-30
688526,科前生物,武汉科前生物股份有限公司2024年半年度报告摘要,2024-08-30,http://www.cninfo.com.cn/new/disclosure/detail?stockCode=688526&announcementId=1221045947&orgId=9900038938&announcementTime=2024-08-30
688526,科前生物,武汉科前生物股份有限公司2024年半年度报告,2024-08-30,http://www.cninfo.com.cn/new/disclosure/detail?stockCode=688526&announcementId=1221045946&orgId=9900038938&announcementTime=2024-08-30
688526,科前生物,武汉科前生物股份有限公司2024年半年度募集资金存放与实际使用情况的专项报告,2024-08-30,http://www.cninfo.com.cn/new/disclosure/detail?stockCode=688526&announcementId=1221045945&orgId=9900038938&announcementTime=2024-08-30
688526,科前生物,武汉科前生物股份有限公司2024年度提质增效重回报专项行动方案的半年度评估报告,2024-08-30,http://www.cninfo.com.cn/new/disclosure/detail?stockCode=688526&announcementId=1221045944&orgId=9900038938&announcementTime=2024-08-30
688526,科前生物,武汉科前生物股份有限公司关于使用闲置募集资金进行现金管理的公告,2024-08-24,http://www.cninfo.com.cn/new/disclosure/detail?stockCode=688526&announcementId=1220959012&orgId=9900038938&announcementTime=2024-08-24
688526,科前生物,招商证券股份有限公司关于武汉科前生物股份有限公司使用闲置募集资金进行现金管理的核查意见,2024-08-24,http://www.cninfo.com.cn/new/disclosure/detail?stockCode=688526&announcementId=1220959010&orgId=9900038938&announcementTime=2024-08-24
688526,科前生物,武汉科前生物股份有限公司第四届监事会第三次会议决议公告,2024-08-24,http://www.cninfo.com.cn/new/disclosure/detail?stockCode=688526&announcementId=1220959008&orgId=9900038938&announcementTime=2024-08-24
688526,科前生物,武汉科前生物股份有限公司关于以集中竞价交易方式回购公司股份的进展公告,2024-08-01,http://www.cninfo.com.cn/new/disclosure/detail?stockCode=688526&announcementId=1220763760&orgId=9900038938&announcementTime=2024-08-01
688526,科前生物,北京市嘉源律师事务所关于武汉科前生物股份有限公司2021年限制性股票激励计划部分第一类限制性股票回购注销实施情况的法律意见书,2024-07-23,http://www.cninfo.com.cn/new/disclosure/detail?stockCode=688526&announcementId=1220701930&orgId=9900038938&announcementTime=2024-07-23
688526,科前生物,招商证券股份有限公司关于武汉科前生物股份有限公司使用自有资金及承兑汇票等方式支付募投项目所需资金并以募集资金等额置换的核查意见,2024-07-23,http://www.cninfo.com.cn/new/disclosure/detail?stockCode=688526&announcementId=1220701929&orgId=9900038938&announcementTime=2024-07-23
688526,科前生物,武汉科前生物股份有限公司第四届监事会第二次会议决议公告,2024-07-23,http://www.cninfo.com.cn/new/disclosure/detail?stockCode=688526&announcementId=1220701928&orgId=9900038938&announcementTime=2024-07-23
688526,科前生物,武汉科前生物股份有限公司2021年限制性股票激励计划部分第一类限制性股票回购注销实施公告,2024-07-23,http://www.cninfo.com.cn/new/disclosure/detail?stockCode=688526&announcementId=1220701927&orgId=9900038938&announcementTime=2024-07-23
688526,科前生物,武汉科前生物股份有限公司关于使用自有资金及承兑汇票等方式支付募投项目所需资金并以募集资金等额置换的公告,2024-07-23,http://www.cninfo.com.cn/new/disclosure/detail?stockCode=688526&announcementId=1220701926&orgId=9900038938&announcementTime=2024-07-23
688526,科前生物,武汉科前生物股份有限公司关于获批新兽药注册证书的自愿性信息披露公告,2024-07-13,http://www.cninfo.com.cn/new/disclosure/detail?stockCode=688526&announcementId=1220626076&orgId=9900038938&announcementTime=2024-07-13
688526,科前生物,武汉科前生物股份有限公司第四届监事会第一次会议决议公告,2024-07-11,http://www.cninfo.com.cn/new/disclosure/detail?stockCode=688526&announcementId=1220602686&orgId=9900038938&announcementTime=2024-07-11
688526,科前生物,武汉科前生物股份有限公司关于完成董事会、监事会换届选举及聘任高级管理人员、证券事务代表的公告,2024-07-11,http://www.cninfo.com.cn/new/disclosure/detail?stockCode=688526&announcementId=1220602685&orgId=9900038938&announcementTime=2024-07-11
688526,科前生物,北京市嘉源律师事务所关于武汉科前生物股份有限公司2024年第二次临时股东大会的法律意见书,2024-07-11,http://www.cninfo.com.cn/new/disclosure/detail?stockCode=688526&announcementId=1220602684&orgId=9900038938&announcementTime=2024-07-11
688526,科前生物,武汉科前生物股份有限公司2024年第二次临时股东大会决议公告,2024-07-11,http://www.cninfo.com.cn/new/disclosure/detail?stockCode=688526&announcementId=1220602683&orgId=9900038938&announcementTime=2024-07-11
688526,科前生物,武汉科前生物股份有限公司关于以集中竞价交易方式回购公司股份的进展公告,2024-07-02,http://www.cninfo.com.cn/new/disclosure/detail?stockCode=688526&announcementId=1220510333&orgId=9900038938&announcementTime=2024-07-02
688526,科前生物,武汉科前生物股份有限公司2024年第二次临时股东大会会议材料,2024-06-28,http://www.cninfo.com.cn/new/disclosure/detail?stockCode=688526&announcementId=1220479918&orgId=9900038938&announcementTime=2024-06-28
688526,科前生物,武汉科前生物股份有限公司董事会提名委员会关于独立董事候选人任职资格的审核意见,2024-06-25,http://www.cninfo.com.cn/new/disclosure/detail?stockCode=688526&announcementId=1220442626&orgId=9900038938&announcementTime=2024-06-25
688526,科前生物,武汉科前生物股份有限公司独立董事提名人声明与承诺（罗飞）,2024-06-25,http://www.cninfo.com.cn/new/disclosure/detail?stockCode=688526&announcementId=1220442625&orgId=9900038938&announcementTime=2024-06-25
688526,科前生物,武汉科前生物股份有限公司独立董事候选人声明与承诺（王晖）,2024-06-25,http://www.cninfo.com.cn/new/disclosure/detail?stockCode=688526&announcementId=1220442624&orgId=9900038938&announcementTime=2024-06-25
688526,科前生物,武汉科前生物股份有限公司2024年第二次临时股东大会通知,2024-06-25,http://www.cninfo.com.cn/new/disclosure/detail?stockCode=688526&announcementId=1220442623&orgId=9900038938&announcementTime=2024-06-25
688526,科前生物, 武汉科前生物股份有限公司关于选举职工代表监事的公告,2024-06-25,http://www.cninfo.com.cn/new/disclosure/detail?stockCode=688526&announcementId=1220442622&orgId=9900038938&announcementTime=2024-06-25
688526,科前生物,武汉科前生物股份有限公司第三届监事会第三十三次会议决议公告,2024-06-25,http://www.cninfo.com.cn/new/disclosure/detail?stockCode=688526&announcementId=1220442621&orgId=9900038938&announcementTime=2024-06-25
688526,科前生物,武汉科前生物股份有限公司独立董事提名人声明与承诺（王晖）,2024-06-25,http://www.cninfo.com.cn/new/disclosure/detail?stockCode=688526&announcementId=1220442620&orgId=9900038938&announcementTime=2024-06-25
688526,科前生物,武汉科前生物股份有限公司独立董事候选人声明与承诺（王宏林）,2024-06-25,http://www.cninfo.com.cn/new/disclosure/detail?stockCode=688526&announcementId=1220442619&orgId=9900038938&announcementTime=2024-06-25
688526,科前生物,武汉科前生物股份有限公司独立董事提名人声明与承诺（王宏林）,2024-06-25,http://www.cninfo.com.cn/new/disclosure/detail?stockCode=688526&announcementId=1220442618&orgId=9900038938&announcementTime=2024-06-25
688526,科前生物,武汉科前生物股份有限公司关于董事会、监事会换届选举的公告,2024-06-25,http://www.cninfo.com.cn/new/disclosure/detail?stockCode=688526&announcementId=1220442617&orgId=9900038938&announcementTime=2024-06-25
688526,科前生物,武汉科前生物股份有限公司独立董事候选人声明与承诺（罗飞）,2024-06-25,http://www.cninfo.com.cn/new/disclosure/detail?stockCode=688526&announcementId=1220442616&orgId=9900038938&announcementTime=2024-06-25
688526,科前生物,武汉科前生物股份有限公司持股5%以上股东、监事减持股份计划公告,2024-06-15,http://www.cninfo.com.cn/new/disclosure/detail?stockCode=688526&announcementId=1220358439&orgId=9900038938&announcementTime=2024-06-15
688526,科前生物,北京市嘉源律师事务所关于武汉科前生物股份有限公司2024年第一次临时股东大会的法律意见书,2024-06-08,http://www.cninfo.com.cn/new/disclosure/detail?stockCode=688526&announcementId=1220301415&orgId=9900038938&announcementTime=2024-06-08
688526,科前生物,武汉科前生物股份有限公司2024年第一次临时股东大会决议公告,2024-06-08,http://www.cninfo.com.cn/new/disclosure/detail?stockCode=688526&announcementId=1220301414&orgId=9900038938&announcementTime=2024-06-08
688526,科前生物,武汉科前生物股份有限公司关于获批新兽药注册证书的自愿性信息披露公告,2024-06-01,http://www.cninfo.com.cn/new/disclosure/detail?stockCode=688526&announcementId=1220222817&orgId=9900038938&announcementTime=2024-06-01
688526,科前生物,武汉科前生物股份有限公司关于以集中竞价交易方式回购公司股份的进展公告,2024-06-01,http://www.cninfo.com.cn/new/disclosure/detail?stockCode=688526&announcementId=1220222816&orgId=9900038938&announcementTime=2024-06-01
688526,科前生物,武汉科前生物股份有限公司2024年第一次临时股东大会会议材料,2024-05-24,http://www.cninfo.com.cn/new/disclosure/detail?stockCode=688526&announcementId=1220144486&orgId=9900038938&announcementTime=2024-05-24
688526,科前生物,武汉科前生物股份有限公司关于聘任副总经理的公告,2024-05-21,http://www.cninfo.com.cn/new/disclosure/detail?stockCode=688526&announcementId=1220109002&orgId=9900038938&announcementTime=2024-05-21
688526,科前生物,武汉科前生物股份有限公司关于召开2024年第一次临时股东大会的通知,2024-05-21,http://www.cninfo.com.cn/new/disclosure/detail?stockCode=688526&announcementId=1220109001&orgId=9900038938&announcementTime=2024-05-21
688526,科前生物,招商证券股份有限公司关于武汉科前生物股份有限公司变更部分募集资金投资项目的核查意见,2024-05-21,http://www.cninfo.com.cn/new/disclosure/detail?stockCode=688526&announcementId=1220109000&orgId=9900038938&announcementTime=2024-05-21
688526,科前生物,武汉科前生物股份有限公司第三届监事会第三十二次会议决议公告,2024-05-21,http://www.cninfo.com.cn/new/disclosure/detail?stockCode=688526&announcementId=1220108999&orgId=9900038938&announcementTime=2024-05-21
688526,科前生物,武汉科前生物股份有限公司关于变更部分募集资金投资项目的公告,2024-05-21,http://www.cninfo.com.cn/new/disclosure/detail?stockCode=688526&announcementId=1220108998&orgId=9900038938&announcementTime=2024-05-21
688526,科前生物,武汉科前生物股份有限公司关于召开2024年第一季度业绩说明会的公告,2024-05-16,http://www.cninfo.com.cn/new/disclosure/detail?stockCode=688526&announcementId=1220060955&orgId=9900038938&announcementTime=2024-05-16
688526,科前生物,北京市嘉源律师事务所关于武汉科前生物股份有限公司差异化分红事项的专项核查意见,2024-05-16,http://www.cninfo.com.cn/new/disclosure/detail?stockCode=688526&announcementId=1220060954&orgId=9900038938&announcementTime=2024-05-16
688526,科前生物,武汉科前生物股份有限公司2023年年度权益分派实施公告,2024-05-16,http://www.cninfo.com.cn/new/disclosure/detail?stockCode=688526&announcementId=1220060953&orgId=9900038938&announcementTime=2024-05-16
688526,科前生物,武汉科前生物股份有限公司关于回购公司股份回购进展公告,2024-05-07,http://www.cninfo.com.cn/new/disclosure/detail?stockCode=688526&announcementId=1219982201&orgId=9900038938&announcementTime=2024-05-07
688526,科前生物,武汉科前生物股份有限公司2024年第一季度报告,2024-04-30,http://www.cninfo.com.cn/new/disclosure/detail?stockCode=688526&announcementId=1219906546&orgId=9900038938&announcementTime=2024-04-30
688526,科前生物,武汉科前生物股份有限公司关于回购注销部分第一类限制性股票通知债权人的公告,2024-04-23,http://www.cninfo.com.cn/new/disclosure/detail?stockCode=688526&announcementId=1219739237&orgId=9900038938&announcementTime=2024-04-23
688526,科前生物,武汉科前生物股份有限公司2023年年度股东大会决议公告,2024-04-23,http://www.cninfo.com.cn/new/disclosure/detail?stockCode=688526&announcementId=1219739236&orgId=9900038938&announcementTime=2024-04-23
688526,科前生物,北京市嘉源律师事务所关于武汉科前生物股份有限公司2023年年度股东大会的法律意见书,2024-04-23,http://www.cninfo.com.cn/new/disclosure/detail?stockCode=688526&announcementId=1219739235&orgId=9900038938&announcementTime=2024-04-23
688526,科前生物,武汉科前生物股份有限公司2023年年度股东大会会议材料,2024-04-16,http://www.cninfo.com.cn/new/disclosure/detail?stockCode=688526&announcementId=1219616785&orgId=9900038938&announcementTime=2024-04-16
688526,科前生物,招商证券股份有限公司关于武汉科前生物股份有限公司2023年度持续督导跟踪报告,2024-04-13,http://www.cninfo.com.cn/new/disclosure/detail?stockCode=688526&announcementId=1219593146&orgId=9900038938&announcementTime=2024-04-13
688526,科前生物,招商证券股份有限公司关于武汉科前生物股份有限公司首次公开发行股票并在科创板上市持续督导保荐总结报告书,2024-04-13,http://www.cninfo.com.cn/new/disclosure/detail?stockCode=688526&announcementId=1219593145&orgId=9900038938&announcementTime=2024-04-13
688526,科前生物,武汉科前生物股份有限公司关于召开2023年度业绩暨现金分红说明会的公告,2024-04-13,http://www.cninfo.com.cn/new/disclosure/detail?stockCode=688526&announcementId=1219592815&orgId=9900038938&announcementTime=2024-04-13
688526,科前生物,武汉科前生物股份有限公司2024年度“提质增效重回报”行动方案,2024-04-02,http://www.cninfo.com.cn/new/disclosure/detail?stockCode=688526&announcementId=1219491482&orgId=9900038938&announcementTime=2024-04-02
688526,科前生物,武汉科前生物股份有限公司董事会议事规则,2024-04-02,http://www.cninfo.com.cn/new/disclosure/detail?stockCode=688526&announcementId=1219490617&orgId=9900038938&announcementTime=2024-04-02
688526,科前生物,武汉科前生物股份有限公司独立董事工作制度,2024-04-02,http://www.cninfo.com.cn/new/disclosure/detail?stockCode=688526&announcementId=1219490616&orgId=9900038938&announcementTime=2024-04-02
688526,科前生物, 武汉科前生物股份有限公司关于回购公司股份回购进展公告,2024-04-02,http://www.cninfo.com.cn/new/disclosure/detail?stockCode=688526&announcementId=1219490615&orgId=9900038938&announcementTime=2024-04-02
688526,科前生物,武汉科前生物股份有限公司董事会关于独立董事独立性自查情况的专项报告,2024-04-02,http://www.cninfo.com.cn/new/disclosure/detail?stockCode=688526&announcementId=1219490614&orgId=9900038938&announcementTime=2024-04-02
688526,科前生物,武汉科前生物股份有限公司2023年独立董事述职报告（罗飞）,2024-04-02,http://www.cninfo.com.cn/new/disclosure/detail?stockCode=688526&announcementId=1219490613&orgId=9900038938&announcementTime=2024-04-02
688526,科前生物,武汉科前生物股份有限公司内部控制审计报告,2024-04-02,http://www.cninfo.com.cn/new/disclosure/detail?stockCode=688526&announcementId=1219490612&orgId=9900038938&announcementTime=2024-04-02
688526,科前生物,华兴会计师事务所（特殊普通合伙）关于武汉科前生物股份有限公司2023年度募集资金存放与实际使用情况的专项鉴证报告,2024-04-02,http://www.cninfo.com.cn/new/disclosure/detail?stockCode=688526&announcementId=1219490611&orgId=9900038938&announcementTime=2024-04-02
688526,科前生物,武汉科前生物股份有限公司关于使用闲置自有资金进行现金管理的公告,2024-04-02,http://www.cninfo.com.cn/new/disclosure/detail?stockCode=688526&announcementId=1219490610&orgId=9900038938&announcementTime=2024-04-02
688526,科前生物,武汉科前生物股份有限公司,2024-04-02,http://www.cninfo.com.cn/new/disclosure/detail?stockCode=688526&announcementId=1219490609&orgId=9900038938&announcementTime=2024-04-02
688526,科前生物,北京市嘉源律师事务所关于武汉科前生物股份有限公司2021年限制性股票激励计划作废及回购注销部分限制性股票相关事项的法律意见书,2024-04-02,http://www.cninfo.com.cn/new/disclosure/detail?stockCode=688526&announcementId=1219490608&orgId=9900038938&announcementTime=2024-04-02
688526,科前生物,武汉科前生物股份有限公司关于续聘公司2024年度审计机构的公告,2024-04-02,http://www.cninfo.com.cn/new/disclosure/detail?stockCode=688526&announcementId=1219490607&orgId=9900038938&announcementTime=2024-04-02
688526,科前生物,武汉科前生物股份有限公司审计报告,2024-04-02,http://www.cninfo.com.cn/new/disclosure/detail?stockCode=688526&announcementId=1219490606&orgId=9900038938&announcementTime=2024-04-02
688526,科前生物,武汉科前生物股份有限公司关于召开2023年年度股东大会的通知,2024-04-02,http://www.cninfo.com.cn/new/disclosure/detail?stockCode=688526&announcementId=1219490605&orgId=9900038938&announcementTime=2024-04-02
688526,科前生物,武汉科前生物股份有限公司第三届监事会第三十次会议决议公告,2024-04-02,http://www.cninfo.com.cn/new/disclosure/detail?stockCode=688526&announcementId=1219490604&orgId=9900038938&announcementTime=2024-04-02
688526,科前生物,武汉科前生物股份有限公司2023年独立董事述职报告（王宏林）,2024-04-02,http://www.cninfo.com.cn/new/disclosure/detail?stockCode=688526&announcementId=1219490603&orgId=9900038938&announcementTime=2024-04-02
688526,科前生物,武汉科前生物股份有限公司2023年度募集资金存放与使用情况的专项报告,2024-04-02,http://www.cninfo.com.cn/new/disclosure/detail?stockCode=688526&announcementId=1219490602&orgId=9900038938&announcementTime=2024-04-02
688526,科前生物,武汉科前生物股份有限公司关于公司及子公司2024年度向银行申请综合授信额度的公告,2024-04-02,http://www.cninfo.com.cn/new/disclosure/detail?stockCode=688526&announcementId=1219490601&orgId=9900038938&announcementTime=2024-04-02
688526,科前生物,武汉科前生物股份有限公司董事会战略委员会议事规则,2024-04-02,http://www.cninfo.com.cn/new/disclosure/detail?stockCode=688526&announcementId=1219490600&orgId=9900038938&announcementTime=2024-04-02
688526,科前生物,武汉科前生物股份有限公司关于变更公司注册资本、修订《公司章程》并办理工商变更登记、新增及修订部分管理制度的公告,2024-04-02,http://www.cninfo.com.cn/new/disclosure/detail?stockCode=688526&announcementId=1219490599&orgId=9900038938&announcementTime=2024-04-02
688526,科前生物,武汉科前生物股份有限公司股东大会议事规则,2024-04-02,http://www.cninfo.com.cn/new/disclosure/detail?stockCode=688526&announcementId=1219490598&orgId=9900038938&announcementTime=2024-04-02
688526,科前生物,招商证券股份有限公司关于武汉科前生物股份有限公司2023年度募集资金存放与使用情况的专项核查意见,2024-04-02,http://www.cninfo.com.cn/new/disclosure/detail?stockCode=688526&announcementId=1219490597&orgId=9900038938&announcementTime=2024-04-02
688526,科前生物,武汉科前生物股份有限公司董事会审计委员会议事规则,2024-04-02,http://www.cninfo.com.cn/new/disclosure/detail?stockCode=688526&announcementId=1219490596&orgId=9900038938&announcementTime=2024-04-02
688526,科前生物,武汉科前生物股份有限公司关于2024年度日常关联交易预计的公告,2024-04-02,http://www.cninfo.com.cn/new/disclosure/detail?stockCode=688526&announcementId=1219490595&orgId=9900038938&announcementTime=2024-04-02
688526,科前生物,武汉科前生物股份有限公司2023年度利润分配预案的公告,2024-04-02,http://www.cninfo.com.cn/new/disclosure/detail?stockCode=688526&announcementId=1219490594&orgId=9900038938&announcementTime=2024-04-02
688526,科前生物,武汉科前生物股份有限公司2023年度董事会审计委员会履职报告,2024-04-02,http://www.cninfo.com.cn/new/disclosure/detail?stockCode=688526&announcementId=1219490593&orgId=9900038938&announcementTime=2024-04-02
688526,科前生物,招商证券股份有限公司关于武汉科前生物股份有限公司2024年度日常性关联交易预计的核查意见,2024-04-02,http://www.cninfo.com.cn/new/disclosure/detail?stockCode=688526&announcementId=1219490592&orgId=9900038938&announcementTime=2024-04-02
688526,科前生物,武汉科前生物股份有限公司关于回购注销2021年限制性股票激励计划部分第一类限制性股票及调整回购价格的公告,2024-04-02,http://www.cninfo.com.cn/new/disclosure/detail?stockCode=688526&announcementId=1219490591&orgId=9900038938&announcementTime=2024-04-02
688526,科前生物,武汉科前生物股份有限公司会计师事务所选聘管理办法,2024-04-02,http://www.cninfo.com.cn/new/disclosure/detail?stockCode=688526&announcementId=1219490590&orgId=9900038938&announcementTime=2024-04-02
688526,科前生物,武汉科前生物股份有限公司2023年度报告摘要,2024-04-02,http://www.cninfo.com.cn/new/disclosure/detail?stockCode=688526&announcementId=1219490589&orgId=9900038938&announcementTime=2024-04-02
688526,科前生物,武汉科前生物股份有限公司2023年度报告,2024-04-02,http://www.cninfo.com.cn/new/disclosure/detail?stockCode=688526&announcementId=1219490588&orgId=9900038938&announcementTime=2024-04-02
688526,科前生物,武汉科前生物股份有限公司2023年度内部控制评价报告,2024-04-02,http://www.cninfo.com.cn/new/disclosure/detail?stockCode=688526&announcementId=1219490587&orgId=9900038938&announcementTime=2024-04-02
688526,科前生物,深圳价值在线信息科技股份有限公司关于武汉科前生物股份有限公司2021年限制性股票激励计划回购注销部分第一类限制性股票相关事项之独立财务顾问报告,2024-04-02,http://www.cninfo.com.cn/new/disclosure/detail?stockCode=688526&announcementId=1219490586&orgId=9900038938&announcementTime=2024-04-02
688526,科前生物,武汉科前生物股份有限公司董事会提名委员会议事规则,2024-04-02,http://www.cninfo.com.cn/new/disclosure/detail?stockCode=688526&announcementId=1219490585&orgId=9900038938&announcementTime=2024-04-02
688526,科前生物,武汉科前生物股份有限公司2023年独立董事述职报告（王晖）,2024-04-02,http://www.cninfo.com.cn/new/disclosure/detail?stockCode=688526&announcementId=1219490584&orgId=9900038938&announcementTime=2024-04-02
688526,科前生物,武汉科前生物股份有限公司监事会议事规则,2024-04-02,http://www.cninfo.com.cn/new/disclosure/detail?stockCode=688526&announcementId=1219490583&orgId=9900038938&announcementTime=2024-04-02
688526,科前生物,武汉科前生物股份有限公司董事会薪酬与考核委员会议事规则,2024-04-02,http://www.cninfo.com.cn/new/disclosure/detail?stockCode=688526&announcementId=1219490582&orgId=9900038938&announcementTime=2024-04-02
688526,科前生物,武汉科前生物股份有限公司2023年度会计师事务所的履职情况评估报告及审计委员会履行监督职责情况报告,2024-04-02,http://www.cninfo.com.cn/new/disclosure/detail?stockCode=688526&announcementId=1219490581&orgId=9900038938&announcementTime=2024-04-02
688526,科前生物,华兴会计师事务所（特殊普通合伙）关于武汉科前生物股份有限公司2023年度与华中农业大学兽用生物制品合作研发项目研究开发费用明细表专项审计报告,2024-04-02,http://www.cninfo.com.cn/new/disclosure/detail?stockCode=688526&announcementId=1219490580&orgId=9900038938&announcementTime=2024-04-02
688526,科前生物,武汉科前生物股份有限公司关于2023年度计提资产减值准备的公告,2024-04-02,http://www.cninfo.com.cn/new/disclosure/detail?stockCode=688526&announcementId=1219490579&orgId=9900038938&announcementTime=2024-04-02
688526,科前生物,武汉科前生物股份有限公司关于作废2021年限制性股票激励计划部分已授予尚未归属的第二类限制性股票的公告,2024-04-02,http://www.cninfo.com.cn/new/disclosure/detail?stockCode=688526&announcementId=1219490578&orgId=9900038938&announcementTime=2024-04-02
688526,科前生物,武汉科前生物股份有限公司关于获批新兽药注册证书的自愿性信息披露公告,2024-03-28,http://www.cninfo.com.cn/new/disclosure/detail?stockCode=688526&announcementId=1219423749&orgId=9900038938&announcementTime=2024-03-28
688526,科前生物,武汉科前生物股份有限公司关于以集中竞价交易方式回购股份的进展公告,2024-03-02,http://www.cninfo.com.cn/new/disclosure/detail?stockCode=688526&announcementId=1219218877&orgId=9900038938&announcementTime=2024-03-02
688526,科前生物,招商证券股份有限公司关于武汉科前生物股份有限公司2023年度持续督导工作现场检查报告,2024-03-02,http://www.cninfo.com.cn/new/disclosure/detail?stockCode=688526&announcementId=1219217166&orgId=9900038938&announcementTime=2024-03-02
688526,科前生物,武汉科前生物股份有限公司关于以集中竞价交易方式首次回购公司股份的公告,2024-02-28,http://www.cninfo.com.cn/new/disclosure/detail?stockCode=688526&announcementId=1219196708&orgId=9900038938&announcementTime=2024-02-28
688526,科前生物,武汉科前生物股份有限公司2023年度业绩快报公告,2024-02-27,http://www.cninfo.com.cn/new/disclosure/detail?stockCode=688526&announcementId=1219186233&orgId=9900038938&announcementTime=2024-02-27
688526,科前生物,武汉科前生物股份有限公司关于回购股份事项前十大股东和前十大无限售条件股东持股信息的公告,2024-02-24,http://www.cninfo.com.cn/new/disclosure/detail?stockCode=688526&announcementId=1219170345&orgId=9900038938&announcementTime=2024-02-24
688526,科前生物,武汉科前生物股份有限公司关于以集中竞价交易方式回购公司股份的回购报告书,2024-02-22,http://www.cninfo.com.cn/new/disclosure/detail?stockCode=688526&announcementId=1219146230&orgId=9900038938&announcementTime=2024-02-22
688526,科前生物,武汉科前生物股份有限公司第三届董事会第三十五次会议决议公告,2024-02-22,http://www.cninfo.com.cn/new/disclosure/detail?stockCode=688526&announcementId=1219146229&orgId=9900038938&announcementTime=2024-02-22
688526,科前生物,武汉科前生物股份有限公司关于公司实际控制人提议回购公司股份暨公司“提质增效重回报”行动方案的公告,2024-02-03,http://www.cninfo.com.cn/new/disclosure/detail?stockCode=688526&announcementId=1219082250&orgId=9900038938&announcementTime=2024-02-03
688526,科前生物,武汉科前生物股份有限公司关于部分募集资金账户注销的公告,2023-11-29,http://www.cninfo.com.cn/new/disclosure/detail?stockCode=688526&announcementId=1218464897&orgId=9900038938&announcementTime=2023-11-29
688526,科前生物,武汉科前生物股份有限公司第三届监事会第二十九次会议决议公告,2023-11-29,http://www.cninfo.com.cn/new/disclosure/detail?stockCode=688526&announcementId=1218464896&orgId=9900038938&announcementTime=2023-11-29
688526,科前生物,招商证券股份有限公司关于武汉科前生物股份有限公司拟与华中农业大学签订专利权转让合同暨关联交易的核查意见,2023-11-29,http://www.cninfo.com.cn/new/disclosure/detail?stockCode=688526&announcementId=1218464895&orgId=9900038938&announcementTime=2023-11-29
688526,科前生物,武汉科前生物股份有限公司独立董事关于第三届董事会第三十四次会议相关事项的独立意见,2023-11-29,http://www.cninfo.com.cn/new/disclosure/detail?stockCode=688526&announcementId=1218464894&orgId=9900038938&announcementTime=2023-11-29
688526,科前生物,武汉科前生物股份有限公司关于拟与华中农大签订专利权转让合同暨关联交易的自愿性披露公告,2023-11-29,http://www.cninfo.com.cn/new/disclosure/detail?stockCode=688526&announcementId=1218464893&orgId=9900038938&announcementTime=2023-11-29
688526,科前生物,武汉科前生物股份有限公司关于董事会、监事会延期换届的提示性公告,2023-11-18,http://www.cninfo.com.cn/new/disclosure/detail?stockCode=688526&announcementId=1218368055&orgId=9900038938&announcementTime=2023-11-18
688526,科前生物,武汉科前生物股份有限公司关于召开2023年第三季度业绩说明会的公告,2023-11-14,http://www.cninfo.com.cn/new/disclosure/detail?stockCode=688526&announcementId=1218323284&orgId=9900038938&announcementTime=2023-11-14
688526,科前生物,招商证券股份有限公司关于武汉科前生物股份有限公司拟与华中农业大学签订合作研发协议暨关联交易的核查意见,2023-10-27,http://www.cninfo.com.cn/new/disclosure/detail?stockCode=688526&announcementId=1218165789&orgId=9900038938&announcementTime=2023-10-27
688526,科前生物,武汉科前生物股份有限公司关于变更持续督导保荐代表人的公告,2023-10-27,http://www.cninfo.com.cn/new/disclosure/detail?stockCode=688526&announcementId=1218165788&orgId=9900038938&announcementTime=2023-10-27
688526,科前生物,武汉科前生物股份有限公司2023年第三季度报告,2023-10-27,http://www.cninfo.com.cn/new/disclosure/detail?stockCode=688526&announcementId=1218165787&orgId=9900038938&announcementTime=2023-10-27
688526,科前生物,武汉科前生物股份有限公司第三届监事会第二十八次会议决议公告,2023-10-27,http://www.cninfo.com.cn/new/disclosure/detail?stockCode=688526&announcementId=1218165786&orgId=9900038938&announcementTime=2023-10-27
688526,科前生物,武汉科前生物股份有限公司关于拟与华中农大签订合作研发协议暨关联交易的自愿性披露公告,2023-10-27,http://www.cninfo.com.cn/new/disclosure/detail?stockCode=688526&announcementId=1218165785&orgId=9900038938&announcementTime=2023-10-27
688526,科前生物,武汉市科前生物股份有限公司独立董事关于第三届董事会第三十二次会议相关事项的独立意见,2023-10-27,http://www.cninfo.com.cn/new/disclosure/detail?stockCode=688526&announcementId=1218165784&orgId=9900038938&announcementTime=2023-10-27
688526,科前生物,武汉科前生物股份有限公司关于猫鼻气管炎、杯状病毒病、泛白细胞减少症三联灭活疫苗通过农业农村部应急评价的自愿性披露公告,2023-10-25,http://www.cninfo.com.cn/new/disclosure/detail?stockCode=688526&announcementId=1218134241&orgId=9900038938&announcementTime=2023-10-25
688526,科前生物,武汉科前生物股份有限公司关于部分持股5%以上股东承诺特定期间不减持公司股份的公告,2023-10-18,http://www.cninfo.com.cn/new/disclosure/detail?stockCode=688526&announcementId=1218058797&orgId=9900038938&announcementTime=2023-10-18
688526,科前生物,北京市嘉源律师事务所关于武汉科前生物股份有限公司实际控制人变更事项问询函回复的法律意见书,2023-10-10,http://www.cninfo.com.cn/new/disclosure/detail?stockCode=688526&announcementId=1217999287&orgId=9900038938&announcementTime=2023-10-10
688526,科前生物,招商证券股份有限公司关于上海证券交易所《关于对武汉科前生物股份有限公司有关事项的问询函》之核查意见,2023-10-10,http://www.cninfo.com.cn/new/disclosure/detail?stockCode=688526&announcementId=1217999286&orgId=9900038938&announcementTime=2023-10-10
688526,科前生物,武汉科前生物股份有限公司关于上海证券交易所《关于对武汉科前生物股份有限公司有关事项的问询函》的回复公告,2023-10-10,http://www.cninfo.com.cn/new/disclosure/detail?stockCode=688526&announcementId=1217999285&orgId=9900038938&announcementTime=2023-10-10
688526,科前生物,关于对武汉科前生物股份有限公司有关事项的问询函,2023-09-27,http://www.cninfo.com.cn/new/disclosure/detail?stockCode=688526&announcementId=1217959127&orgId=9900038938&announcementTime=2023-09-27
688526,科前生物,武汉科前生物股份有限公司关于收到上海证券交易所问询函的公告,2023-09-27,http://www.cninfo.com.cn/new/disclosure/detail?stockCode=688526&announcementId=1217959126&orgId=9900038938&announcementTime=2023-09-27
688526,科前生物,武汉科前生物股份有限公司简式权益变动报告书（一）,2023-09-23,http://www.cninfo.com.cn/new/disclosure/detail?stockCode=688526&announcementId=1217928092&orgId=9900038938&announcementTime=2023-09-23
688526,科前生物,北京市嘉源律师事务所关于武汉科前生物股份有限公司实际控制人变更的法律意见书,2023-09-23,http://www.cninfo.com.cn/new/disclosure/detail?stockCode=688526&announcementId=1217928091&orgId=9900038938&announcementTime=2023-09-23
688526,科前生物,武汉科前生物股份有限公司关于原一致行动协议到期终止、部分股东续签一致行动协议暨实际控制人变更的提示性公告,2023-09-23,http://www.cninfo.com.cn/new/disclosure/detail?stockCode=688526&announcementId=1217928090&orgId=9900038938&announcementTime=2023-09-23
688526,科前生物,武汉科前生物股份有限公司简式权益变动报告书（二）,2023-09-23,http://www.cninfo.com.cn/new/disclosure/detail?stockCode=688526&announcementId=1217928089&orgId=9900038938&announcementTime=2023-09-23
688526,科前生物,武汉科前生物股份有限公司首次公开发行限售股上市流通公告,2023-09-14,http://www.cninfo.com.cn/new/disclosure/detail?stockCode=688526&announcementId=1217844887&orgId=9900038938&announcementTime=2023-09-14
688526,科前生物,招商证券股份有限公司关于武汉科前生物股份有限公司首次公开发行限售股上市流通的核查意见,2023-09-14,http://www.cninfo.com.cn/new/disclosure/detail?stockCode=688526&announcementId=1217844886&orgId=9900038938&announcementTime=2023-09-14
688526,科前生物,武汉科前生物股份有限公司关于召开2023年半年度业绩说明会的公告,2023-09-12,http://www.cninfo.com.cn/new/disclosure/detail?stockCode=688526&announcementId=1217821628&orgId=9900038938&announcementTime=2023-09-12
688526,科前生物,招商证券股份有限公司关于武汉科前生物股份有限公司2023年半年度持续督导跟踪报告,2023-09-08,http://www.cninfo.com.cn/new/disclosure/detail?stockCode=688526&announcementId=1217803259&orgId=9900038938&announcementTime=2023-09-08
