品种,代码,交易所,大类,日期,开盘价,最高价,最低价,收盘价,成交量,持仓量,动态结算价
普麦,PM,CZCE,粮食,2019-03-27,2535.0,2535.0,2535.0,2535.0,0,0,2535.0
普麦,PM,CZCE,粮食,2019-04-04,2535.0,2535.0,2535.0,2535.0,0,0,2535.0
普麦,PM,CZCE,粮食,2019-04-24,2160.0,2160.0,2160.0,2160.0,2,10,2160.0
普麦,PM,CZCE,粮食,2019-04-25,2160.0,2160.0,2160.0,2160.0,0,10,2160.0
普麦,PM,CZCE,粮食,2019-04-26,2429.0,2429.0,2429.0,2429.0,0,0,2429.0
普麦,PM,CZCE,粮食,2019-04-29,2429.0,2429.0,2429.0,2429.0,0,0,2415.0
普麦,PM,CZCE,粮食,2019-04-30,2388.0,2388.0,2388.0,2388.0,0,0,2415.0
普麦,PM,CZCE,粮食,2019-05-06,2415.0,2415.0,2415.0,2415.0,0,0,2415.0
普麦,PM,CZCE,粮食,2019-05-07,2415.0,2415.0,2415.0,2415.0,0,0,2415.0
普麦,PM,CZCE,粮食,2019-05-08,2415.0,2415.0,2415.0,2415.0,0,0,2415.0
普麦,PM,CZCE,粮食,2019-05-09,2415.0,2415.0,2415.0,2415.0,0,0,2512.0
普麦,PM,CZCE,粮食,2019-05-10,2278.0,2278.0,2278.0,2278.0,2,8,2278.0
普麦,PM,CZCE,粮食,2019-05-13,2278.0,2278.0,2278.0,2278.0,0,8,2320.0
普麦,PM,CZCE,粮食,2019-05-14,2484.0,2484.0,2484.0,2484.0,0,0,2484.0
普麦,PM,CZCE,粮食,2019-05-15,2484.0,2484.0,2484.0,2484.0,0,0,2484.0
普麦,PM,CZCE,粮食,2019-05-16,2484.0,2484.0,2484.0,2484.0,0,0,2441.0
普麦,PM,CZCE,粮食,2019-05-17,2280.0,2280.0,2280.0,2280.0,0,0,2280.0
普麦,PM,CZCE,粮食,2019-05-20,2250.0,2280.0,2250.0,2280.0,40,0,0.0
普麦,PM,CZCE,粮食,2019-05-21,2280.0,2280.0,2280.0,2280.0,0,0,2265.0
普麦,PM,CZCE,粮食,2019-05-22,2265.0,2265.0,2265.0,2265.0,0,0,2265.0
普麦,PM,CZCE,粮食,2019-05-23,2265.0,2265.0,2265.0,2265.0,0,0,2265.0
普麦,PM,CZCE,粮食,2019-07-01,2131.0,2131.0,2131.0,2131.0,4,2,2131.0
普麦,PM,CZCE,粮食,2019-07-09,2220.0,2220.0,2220.0,2220.0,2,0,0.0
普麦,PM,CZCE,粮食,2019-08-02,2055.0,2100.0,2055.0,2100.0,10,2,2073.0
普麦,PM,CZCE,粮食,2019-08-06,2205.0,2205.0,2205.0,2205.0,2,0,2205.0
普麦,PM,CZCE,粮食,2019-09-20,2230.0,2230.0,2230.0,2230.0,2,6,2230.0
普麦,PM,CZCE,粮食,2020-01-15,2187.0,2187.0,2187.0,2187.0,1,4,2187.0
普麦,PM,CZCE,粮食,2020-01-16,2151.0,2151.0,2151.0,2151.0,1,3,2151.0
普麦,PM,CZCE,粮食,2020-01-22,2199.0,2199.0,2199.0,2199.0,1,3,2199.0
普麦,PM,CZCE,粮食,2020-02-03,2156.0,2353.0,2156.0,2353.0,4,4,2304.0
普麦,PM,CZCE,粮食,2020-02-04,2397.0,2397.0,2302.0,2302.0,5,4,2377.0
普麦,PM,CZCE,粮食,2020-02-06,2339.0,2395.0,2318.0,2334.0,20,13,2349.0
普麦,PM,CZCE,粮食,2020-02-07,2311.0,2337.0,2311.0,2337.0,2,13,2324.0
普麦,PM,CZCE,粮食,2020-02-10,2325.0,2325.0,2288.0,2288.0,3,15,2312.0
普麦,PM,CZCE,粮食,2020-02-11,2315.0,2315.0,2277.0,2277.0,2,15,2296.0
普麦,PM,CZCE,粮食,2020-02-12,2309.0,2309.0,2279.0,2279.0,2,15,2294.0
普麦,PM,CZCE,粮食,2020-02-13,2317.0,2317.0,2317.0,2317.0,1,14,2317.0
普麦,PM,CZCE,粮食,2020-02-17,2400.0,2400.0,2314.0,2316.0,47,43,2331.0
普麦,PM,CZCE,粮食,2020-02-18,2292.0,2333.0,2287.0,2309.0,27,47,2318.0
普麦,PM,CZCE,粮食,2020-02-19,2309.0,2313.0,2309.0,2313.0,9,51,2310.0
普麦,PM,CZCE,粮食,2020-02-21,2288.0,2288.0,2273.0,2273.0,4,50,2277.0
普麦,PM,CZCE,粮食,2020-02-24,2192.0,2272.0,2192.0,2251.0,8,45,2246.0
普麦,PM,CZCE,粮食,2020-02-27,2196.0,2196.0,2188.0,2188.0,3,43,2193.0
普麦,PM,CZCE,粮食,2020-02-28,2251.0,2255.0,2251.0,2255.0,3,45,2252.0
普麦,PM,CZCE,粮食,2020-03-02,2252.0,2252.0,2252.0,2252.0,1,44,2252.0
普麦,PM,CZCE,粮食,2020-03-09,2199.0,2199.0,2199.0,2199.0,1,43,2199.0
普麦,PM,CZCE,粮食,2020-03-17,2201.0,2201.0,2200.0,2200.0,4,40,2200.0
普麦,PM,CZCE,粮食,2020-03-19,2200.0,2200.0,2200.0,2200.0,39,40,2200.0
普麦,PM,CZCE,粮食,2020-03-23,2133.0,2218.0,2133.0,2218.0,10,41,2190.0
普麦,PM,CZCE,粮食,2020-03-24,2257.0,2257.0,2235.0,2255.0,6,42,2251.0
普麦,PM,CZCE,粮食,2020-03-26,2215.0,2343.0,2215.0,2343.0,9,43,2309.0
普麦,PM,CZCE,粮食,2020-03-27,2344.0,2387.0,2321.0,2323.0,21,42,2345.0
普麦,PM,CZCE,粮食,2020-03-30,2366.0,2400.0,2352.0,2353.0,21,46,2370.0
普麦,PM,CZCE,粮食,2020-03-31,2343.0,2419.0,2343.0,2381.0,14,49,2381.0
普麦,PM,CZCE,粮食,2020-04-01,2389.0,2399.0,2351.0,2353.0,10,49,2383.0
普麦,PM,CZCE,粮食,2020-04-02,2383.0,2383.0,2313.0,2376.0,13,55,2368.0
普麦,PM,CZCE,粮食,2020-04-03,2311.0,2331.0,2311.0,2321.0,8,55,2322.0
普麦,PM,CZCE,粮食,2020-04-09,2301.0,2301.0,2301.0,2301.0,1,54,2301.0
普麦,PM,CZCE,粮食,2020-04-15,2279.0,2362.0,2248.0,2255.0,28,52,2279.0
普麦,PM,CZCE,粮食,2020-04-16,2274.0,2274.0,2262.0,2263.0,3,51,2266.0
普麦,PM,CZCE,粮食,2020-04-17,2278.0,2278.0,2201.0,2258.0,31,42,2236.0
普麦,PM,CZCE,粮食,2020-04-20,2236.0,2236.0,2218.0,2218.0,4,40,2223.0
普麦,PM,CZCE,粮食,2020-04-21,2224.0,2270.0,2222.0,2228.0,22,36,2241.0
普麦,PM,CZCE,粮食,2020-04-22,2258.0,2258.0,2219.0,2219.0,2,36,2239.0
普麦,PM,CZCE,粮食,2020-04-23,2236.0,2236.0,2236.0,2236.0,2,36,2236.0
普麦,PM,CZCE,粮食,2020-04-24,2236.0,2236.0,2236.0,2236.0,2,36,0.0
普麦,PM,CZCE,粮食,2020-04-27,2217.0,2234.0,2216.0,2234.0,3,35,2222.0
普麦,PM,CZCE,粮食,2020-04-30,2223.0,2223.0,2223.0,2223.0,1,35,2223.0
普麦,PM,CZCE,粮食,2020-05-07,2240.0,2240.0,2240.0,2240.0,1,35,2240.0
普麦,PM,CZCE,粮食,2020-05-11,2226.0,2226.0,2226.0,2226.0,1,34,2226.0
普麦,PM,CZCE,粮食,2020-05-14,2220.0,2220.0,2211.0,2211.0,5,30,2213.0
普麦,PM,CZCE,粮食,2020-05-15,2313.0,2313.0,2213.0,2213.0,3,29,2250.0
普麦,PM,CZCE,粮食,2020-05-22,2253.0,2253.0,2253.0,2253.0,1,2,2253.0
普麦,PM,CZCE,粮食,2020-06-02,2180.0,2180.0,2180.0,2180.0,1,28,2180.0
普麦,PM,CZCE,粮食,2020-06-04,2272.0,2280.0,2206.0,2280.0,4,3,2257.0
普麦,PM,CZCE,粮食,2020-06-05,2245.0,2245.0,2245.0,2245.0,1,2,2245.0
普麦,PM,CZCE,粮食,2020-06-09,2169.0,2169.0,2169.0,2169.0,1,26,2169.0
普麦,PM,CZCE,粮食,2020-06-15,2180.0,2180.0,2180.0,2180.0,1,26,2180.0
普麦,PM,CZCE,粮食,2020-06-23,2190.0,2190.0,2190.0,2190.0,3,25,2190.0
普麦,PM,CZCE,粮食,2020-06-24,2190.0,2190.0,2190.0,2190.0,3,25,2190.0
普麦,PM,CZCE,粮食,2020-06-29,2190.0,2245.0,2190.0,2230.0,5,25,2209.0
普麦,PM,CZCE,粮食,2020-06-30,2191.0,2191.0,2190.0,2190.0,7,25,2190.0
普麦,PM,CZCE,粮食,2020-07-16,2292.0,2292.0,2292.0,2292.0,1,1,2292.0
普麦,PM,CZCE,粮食,2020-07-21,2391.0,2391.0,2270.0,2372.0,6,7,2330.0
普麦,PM,CZCE,粮食,2020-07-22,2365.0,2392.0,2309.0,2309.0,10,4,2372.0
普麦,PM,CZCE,粮食,2020-07-27,2289.0,2405.0,2289.0,2390.0,4,5,2371.0
普麦,PM,CZCE,粮食,2020-07-31,2279.0,2389.0,2279.0,2279.0,3,0,2316.0
普麦,PM,CZCE,粮食,2020-08-03,2269.0,2269.0,2269.0,2269.0,1,0,2269.0
普麦,PM,CZCE,粮食,2020-08-12,2370.0,2370.0,2370.0,2370.0,1,3,2370.0
普麦,PM,CZCE,粮食,2020-08-19,2394.0,2407.0,2393.0,2407.0,3,5,2398.0
普麦,PM,CZCE,粮食,2020-08-21,2440.0,2440.0,2410.0,2410.0,3,6,2430.0
普麦,PM,CZCE,粮食,2020-09-09,2408.0,2408.0,2408.0,2408.0,1,5,2408.0
普麦,PM,CZCE,粮食,2020-09-14,2350.0,2454.0,2350.0,2452.0,3,5,2419.0
普麦,PM,CZCE,粮食,2020-09-16,2419.0,2419.0,2419.0,2419.0,3,3,2419.0
普麦,PM,CZCE,粮食,2020-09-18,2475.0,2475.0,2475.0,2475.0,1,4,2475.0
普麦,PM,CZCE,粮食,2020-10-09,2579.0,2579.0,2264.0,2400.0,3,1,2414.0
普麦,PM,CZCE,粮食,2020-10-21,2647.0,2653.0,2501.0,2501.0,8,7,2595.0
普麦,PM,CZCE,粮食,2020-10-29,2371.0,2371.0,2371.0,2371.0,1,12,2371.0
普麦,PM,CZCE,粮食,2020-11-03,2409.0,2409.0,2409.0,2409.0,1,12,2409.0
普麦,PM,CZCE,粮食,2020-11-13,2520.0,2521.0,2520.0,2521.0,2,6,2521.0
普麦,PM,CZCE,粮食,2020-11-18,2319.0,2319.0,2319.0,2319.0,1,12,2319.0
普麦,PM,CZCE,粮食,2020-11-24,2373.0,2373.0,2373.0,2373.0,1,10,2373.0
普麦,PM,CZCE,粮食,2020-11-26,2459.0,2459.0,2459.0,2459.0,1,8,2459.0
普麦,PM,CZCE,粮食,2020-12-01,2338.0,2339.0,2338.0,2339.0,6,10,2339.0
普麦,PM,CZCE,粮食,2020-12-09,2361.0,2361.0,2361.0,2361.0,1,11,2361.0
普麦,PM,CZCE,粮食,2020-12-10,2321.0,2355.0,2321.0,2346.0,3,10,2341.0
普麦,PM,CZCE,粮食,2020-12-18,2344.0,2344.0,2344.0,2344.0,1,10,2344.0
普麦,PM,CZCE,粮食,2020-12-22,2359.0,2359.0,2359.0,2359.0,1,10,2359.0
普麦,PM,CZCE,粮食,2021-01-06,2497.0,2497.0,2497.0,2497.0,2,11,2497.0
普麦,PM,CZCE,粮食,2021-01-07,2622.0,2622.0,2530.0,2539.0,23,11,2584.0
普麦,PM,CZCE,粮食,2021-01-08,2481.0,2631.0,2480.0,2550.0,14,13,2568.0
普麦,PM,CZCE,粮食,2021-01-11,2547.0,2547.0,2547.0,2547.0,1,13,2547.0
普麦,PM,CZCE,粮食,2021-01-13,2546.0,2607.0,2410.0,2576.0,9,17,2512.0
普麦,PM,CZCE,粮食,2021-01-14,2597.0,2597.0,2576.0,2576.0,5,18,2593.0
普麦,PM,CZCE,粮食,2021-01-18,2559.0,2570.0,2559.0,2570.0,4,15,2564.0
普麦,PM,CZCE,粮食,2021-01-21,2630.0,2630.0,2630.0,2630.0,1,18,2630.0
普麦,PM,CZCE,粮食,2021-01-22,2576.0,2639.0,2570.0,2570.0,9,18,2590.0
普麦,PM,CZCE,粮食,2021-01-27,2488.0,2491.0,2483.0,2483.0,7,15,2487.0
普麦,PM,CZCE,粮食,2021-02-18,2574.0,2574.0,2488.0,2570.0,3,3,2544.0
普麦,PM,CZCE,粮食,2021-02-23,2507.0,2507.0,2507.0,2507.0,2,20,2507.0
普麦,PM,CZCE,粮食,2021-02-25,2519.0,2520.0,2519.0,2520.0,9,20,2520.0
普麦,PM,CZCE,粮食,2021-02-26,2412.0,2418.0,2412.0,2418.0,2,15,2415.0
普麦,PM,CZCE,粮食,2021-03-01,2535.0,2535.0,2535.0,2535.0,2,15,2535.0
普麦,PM,CZCE,粮食,2021-04-13,2527.0,2527.0,2524.0,2525.0,16,0,2526.0
普麦,PM,CZCE,粮食,2021-04-23,2400.0,2400.0,2400.0,2400.0,2,11,2400.0
普麦,PM,CZCE,粮食,2021-05-28,2510.0,2510.0,2510.0,2510.0,1,0,2510.0
普麦,PM,CZCE,粮食,2021-06-01,2388.0,2388.0,2388.0,2388.0,1,1,2388.0
普麦,PM,CZCE,粮食,2021-06-04,2446.0,2547.0,2446.0,2547.0,5,4,2487.0
普麦,PM,CZCE,粮食,2021-06-07,2451.0,2475.0,2451.0,2475.0,3,3,2462.0
普麦,PM,CZCE,粮食,2021-06-08,2500.0,2516.0,2459.0,2497.0,7,3,2488.0
普麦,PM,CZCE,粮食,2021-06-09,2517.0,2520.0,2479.0,2479.0,4,4,2509.0
普麦,PM,CZCE,粮食,2021-06-15,2504.0,2504.0,2460.0,2460.0,5,4,2485.0
普麦,PM,CZCE,粮食,2021-06-16,2498.0,2498.0,2498.0,2498.0,2,4,2498.0
普麦,PM,CZCE,粮食,2021-06-17,2482.0,2482.0,2482.0,2482.0,1,3,2482.0
普麦,PM,CZCE,粮食,2021-06-23,2508.0,2509.0,2508.0,2509.0,2,5,2509.0
普麦,PM,CZCE,粮食,2021-06-25,2509.0,2509.0,2509.0,2509.0,1,4,2509.0
普麦,PM,CZCE,粮食,2021-06-28,2519.0,2519.0,2519.0,2519.0,1,4,2519.0
普麦,PM,CZCE,粮食,2021-06-29,2515.0,2515.0,2511.0,2512.0,3,13,2513.0
普麦,PM,CZCE,粮食,2021-06-30,2421.0,2469.0,2420.0,2469.0,6,10,2437.0
普麦,PM,CZCE,粮食,2021-07-13,2478.0,2478.0,2478.0,2478.0,1,0,2478.0
普麦,PM,CZCE,粮食,2021-07-29,2596.0,2596.0,2446.0,2446.0,2,4,2521.0
普麦,PM,CZCE,粮食,2021-08-23,2396.0,2445.0,2396.0,2445.0,3,4,2416.0
普麦,PM,CZCE,粮食,2021-08-24,2432.0,2432.0,2432.0,2432.0,2,2,2432.0
普麦,PM,CZCE,粮食,2021-10-20,2491.0,2491.0,2491.0,2491.0,1,1,2491.0
普麦,PM,CZCE,粮食,2021-10-21,2470.0,2616.0,2470.0,2616.0,2,2,2543.0
普麦,PM,CZCE,粮食,2021-12-23,2422.0,2422.0,2422.0,2422.0,1,0,0.0
普麦,PM,CZCE,粮食,2022-04-27,2802.0,2802.0,2792.0,2802.0,56,53,2801.0
普麦,PM,CZCE,粮食,2022-04-28,2879.0,2978.0,2838.0,2962.0,116,53,2930.0
普麦,PM,CZCE,粮食,2022-04-29,2979.0,3082.0,2883.0,3019.0,114,63,3006.0
普麦,PM,CZCE,粮食,2022-05-05,3089.0,3089.0,3085.0,3087.0,3,60,3087.0
普麦,PM,CZCE,粮食,2022-05-06,3088.0,3088.0,3088.0,3088.0,6,54,3088.0
普麦,PM,CZCE,粮食,2022-05-09,3000.0,3005.0,3000.0,3000.0,7,47,3001.0
普麦,PM,CZCE,粮食,2022-05-10,3000.0,3212.0,2794.0,3150.0,42,52,3069.0
普麦,PM,CZCE,粮食,2022-05-11,3160.0,3160.0,3100.0,3100.0,14,41,3113.0
普麦,PM,CZCE,粮食,2022-05-12,3100.0,3101.0,2923.0,3100.0,25,21,2982.0
普麦,PM,CZCE,粮食,2022-05-13,3058.0,3058.0,3050.0,3050.0,3,19,0.0
普麦,PM,CZCE,粮食,2022-05-17,3267.0,3267.0,2990.0,3195.0,4,17,3177.0
普麦,PM,CZCE,粮食,2022-05-25,3170.0,3170.0,3170.0,3170.0,1,16,3170.0
普麦,PM,CZCE,粮食,2022-05-27,3200.0,3200.0,3200.0,3200.0,1,2,3200.0
普麦,PM,CZCE,粮食,2022-06-23,3059.0,3059.0,3059.0,3059.0,1,6,0.0
