日期,库存,增减
2026-06-16,242109,
2026-06-17,240812,-1297.0
2026-06-18,241467,655.0
2026-06-22,241467,0.0
2026-06-23,243867,2400.0
2026-06-24,248750,4883.0
2026-06-25,248750,0.0
2026-06-26,258139,9389.0
2026-06-29,263127,4988.0
2026-06-30,266493,3366.0
2026-07-01,273189,6696.0
2026-07-02,276569,3380.0
2026-07-03,278693,2124.0
2026-07-06,286167,7474.0
2026-07-07,288584,2417.0
2026-07-08,290372,1788.0
2026-07-09,293788,3416.0
2026-07-10,297216,3428.0
2026-07-13,303344,6128.0
2026-07-14,309979,6635.0
2026-07-15,315662,5683.0
2026-07-16,317833,2171.0
2026-07-17,312759,-5074.0
2026-07-20,310147,-2612.0
2026-07-21,313529,3382.0
2026-07-22,319520,5991.0
2026-07-23,319520,0.0
2026-07-24,322488,2968.0
2026-07-27,330382,7894.0
2026-07-28,338646,8264.0
2026-07-29,340665,2019.0
2026-07-30,349308,8643.0
2026-07-31,353067,3759.0
2026-08-03,356739,3672.0
2026-08-04,356739,0.0
2026-08-05,363362,6623.0
2026-08-06,367365,4003.0
2026-08-07,367365,0.0
2026-08-10,369664,2299.0
2026-08-11,369664,0.0
2026-08-12,369664,0.0
2026-08-13,369231,-433.0
2026-08-14,370235,1004.0
2026-08-17,370235,0.0
2026-08-18,374420,4185.0
2026-08-19,373905,-515.0
2026-08-20,373986,81.0
2026-08-21,374481,495.0
2026-08-24,374481,0.0
2026-08-25,379045,4564.0
2026-08-26,379045,0.0
2026-08-27,382974,3929.0
2026-08-28,385875,2901.0
2026-08-31,385875,0.0
2026-09-01,387339,1464.0
2026-09-02,393249,5910.0
2026-09-03,397188,3939.0
2026-09-04,398188,1000.0
2026-09-07,403636,5448.0
2026-09-08,410974,7338.0
2026-09-09,413469,2495.0
2026-09-10,412291,-1178.0
2026-09-11,412791,500.0
2026-09-14,417333,4542.0
2026-09-15,417333,0.0
2026-09-16,418316,983.0
2026-09-17,419913,1597.0
2026-09-18,402077,-17836.0
2026-09-21,399314,-2763.0
2026-09-22,398100,-1214.0
2026-09-23,402637,4537.0
2026-09-24,402697,60.0
