date,symbol,spot_price,near_contract,near_contract_price,dominant_contract,dominant_contract_price,near_month,dominant_month,near_basis,dom_basis,near_basis_rate,dom_basis_rate
20210201,C,2842.86,c2103,2763.0,c2105,2774.0,2103,2105,-79.86000000000013,-68.86000000000013,-0.02809142905384021,-0.024222086208958604
20210201,A,5500.0,a2103,5623.0,a2105,5629.0,2103,2105,123.0,129.0,0.022363636363636363,0.023454545454545395
20210201,M,3793.33,m2103,3599.0,m2105,3485.0,2103,2105,-194.32999999999993,-308.3299999999999,-0.051229394753422475,-0.08128214523914346
20210201,Y,8666.67,y2103,8204.0,y2105,7782.0,2103,2105,-462.6700000000001,-884.6700000000001,-0.053384979467315574,-0.10207726843181986
20210201,P,7232.0,p2102,7212.0,p2105,6698.0,2102,2105,-20.0,-534.0,-0.0027654867256636795,-0.07383849557522126
20210201,JD,4550.0,jd2102,3690.0,jd2105,4389.0,2102,2105,-860.0,-161.0,-0.189010989010989,-0.03538461538461535
20210201,L,7983.33,l2102,7915.0,l2105,7865.0,2102,2105,-68.32999999999993,-118.32999999999993,-0.008559084993354893,-0.014822135625108812
20210201,V,7175.0,v2102,7340.0,v2105,7280.0,2102,2105,165.0,105.0,0.022996515679442497,0.014634146341463428
20210201,PP,8416.67,pp2102,8285.0,pp2105,8166.0,2102,2105,-131.67000000000007,-250.67000000000007,-0.0156439542004142,-0.02978256246235156
20210201,J,2660.0,j2102,3000.0,j2105,2550.0,2102,2105,340.0,-110.0,0.1278195488721805,-0.041353383458646586
20210201,JM,1541.67,jm2102,1780.0,jm2105,1499.5,2102,2105,238.32999999999993,-42.17000000000007,0.15459209817924702,-0.027353454370909525
20210201,I,1105.44,i2102,1187.5,i2105,977.0,2102,2105,82.05999999999995,-128.44000000000005,0.07423288464321898,-0.11618902880301063
20210201,EG,4683.33,eg2102,4685.0,eg2105,4648.0,2102,2105,1.6700000000000728,-35.32999999999993,0.0003565838836896429,-0.007543777611229596
20210201,EB,6966.67,eb2102,7185.0,eb2103,7335.0,2102,2103,218.32999999999993,368.3299999999999,0.03133921945491891,0.05287030963143069
20210201,PG,3676.67,pg2102,3568.0,pg2103,3425.0,2102,2103,-108.67000000000007,-251.67000000000007,-0.029556636848017348,-0.06845052724340228
20210201,LH,34100.0,lh2109,25685.0,lh2109,25685.0,2109,2109,-8415.0,-8415.0,-0.24677419354838714,-0.24677419354838714
20210201,WH,2552.0,WH103,2735.0,WH109,2704.0,2103,2109,183.0,152.0,0.07170846394984332,0.059561128526645746
20210201,PM,2552.0,PM103,2478.0,PM107,2519.0,2103,2107,-74.0,-33.0,-0.028996865203761768,-0.012931034482758674
20210201,CF,15261.33,CF103,15005.0,CF105,15070.0,2103,2105,-256.3299999999999,-191.32999999999993,-0.01679604595405515,-0.012536915196775134
20210201,SR,5403.33,SR103,5220.0,SR105,5266.0,2103,2105,-183.32999999999993,-137.32999999999993,-0.03392907706914072,-0.025415808399634976
20210201,TA,3981.25,TA102,4042.0,TA105,4122.0,2102,2105,60.75,140.75,0.015259026687598043,0.03535321821036108
20210201,OI,10815.0,OI103,10238.0,OI105,9724.0,2103,2105,-577.0,-1091.0,-0.05335182616736012,-0.1008784096162737
20210201,MA,2290.0,MA102,2362.0,MA105,2297.0,2102,2105,72.0,7.0,0.03144104803493453,0.0030567685589519833
20210201,FG,1924.0,FG102,1889.0,FG105,1804.0,2102,2105,-35.0,-120.0,-0.01819126819126815,-0.062370062370062374
20210201,RM,2790.0,RM103,2777.0,RM105,2867.0,2103,2105,-13.0,77.0,-0.00465949820788536,0.027598566308243644
20210201,SF,6166.67,SF102,6724.0,SF105,6820.0,2102,2105,557.3299999999999,653.3299999999999,0.09037778898497884,0.10594534813764955
20210201,SM,6866.67,SM102,7056.0,SM105,6874.0,2102,2105,189.32999999999993,7.329999999999927,0.027572316712467515,0.001067475209963531
20210201,CY,24075.0,CY102,21305.0,CY105,21815.0,2102,2105,-2770.0,-2260.0,-0.11505711318795431,-0.09387331256490139
20210201,UR,2060.0,UR102,2050.0,UR105,2035.0,2102,2105,-10.0,-25.0,-0.004854368932038833,-0.012135922330097082
20210201,SA,1593.33,SA102,1468.0,SA105,1596.0,2102,2105,-125.32999999999993,2.6700000000000728,-0.07865916037481246,0.0016757357232966008
20210201,PF,6373.33,PF105,6724.0,PF105,6724.0,2105,2105,350.6700000000001,350.6700000000001,0.055021472291564955,0.055021472291564955
20210201,CU,58200.0,cu2102,57910.0,cu2103,57910.0,2102,2103,-290.0,-290.0,-0.00498281786941579,-0.00498281786941579
20210201,AL,15220.0,al2102,15270.0,al2103,15260.0,2102,2103,50.0,40.0,0.003285151116951379,0.0026281208935610145
20210201,ZN,20400.0,zn2102,19640.0,zn2103,19625.0,2102,2103,-760.0,-775.0,-0.03725490196078429,-0.03799019607843135
20210201,PB,15200.0,pb2102,14995.0,pb2103,15070.0,2102,2103,-205.0,-130.0,-0.013486842105263186,-0.008552631578947367
20210201,NI,134350.0,ni2102,132050.0,ni2104,132740.0,2102,2104,-2300.0,-1610.0,-0.017119464086341685,-0.011983624860439135
20210201,SN,169500.0,sn2102,169200.0,sn2104,169760.0,2102,2104,-300.0,260.0,-0.001769911504424737,0.0015339233038347277
20210201,AU,387.9,au2102,388.96,au2106,392.64,2102,2106,1.0600000000000023,4.740000000000009,0.002732663057489093,0.012219644238205651
20210201,AG,5716.33,ag2102,5846.0,ag2106,5939.0,2102,2106,129.67000000000007,222.67000000000007,0.022684134750792895,0.03895331445175487
20210201,RB,4265.0,rb2102,4140.0,rb2105,4221.0,2102,2105,-125.0,-44.0,-0.029308323563892125,-0.010316529894490056
20210201,WR,4320.0,wr2102,4086.0,wr2105,4635.0,2102,2105,-234.0,315.0,-0.054166666666666696,0.07291666666666674
20210201,HC,4482.5,hc2102,4442.0,hc2105,4342.0,2102,2105,-40.5,-140.5,-0.009035136642498554,-0.031344116006692735
20210201,FU,4062.5,fu2103,2152.0,fu2105,2178.0,2103,2105,-1910.5,-1884.5,-0.47027692307692304,-0.4638769230769231
20210201,BU,2535.0,bu2102,2730.0,bu2106,2770.0,2102,2106,195.0,235.0,0.07692307692307687,0.09270216962524658
20210201,RU,13975.0,ru2103,14550.0,ru2105,14655.0,2103,2105,575.0,680.0,0.041144901610017826,0.048658318425760294
20210201,SP,6475.0,sp2102,6700.0,sp2103,6712.0,2102,2103,225.0,237.0,0.03474903474903468,0.03660231660231661
20210201,SS,15400.0,ss2102,14360.0,ss2104,14485.0,2102,2104,-1040.0,-915.0,-0.06753246753246755,-0.059415584415584366
20210202,C,2854.29,c2103,2767.0,c2105,2767.0,2103,2105,-87.28999999999996,-87.28999999999996,-0.03058203616310884,-0.03058203616310884
20210202,A,5500.0,a2103,5616.0,a2105,5556.0,2103,2105,116.0,56.0,0.02109090909090905,0.010181818181818292
20210202,M,3773.33,m2103,3533.0,m2105,3418.0,2103,2105,-240.32999999999993,-355.3299999999999,-0.06369175237787306,-0.09416881110318998
20210202,Y,8566.67,y2103,8160.0,y2105,7710.0,2103,2105,-406.6700000000001,-856.6700000000001,-0.04747118775440162,-0.10000035019441622
20210202,P,7198.0,p2102,7200.0,p2105,6670.0,2102,2105,2.0,-528.0,0.0002778549597111102,-0.0733537093637121
20210202,JD,4360.0,jd2102,3699.0,jd2105,4458.0,2102,2105,-661.0,98.0,-0.15160550458715594,0.022477064220183474
20210202,L,7983.33,l2102,7880.0,l2105,7860.0,2102,2105,-103.32999999999993,-123.32999999999993,-0.012943220435582603,-0.015448440688284215
20210202,V,7175.0,v2102,7280.0,v2105,7305.0,2102,2105,105.0,130.0,0.014634146341463428,0.018118466898954688
20210202,PP,8450.0,pp2102,8285.0,pp2105,8165.0,2102,2105,-165.0,-285.0,-0.019526627218934944,-0.03372781065088759
20210202,J,2660.0,j2102,3020.0,j2105,2476.0,2102,2105,360.0,-184.0,0.13533834586466176,-0.06917293233082711
20210202,JM,1541.67,jm2102,1700.0,jm2105,1465.5,2102,2105,158.32999999999993,-76.17000000000007,0.10270031848579775,-0.04940746074062552
20210202,I,1098.22,i2102,1261.0,i2105,933.5,2102,2105,162.77999999999997,-164.72000000000003,0.14822166778969592,-0.14998816266321868
20210202,EG,4683.33,eg2102,4650.0,eg2105,4761.0,2102,2105,-33.32999999999993,77.67000000000007,-0.007116731043936619,0.016584353440820987
20210202,EB,7083.33,eb2102,7329.0,eb2103,7451.0,2102,2103,245.67000000000007,367.6700000000001,0.03468283985074816,0.05190637736770709
20210202,PG,3653.33,pg2102,3353.0,pg2103,3397.0,2102,2103,-300.3299999999999,-256.3299999999999,-0.082207191794883,-0.07016338518557041
20210202,LH,33570.0,lh2109,25380.0,lh2109,25380.0,2109,2109,-8190.0,-8190.0,-0.24396782841823061,-0.24396782841823061
20210202,WH,2552.0,WH103,2740.0,WH109,2711.0,2103,2109,188.0,159.0,0.07366771159874608,0.06230407523510961
20210202,PM,2552.0,PM103,2511.0,PM107,2519.0,2103,2107,-41.0,-33.0,-0.016065830721003094,-0.012931034482758674
20210202,CF,15340.17,CF103,14870.0,CF105,14925.0,2103,2105,-470.1700000000001,-415.1700000000001,-0.030649595147902553,-0.02706423722814022
20210202,SR,5403.33,SR103,5235.0,SR105,5283.0,2103,2105,-168.32999999999993,-120.32999999999993,-0.03115301119864966,-0.022269600413078572
20210202,TA,3999.38,TA102,4070.0,TA105,4148.0,2102,2105,70.61999999999989,148.6199999999999,0.01765773694922701,0.03716075991778722
20210202,OI,10730.0,OI103,10130.0,OI105,9627.0,2103,2105,-600.0,-1103.0,-0.055917986952469745,-0.10279589934762345
20210202,MA,2267.5,MA102,2321.0,MA105,2275.0,2102,2105,53.5,7.5,0.023594266813671494,0.00330760749724357
20210202,FG,1928.0,FG102,1874.0,FG105,1768.0,2102,2105,-54.0,-160.0,-0.028008298755186734,-0.08298755186721996
20210202,RM,2760.0,RM103,2718.0,RM105,2810.0,2103,2105,-42.0,50.0,-0.01521739130434785,0.018115942028985588
20210202,SF,6166.67,SF102,6612.0,SF105,6582.0,2102,2105,445.3299999999999,415.3299999999999,0.07221563664019648,0.06735077440498682
20210202,SM,6866.67,SM102,6974.0,SM105,6740.0,2102,2105,107.32999999999993,-126.67000000000007,0.015630574936614128,-0.018447078423748375
20210202,CY,24075.0,CY102,21370.0,CY105,21660.0,2102,2105,-2705.0,-2415.0,-0.11235721703011425,-0.10031152647975072
20210202,UR,2060.0,UR102,2046.0,UR105,2045.0,2102,2105,-14.0,-15.0,-0.006796116504854344,-0.007281553398058249
20210202,SA,1593.33,SA102,1487.0,SA105,1614.0,2102,2105,-106.32999999999993,20.670000000000073,-0.0667344492352494,0.012972830487093079
20210202,PF,6381.67,PF105,6748.0,PF105,6748.0,2105,2105,366.3299999999999,366.3299999999999,0.05740346962472209,0.05740346962472209
20210202,CU,57870.0,cu2102,57250.0,cu2103,57300.0,2102,2103,-620.0,-570.0,-0.010713668567478796,-0.009849663037843404
20210202,AL,15190.0,al2102,15060.0,al2103,14945.0,2102,2103,-130.0,-245.0,-0.008558262014483176,-0.016129032258064502
20210202,ZN,20300.0,zn2102,19545.0,zn2103,19505.0,2102,2103,-755.0,-795.0,-0.037192118226600956,-0.03916256157635467
20210202,PB,15200.0,pb2102,14835.0,pb2103,14910.0,2102,2103,-365.0,-290.0,-0.024013157894736792,-0.019078947368421084
20210202,NI,134100.0,ni2102,130470.0,ni2104,131010.0,2102,2104,-3630.0,-3090.0,-0.027069351230425087,-0.023042505592841156
20210202,SN,169000.0,sn2102,167730.0,sn2104,167140.0,2102,2104,-1270.0,-1860.0,-0.0075147928994082624,-0.01100591715976329
20210202,AU,386.9,au2102,385.3,au2106,389.5,2102,2106,-1.599999999999966,2.6000000000000227,-0.004135435513052399,0.006720082708710384
20210202,AG,5813.0,ag2102,5775.0,ag2106,5879.0,2102,2106,-38.0,66.0,-0.006537072079821127,0.011353862033373519
20210202,RB,4265.0,rb2102,4060.0,rb2105,4154.0,2102,2105,-205.0,-111.0,-0.048065650644783076,-0.026025791324736258
20210202,WR,4320.0,wr2102,4086.0,wr2105,4517.0,2102,2105,-234.0,197.0,-0.054166666666666696,0.04560185185185195
20210202,HC,4475.0,hc2102,4410.0,hc2105,4307.0,2102,2105,-65.0,-168.0,-0.01452513966480451,-0.03754189944134079
20210202,FU,4062.5,fu2103,2200.0,fu2105,2221.0,2103,2105,-1862.5,-1841.5,-0.4584615384615385,-0.45329230769230766
20210202,BU,2537.5,bu2102,2750.0,bu2106,2806.0,2102,2106,212.5,268.5,0.08374384236453203,0.1058128078817735
20210202,RU,13875.0,ru2103,14495.0,ru2105,14570.0,2103,2105,620.0,695.0,0.04468468468468467,0.05009009009009002
20210202,SP,6512.5,sp2102,6700.0,sp2103,6712.0,2102,2103,187.5,199.5,0.028790786948176494,0.030633397312859856
20210202,SS,15400.0,ss2102,14000.0,ss2104,14250.0,2102,2104,-1400.0,-1150.0,-0.09090909090909094,-0.07467532467532467
20210203,C,2851.43,c2103,2765.0,c2105,2776.0,2103,2105,-86.42999999999984,-75.42999999999984,-0.030311107058563547,-0.026453393560423977
20210203,A,5500.0,a2103,5562.0,a2105,5584.0,2103,2105,62.0,84.0,0.011272727272727323,0.015272727272727327
20210203,M,3753.33,m2103,3520.0,m2105,3410.0,2103,2105,-233.32999999999993,-343.3299999999999,-0.062166129810061976,-0.09147343825349752
20210203,Y,8436.67,y2103,8000.0,y2105,7538.0,2103,2105,-436.6700000000001,-898.6700000000001,-0.05175857299147646,-0.10651951540121873
20210203,P,7010.0,p2102,7150.0,p2105,6480.0,2102,2105,140.0,-530.0,0.0199714693295292,-0.07560627674750353
20210203,JD,4215.0,jd2102,3750.0,jd2105,4443.0,2102,2105,-465.0,228.0,-0.11032028469750887,0.05409252669039155
20210203,L,7983.33,l2102,7910.0,l2105,7980.0,2102,2105,-73.32999999999993,-3.3299999999999272,-0.009185390056530296,-0.0004171191720747647
20210203,V,7175.0,v2102,7380.0,v2105,7445.0,2102,2105,205.0,270.0,0.02857142857142847,0.037630662020905925
20210203,PP,8450.0,pp2102,8250.0,pp2105,8241.0,2102,2105,-200.0,-209.0,-0.023668639053254448,-0.024733727810650863
20210203,J,2660.0,j2102,3020.0,j2105,2492.0,2102,2105,360.0,-168.0,0.13533834586466176,-0.06315789473684208
20210203,JM,1581.67,jm2102,1700.0,jm2105,1452.5,2102,2105,118.32999999999993,-129.17000000000007,0.07481333021426706,-0.08166684580222172
20210203,I,1069.56,i2102,1160.0,i2105,948.0,2102,2105,90.44000000000005,-121.55999999999995,0.0845581360559482,-0.1136542129473802
20210203,EG,4816.67,eg2102,4850.0,eg2105,4711.0,2102,2105,33.32999999999993,-105.67000000000007,0.006919718394658547,-0.021938393122219346
20210203,EB,7150.0,eb2102,7320.0,eb2103,7423.0,2102,2103,170.0,273.0,0.023776223776223793,0.038181818181818095
20210203,PG,3670.0,pg2102,3400.0,pg2103,3367.0,2102,2103,-270.0,-303.0,-0.07356948228882831,-0.08256130790190741
20210203,LH,33070.0,lh2109,25315.0,lh2109,25315.0,2109,2109,-7755.0,-7755.0,-0.23450257030541277,-0.23450257030541277
20210203,WH,2552.0,WH103,2736.0,WH109,2709.0,2103,2109,184.0,157.0,0.07210031347962387,0.06152037617554851
20210203,PM,2552.0,PM103,2523.0,PM107,2519.0,2103,2107,-29.0,-33.0,-0.011363636363636354,-0.012931034482758674
20210203,CF,15330.17,CF103,14785.0,CF105,14880.0,2103,2105,-545.1700000000001,-450.1700000000001,-0.03556190179234808,-0.02936497116470338
20210203,SR,5406.67,SR103,5279.0,SR105,5328.0,2103,2105,-127.67000000000007,-78.67000000000007,-0.02361342563907176,-0.014550545899786771
20210203,TA,3981.25,TA102,4024.0,TA105,4108.0,2102,2105,42.75,126.75,0.010737833594976376,0.03183673469387749
20210203,OI,10730.0,OI103,9949.0,OI105,9445.0,2103,2105,-781.0,-1285.0,-0.0727865796831314,-0.11975768872320591
20210203,MA,2240.0,MA102,2300.0,MA105,2267.0,2102,2105,60.0,27.0,0.02678571428571419,0.012053571428571441
20210203,FG,1928.0,FG102,1847.0,FG105,1770.0,2102,2105,-81.0,-158.0,-0.042012448132780045,-0.08195020746887971
20210203,RM,2720.0,RM103,2704.0,RM105,2788.0,2103,2105,-16.0,68.0,-0.00588235294117645,0.02499999999999991
20210203,SF,6166.67,SF102,6538.0,SF105,6614.0,2102,2105,371.3299999999999,447.3299999999999,0.060215643126679375,0.07253996078921032
20210203,SM,6800.0,SM102,6928.0,SM105,6768.0,2102,2105,128.0,-32.0,0.018823529411764683,-0.004705882352941226
20210203,CY,24075.0,CY102,21265.0,CY105,21675.0,2102,2105,-2810.0,-2400.0,-0.11671858774662514,-0.09968847352024923
20210203,UR,2076.67,UR102,1994.0,UR105,1981.0,2102,2105,-82.67000000000007,-95.67000000000007,-0.0398089248652892,-0.046068946919828435
20210203,SA,1593.33,SA102,1481.0,SA105,1637.0,2102,2105,-112.32999999999993,43.67000000000007,-0.07050014748984823,0.027408007129722023
20210203,PF,6473.33,PF105,6706.0,PF105,6706.0,2105,2105,232.67000000000007,232.67000000000007,0.0359428609386514,0.0359428609386514
20210203,CU,57290.0,cu2102,56900.0,cu2103,57000.0,2102,2103,-390.0,-290.0,-0.006807470762785872,-0.00506196543899462
20210203,AL,15190.0,al2102,15080.0,al2103,14965.0,2102,2103,-110.0,-225.0,-0.007241606319947302,-0.014812376563528629
20210203,ZN,20250.0,zn2102,19780.0,zn2103,19650.0,2102,2103,-470.0,-600.0,-0.02320987654320983,-0.029629629629629672
20210203,PB,15100.0,pb2102,14730.0,pb2103,14765.0,2102,2103,-370.0,-335.0,-0.024503311258278093,-0.022185430463576128
20210203,NI,132200.0,ni2102,128500.0,ni2104,129630.0,2102,2104,-3700.0,-2570.0,-0.027987897125567374,-0.01944024205748862
20210203,SN,166500.0,sn2102,163600.0,sn2104,164250.0,2102,2104,-2900.0,-2250.0,-0.017417417417417425,-0.013513513513513487
20210203,AU,386.9,au2102,380.7,au2106,385.1,2102,2106,-6.199999999999989,-1.7999999999999545,-0.01602481261307831,-0.004652364952183907
20210203,AG,5813.0,ag2102,5500.0,ag2106,5590.0,2102,2106,-313.0,-223.0,-0.053844830552210565,-0.03836229141579217
20210203,RB,4265.0,rb2102,4076.0,rb2105,4175.0,2102,2105,-189.0,-90.0,-0.044314185228604974,-0.021101992966002348
20210203,WR,4320.0,wr2102,4086.0,wr2105,4542.0,2102,2105,-234.0,222.0,-0.054166666666666696,0.05138888888888893
20210203,HC,4475.0,hc2102,4410.0,hc2105,4335.0,2102,2105,-65.0,-140.0,-0.01452513966480451,-0.031284916201117285
20210203,FU,4062.5,fu2103,2180.0,fu2105,2218.0,2103,2105,-1882.5,-1844.5,-0.4633846153846154,-0.45403076923076924
20210203,BU,2562.5,bu2102,2750.0,bu2106,2800.0,2102,2106,187.5,237.5,0.07317073170731714,0.09268292682926838
20210203,RU,13575.0,ru2103,14235.0,ru2105,14300.0,2103,2105,660.0,725.0,0.048618784530386705,0.05340699815837935
20210203,SP,6512.5,sp2102,6370.0,sp2105,6428.0,2102,2105,-142.5,-84.5,-0.021880998080614167,-0.012975047984644883
20210203,SS,15400.0,ss2102,13980.0,ss2104,14225.0,2102,2104,-1420.0,-1175.0,-0.09220779220779218,-0.07629870129870131
20210204,C,2851.43,c2103,2777.0,c2105,2784.0,2103,2105,-74.42999999999984,-67.42999999999984,-0.02610269233332041,-0.02364778374359522
20210204,A,5500.0,a2103,5643.0,a2105,5643.0,2103,2105,143.0,143.0,0.026000000000000023,0.026000000000000023
20210204,M,3830.0,m2103,3636.0,m2105,3482.0,2103,2105,-194.0,-348.0,-0.05065274151436028,-0.0908616187989556
20210204,Y,8386.67,y2103,8084.0,y2105,7618.0,2103,2105,-302.6700000000001,-768.6700000000001,-0.03608941331899318,-0.09165377915191608
20210204,P,7010.0,p2102,7150.0,p2105,6534.0,2102,2105,140.0,-476.0,0.0199714693295292,-0.06790299572039948
20210204,JD,4215.0,jd2102,3799.0,jd2105,4459.0,2102,2105,-416.0,244.0,-0.09869513641755634,0.057888493475682035
20210204,L,7983.33,l2102,7970.0,l2105,8085.0,2102,2105,-13.329999999999927,101.67000000000007,-0.0016697292984255707,0.012735287154608477
20210204,V,7175.0,v2102,7625.0,v2105,7645.0,2102,2105,450.0,470.0,0.06271777003484313,0.06550522648083623
20210204,PP,8450.0,pp2102,8250.0,pp2105,8335.0,2102,2105,-200.0,-115.0,-0.023668639053254448,-0.013609467455621305
20210204,J,2660.0,j2102,2920.0,j2105,2552.0,2102,2105,260.0,-108.0,0.09774436090225569,-0.04060150375939853
20210204,JM,1581.67,jm2102,1700.0,jm2105,1509.5,2102,2105,118.32999999999993,-72.17000000000007,0.07481333021426706,-0.04562898708327279
20210204,I,1069.56,i2102,1160.0,i2105,991.0,2102,2105,90.44000000000005,-78.55999999999995,0.0845581360559482,-0.07345076480047863
20210204,EG,4816.67,eg2102,4750.0,eg2105,4709.0,2102,2105,-66.67000000000007,-107.67000000000007,-0.01384151291244784,-0.02235361774836142
20210204,EB,7133.33,eb2102,7590.0,eb2103,7641.0,2102,2103,456.6700000000001,507.6700000000001,0.06401918879401336,0.07116872484519843
20210204,PG,3650.0,pg2102,3400.0,pg2103,3429.0,2102,2103,-250.0,-221.0,-0.06849315068493156,-0.06054794520547946
20210204,LH,33070.0,lh2109,25445.0,lh2109,25445.0,2109,2109,-7625.0,-7625.0,-0.23057151496824912,-0.23057151496824912
20210204,WH,2552.0,WH103,2750.0,WH109,2720.0,2103,2109,198.0,168.0,0.07758620689655182,0.0658307210031348
20210204,PM,2552.0,PM103,2523.0,PM107,2519.0,2103,2107,-29.0,-33.0,-0.011363636363636354,-0.012931034482758674
20210204,CF,15300.83,CF103,15210.0,CF105,15310.0,2103,2105,-90.82999999999993,9.170000000000073,-0.005936279273738743,0.0005993138934292652
20210204,SR,5406.67,SR103,5274.0,SR105,5318.0,2103,2105,-132.67000000000007,-88.67000000000007,-0.02453820928593753,-0.016400113193518417
20210204,TA,3995.0,TA102,4068.0,TA105,4156.0,2102,2105,73.0,161.0,0.018272841051314215,0.040300375469336736
20210204,OI,10730.0,OI103,10035.0,OI105,9495.0,2103,2105,-695.0,-1235.0,-0.06477166821994407,-0.11509785647716686
20210204,MA,2240.0,MA102,2320.0,MA105,2319.0,2102,2105,80.0,79.0,0.03571428571428581,0.03526785714285707
20210204,FG,1925.6,FG102,1868.0,FG105,1817.0,2102,2105,-57.59999999999991,-108.59999999999991,-0.02991275446614039,-0.05639800581636889
20210204,RM,2770.0,RM103,2800.0,RM105,2871.0,2103,2105,30.0,101.0,0.010830324909747224,0.03646209386281596
20210204,SF,6166.67,SF102,6788.0,SF105,7000.0,2102,2105,621.3299999999999,833.3299999999999,0.10075616175342605,0.13513452154890726
20210204,SM,6800.0,SM102,7106.0,SM105,6986.0,2102,2105,306.0,186.0,0.04499999999999993,0.02735294117647058
20210204,CY,24075.0,CY102,21455.0,CY105,22045.0,2102,2105,-2620.0,-2030.0,-0.10882658359293873,-0.08431983385254416
20210204,UR,2106.67,UR102,1984.0,UR105,2009.0,2102,2105,-122.67000000000007,-97.67000000000007,-0.05822933824471799,-0.04636226841413227
20210204,SA,1593.33,SA102,1497.0,SA105,1633.0,2102,2105,-96.32999999999993,39.67000000000007,-0.060458285477584583,0.02489754162665614
20210204,PF,6540.0,PF105,6792.0,PF105,6792.0,2105,2105,252.0,252.0,0.038532110091743066,0.038532110091743066
20210204,CU,58010.0,cu2102,57680.0,cu2103,57820.0,2102,2103,-330.0,-190.0,-0.005688674366488566,-0.0032752973625237436
20210204,AL,15020.0,al2102,15355.0,al2103,15280.0,2102,2103,335.0,260.0,0.02230359520639147,0.017310252996005415
20210204,ZN,20550.0,zn2102,20000.0,zn2103,19925.0,2102,2103,-550.0,-625.0,-0.02676399026763987,-0.03041362530413627
20210204,PB,15200.0,pb2102,14950.0,pb2103,15020.0,2102,2103,-250.0,-180.0,-0.016447368421052655,-0.011842105263157876
20210204,NI,132350.0,ni2102,129990.0,ni2104,130500.0,2102,2104,-2360.0,-1850.0,-0.017831507366830368,-0.013978088401964461
20210204,SN,165250.0,sn2102,162350.0,sn2104,163990.0,2102,2104,-2900.0,-1260.0,-0.017549167927382703,-0.007624810892587042
20210204,AU,383.32,au2102,380.0,au2106,382.26,2102,2106,-3.319999999999993,-1.0600000000000023,-0.008661170823332953,-0.0027653135761244174
20210204,AG,5514.67,ag2102,5428.0,ag2106,5517.0,2102,2106,-86.67000000000007,2.3299999999999272,-0.01571626226047984,0.0004225094157945808
20210204,RB,4265.0,rb2102,4125.0,rb2105,4246.0,2102,2105,-140.0,-19.0,-0.03282532239155922,-0.004454865181711565
20210204,WR,4320.0,wr2102,4086.0,wr2105,4626.0,2102,2105,-234.0,306.0,-0.054166666666666696,0.0708333333333333
20210204,HC,4475.0,hc2102,4439.0,hc2105,4387.0,2102,2105,-36.0,-88.0,-0.008044692737430137,-0.019664804469273767
20210204,FU,4062.5,fu2103,2212.0,fu2105,2246.0,2103,2105,-1850.5,-1816.5,-0.4555076923076923,-0.4471384615384615
20210204,BU,2577.5,bu2102,2750.0,bu2106,2848.0,2102,2106,172.5,270.5,0.0669253152279341,0.1049466537342385
20210204,RU,13900.0,ru2103,14560.0,ru2105,14615.0,2103,2105,660.0,715.0,0.04748201438848931,0.051438848920863256
20210204,SP,6487.5,sp2102,6500.0,sp2105,6588.0,2102,2105,12.5,100.5,0.0019267822736031004,0.015491329479768723
20210204,SS,15400.0,ss2102,14280.0,ss2104,14285.0,2102,2104,-1120.0,-1115.0,-0.07272727272727275,-0.07240259740259736
20210205,C,2852.86,c2103,2838.0,c2105,2818.0,2103,2105,-14.860000000000127,-34.86000000000013,-0.005208808003196785,-0.012219316755817
20210205,A,5500.0,a2103,5780.0,a2105,5800.0,2103,2105,280.0,300.0,0.050909090909091015,0.05454545454545445
20210205,M,3780.0,m2103,3668.0,m2105,3515.0,2103,2105,-112.0,-265.0,-0.029629629629629672,-0.07010582010582012
20210205,Y,8416.67,y2103,8188.0,y2105,7722.0,2103,2105,-228.67000000000007,-694.6700000000001,-0.027168702111405096,-0.08253501681781517
20210205,P,7160.0,p2102,7150.0,p2105,6594.0,2102,2105,-10.0,-566.0,-0.0013966480446927498,-0.07905027932960895
20210205,JD,4075.0,jd2102,3859.0,jd2105,4515.0,2102,2105,-216.0,440.0,-0.05300613496932516,0.10797546012269943
20210205,L,7983.33,l2102,7970.0,l2105,8045.0,2102,2105,-13.329999999999927,61.67000000000007,-0.0016697292984255707,0.0077248466492052525
20210205,V,7250.0,v2102,7550.0,v2105,7625.0,2102,2105,300.0,375.0,0.04137931034482767,0.051724137931034475
20210205,PP,8450.0,pp2102,8700.0,pp2105,8342.0,2102,2105,250.0,-108.0,0.029585798816567976,-0.012781065088757426
20210205,J,2660.0,j2102,2920.0,j2105,2551.0,2102,2105,260.0,-109.0,0.09774436090225569,-0.04097744360902256
20210205,JM,1581.67,jm2102,1700.0,jm2105,1513.0,2102,2105,118.32999999999993,-68.67000000000007,0.07481333021426706,-0.043416136109302284
20210205,I,1086.11,i2102,1160.0,i2105,1004.5,2102,2105,73.8900000000001,-81.6099999999999,0.06803178315271952,-0.07513971881301151
20210205,EG,4816.67,eg2102,4226.0,eg2105,4646.0,2102,2105,-590.6700000000001,-170.67000000000007,-0.12263036496168511,-0.03543319347183849
20210205,EB,7183.33,eb2102,7610.0,eb2103,7687.0,2102,2103,426.6700000000001,503.6700000000001,0.05939724333978802,0.070116505854527
20210205,PG,3650.0,pg2102,3500.0,pg2103,3480.0,2102,2103,-150.0,-170.0,-0.04109589041095896,-0.046575342465753455
20210205,LH,32369.999999999996,lh2109,26170.0,lh2109,26170.0,2109,2109,-6199.999999999996,-6199.999999999996,-0.19153537225826378,-0.19153537225826378
20210205,WH,2552.0,WH103,2760.0,WH109,2734.0,2103,2109,208.0,182.0,0.08150470219435735,0.07131661442006276
20210205,PM,2552.0,PM103,2523.0,PM107,2519.0,2103,2107,-29.0,-33.0,-0.011363636363636354,-0.012931034482758674
20210205,CF,15485.0,CF103,15455.0,CF105,15595.0,2103,2105,-30.0,110.0,-0.0019373587342589316,0.00710364869228286
20210205,SR,5406.67,SR103,5291.0,SR105,5342.0,2103,2105,-115.67000000000007,-64.67000000000007,-0.02139394488659374,-0.011961151688562488
20210205,TA,3995.0,TA102,4058.0,TA105,4140.0,2102,2105,63.0,145.0,0.015769712140175196,0.03629536921151444
20210205,OI,10730.0,OI103,10232.0,OI105,9675.0,2103,2105,-498.0,-1055.0,-0.046411929170549815,-0.09832246039142589
20210205,MA,2245.0,MA102,2338.0,MA105,2328.0,2102,2105,93.0,83.0,0.0414253897550112,0.03697104677060126
20210205,FG,1921.6,FG102,1903.0,FG105,1835.0,2102,2105,-18.59999999999991,-86.59999999999991,-0.00967943380516234,-0.04506661115736876
20210205,RM,2776.67,RM103,2840.0,RM105,2919.0,2103,2105,63.32999999999993,142.32999999999993,0.02280789578884046,0.05125924218578359
20210205,SF,6166.67,SF102,6790.0,SF105,6740.0,2102,2105,623.3299999999999,573.3299999999999,0.10108048590244012,0.0929723821770907
20210205,SM,6783.33,SM102,7080.0,SM105,6798.0,2102,2105,296.6700000000001,14.670000000000073,0.04373515662661265,0.0021626546253830092
20210205,CY,24075.0,CY102,21845.0,CY105,22455.0,2102,2105,-2230.0,-1620.0,-0.09262720664589819,-0.06728971962616825
20210205,UR,2126.67,UR102,1993.0,UR105,1984.0,2102,2105,-133.67000000000007,-142.67000000000007,-0.06285413345747115,-0.06708610174592211
20210205,SA,1593.33,SA102,1463.0,SA105,1627.0,2102,2105,-130.32999999999993,33.67000000000007,-0.08179724225364482,0.021131843372057313
20210205,PF,6590.0,PF105,6776.0,PF105,6776.0,2105,2105,186.0,186.0,0.028224582701062317,0.028224582701062317
20210205,CU,58120.0,cu2102,58040.0,cu2103,58210.0,2102,2103,-80.0,90.0,-0.0013764624913971124,0.0015485203028218208
20210205,AL,15480.0,al2102,15480.0,al2103,15555.0,2102,2103,0.0,75.0,0.0,0.004844961240310086
20210205,ZN,20550.0,zn2102,20200.0,zn2103,20080.0,2102,2103,-350.0,-470.0,-0.01703163017031628,-0.0228710462287105
20210205,PB,15350.0,pb2102,15200.0,pb2103,15275.0,2102,2103,-150.0,-75.0,-0.009771986970684043,-0.004885993485342022
20210205,NI,133950.0,ni2102,132200.0,ni2104,132850.0,2102,2104,-1750.0,-1100.0,-0.013064576334453126,-0.008212019410227644
20210205,SN,165250.0,sn2102,162510.0,sn2104,163660.0,2102,2104,-2740.0,-1590.0,-0.016580937972768495,-0.009621785173978825
20210205,AU,374.99,au2102,379.84,au2106,377.86,2102,2106,4.849999999999966,2.8700000000000045,0.012933678231419332,0.007653537427664725
20210205,AG,5367.33,ag2102,5377.0,ag2106,5467.0,2102,2106,9.670000000000073,99.67000000000007,0.0018016406667746843,0.018569754421658535
20210205,RB,4261.0,rb2102,4160.0,rb2105,4285.0,2102,2105,-101.0,24.0,-0.02370335601971363,0.00563248063834787
20210205,WR,4320.0,wr2102,4086.0,wr2105,4637.0,2102,2105,-234.0,317.0,-0.054166666666666696,0.07337962962962963
20210205,HC,4475.0,hc2102,4517.0,hc2105,4450.0,2102,2105,42.0,-25.0,0.009385474860335252,-0.005586592178770999
20210205,FU,4062.5,fu2103,2232.0,fu2105,2259.0,2103,2105,-1830.5,-1803.5,-0.45058461538461536,-0.4439384615384615
20210205,BU,2577.5,bu2102,2826.0,bu2106,2866.0,2102,2106,248.5,288.5,0.09641125121241512,0.11193016488845786
20210205,RU,13962.5,ru2103,14640.0,ru2105,14730.0,2103,2105,677.5,767.5,0.0485228290062667,0.054968666069829863
20210205,SP,6537.5,sp2102,6600.0,sp2105,6560.0,2102,2105,62.5,22.5,0.009560229445506607,0.0034416826003824674
20210205,SS,15400.0,ss2102,14065.0,ss2104,14380.0,2102,2104,-1335.0,-1020.0,-0.0866883116883117,-0.0662337662337662
20210208,C,2852.86,c2103,2795.0,c2105,2754.0,2103,2105,-57.86000000000013,-98.86000000000013,-0.020281401821330203,-0.034652944764201554
20210208,A,5500.0,a2103,5765.0,a2105,5783.0,2103,2105,265.0,283.0,0.048181818181818103,0.05145454545454542
20210208,M,3810.0,m2103,3629.0,m2105,3460.0,2103,2105,-181.0,-350.0,-0.04750656167979006,-0.09186351706036744
20210208,Y,8470.0,y2103,8258.0,y2105,7760.0,2103,2105,-212.0,-710.0,-0.025029515938606806,-0.0838252656434475
20210208,P,7170.0,p2102,7250.0,p2105,6678.0,2102,2105,80.0,-492.0,0.01115760111576014,-0.06861924686192467
20210208,JD,4075.0,jd2102,3989.0,jd2105,4464.0,2102,2105,-86.0,389.0,-0.021104294478527574,0.09546012269938653
20210208,L,8016.67,l2102,7970.0,l2105,8030.0,2102,2105,-46.67000000000007,13.329999999999927,-0.0058216192009898915,0.0016627851713990616
20210208,V,7350.0,v2102,7615.0,v2105,7640.0,2102,2105,265.0,290.0,0.036054421768707545,0.039455782312925125
20210208,PP,8450.0,pp2102,9000.0,pp2105,8331.0,2102,2105,550.0,-119.0,0.06508875739644981,-0.014082840236686378
20210208,J,2660.0,j2102,2895.0,j2105,2599.0,2102,2105,235.0,-61.0,0.08834586466165417,-0.022932330827067693
20210208,JM,1581.67,jm2102,1700.0,jm2105,1528.0,2102,2105,118.32999999999993,-53.67000000000007,0.07481333021426706,-0.03393248907799984
20210208,I,1102.11,i2102,1155.0,i2105,1028.0,2102,2105,52.8900000000001,-74.1099999999999,0.047989765086969616,-0.06724374155029889
20210208,EG,4816.67,eg2102,4606.0,eg2105,4705.0,2102,2105,-210.67000000000007,-111.67000000000007,-0.043737685994680975,-0.02318406700064568
20210208,EB,7183.33,eb2102,7690.0,eb2103,7734.0,2102,2103,506.6700000000001,550.6700000000001,0.07053413945899734,0.07665943232456263
20210208,PG,3566.67,pg2102,3500.0,pg2103,3488.0,2102,2103,-66.67000000000007,-78.67000000000007,-0.018692505894854272,-0.022056988731786298
20210208,LH,31350.0,lh2109,26900.0,lh2109,26900.0,2109,2109,-4450.0,-4450.0,-0.14194577352472093,-0.14194577352472093
20210208,WH,2552.0,WH103,2760.0,WH109,2701.0,2103,2109,208.0,149.0,0.08150470219435735,0.05838557993730409
20210208,PM,2552.0,PM103,2523.0,PM107,2519.0,2103,2107,-29.0,-33.0,-0.011363636363636354,-0.012931034482758674
20210208,CF,15485.0,CF103,15425.0,CF105,15575.0,2103,2105,-60.0,90.0,-0.003874717468517974,0.005812076202776906
20210208,SR,5413.33,SR103,5256.0,SR105,5305.0,2103,2105,-157.32999999999993,-108.32999999999993,-0.029063441541528068,-0.020011711829871826
20210208,TA,4032.5,TA102,4076.0,TA105,4166.0,2102,2105,43.5,133.5,0.010787352758834468,0.03310601363918164
20210208,OI,10730.0,OI103,10274.0,OI105,9697.0,2103,2105,-456.0,-1033.0,-0.04249767008387695,-0.09627213420316871
20210208,MA,2252.5,MA102,2335.0,MA105,2320.0,2102,2105,82.5,67.5,0.03662597114317423,0.029966703662597016
20210208,FG,1921.6,FG102,1913.0,FG105,1841.0,2102,2105,-8.599999999999909,-80.59999999999991,-0.004475437135720184,-0.041944213155703514
20210208,RM,2790.0,RM103,2790.0,RM105,2886.0,2103,2105,0.0,96.0,0.0,0.03440860215053765
20210208,SF,6166.67,SF102,6400.0,SF105,6814.0,2102,2105,233.32999999999993,647.3299999999999,0.03783727684471527,0.1049723756906078
20210208,SM,6783.33,SM102,7028.0,SM105,6834.0,2102,2105,244.67000000000007,50.67000000000007,0.036069305193761725,0.007469782540433734
20210208,CY,24075.0,CY102,22000.0,CY105,22455.0,2102,2105,-2075.0,-1620.0,-0.08618899273104885,-0.06728971962616825
20210208,UR,2143.33,UR102,1993.0,UR105,1962.0,2102,2105,-150.32999999999993,-181.32999999999993,-0.07013852276597632,-0.08460199782581312
20210208,SA,1593.33,SA102,1465.0,SA105,1645.0,2102,2105,-128.32999999999993,51.67000000000007,-0.08054200950211188,0.03242893813585379
20210208,PF,6798.33,PF105,7004.0,PF105,7004.0,2105,2105,205.67000000000007,205.67000000000007,0.030253018020602207,0.030253018020602207
20210208,CU,58990.0,cu2103,58790.0,cu2103,58790.0,2103,2103,-200.0,-200.0,-0.003390405153415821,-0.003390405153415821
20210208,AL,15580.0,al2103,15780.0,al2103,15780.0,2103,2103,200.0,200.0,0.012836970474968012,0.012836970474968012
20210208,ZN,20660.0,zn2103,20035.0,zn2103,20035.0,2103,2103,-625.0,-625.0,-0.030251694094869275,-0.030251694094869275
20210208,PB,15250.0,pb2103,15145.0,pb2103,15145.0,2103,2103,-105.0,-105.0,-0.006885245901639303,-0.006885245901639303
20210208,NI,135450.0,ni2103,133350.0,ni2104,133550.0,2103,2104,-2100.0,-1900.0,-0.015503875968992276,-0.014027316352897778
20210208,SN,166750.0,sn2103,166080.0,sn2104,166260.0,2103,2104,-670.0,-490.0,-0.004017991004497734,-0.0029385307346326828
20210208,AU,377.1,au2103,379.12,au2106,381.0,2103,2106,2.019999999999982,3.8999999999999773,0.00535666931848322,0.0103420843277644
20210208,AG,5497.0,ag2103,5519.0,ag2106,5583.0,2103,2106,22.0,86.0,0.004002183008913862,0.015644897216663622
20210208,RB,4261.0,rb2103,4245.0,rb2105,4335.0,2103,2105,-16.0,74.0,-0.003754987092231876,0.01736681530157247
20210208,WR,4320.0,wr2103,4200.0,wr2105,4708.0,2103,2105,-120.0,388.0,-0.02777777777777779,0.08981481481481479
20210208,HC,4475.0,hc2103,4612.0,hc2105,4546.0,2103,2105,137.0,71.0,0.030614525139664783,0.015865921787709514
20210208,FU,4087.5,fu2103,2283.0,fu2105,2287.0,2103,2105,-1804.5,-1800.5,-0.4414678899082569,-0.4404892966360856
20210208,BU,2590.0,bu2103,2930.0,bu2106,2884.0,2103,2106,340.0,294.0,0.13127413127413123,0.11351351351351346
20210208,RU,14025.0,ru2103,14685.0,ru2105,14765.0,2103,2105,660.0,740.0,0.04705882352941182,0.05276292335115862
20210208,SP,6537.5,sp2103,6702.0,sp2105,6626.0,2103,2105,164.5,88.5,0.02516252390057372,0.01353728489483741
20210208,SS,15400.0,ss2103,14390.0,ss2104,14460.0,2103,2104,-1010.0,-940.0,-0.06558441558441563,-0.061038961038961004
