日期,指数,4个月均线,6个月均线,12个月均线,预售均价,成交均价,成交均重
2015-01-05,92.88,,,,0.0,13.49,0
2015-01-12,92.82,,,,0.0,13.48,0
2015-01-19,93.29,,,,0.0,13.55,0
2015-01-26,93.48,,,,0.0,13.57,0
2015-02-02,92.12,,,,0.0,13.38,0
2015-02-09,90.84,,,,0.0,13.19,0
2015-02-16,87.31,,,,0.0,12.68,0
2015-02-23,87.19,,,,0.0,12.66,0
2015-03-02,87.18,,,,0.0,12.66,0
2015-03-09,84.73,,,,0.0,12.3,0
2015-03-16,83.13,,,,0.0,12.07,0
2015-03-23,83.15,,,,0.0,12.07,0
2015-03-30,84.25,,,,0.0,12.23,0
2015-04-06,85.51,,,,0.0,12.42,0
2015-04-13,86.27,,,,0.0,12.53,0
2015-04-20,86.84,,,,0.0,12.61,0
2015-04-27,88.84,88.23,,,0.0,12.9,0
2015-05-04,90.12,88.06,,,0.0,13.09,0
2015-05-11,92.04,88.02,,,0.0,13.36,0
2015-05-18,95.57,88.15,,,0.0,13.88,0
2015-05-25,97.02,88.36,,,0.0,14.09,0
2015-06-01,98.79,88.75,,,0.0,14.34,0
2015-06-08,100.49,89.32,,,0.0,14.59,0
2015-06-15,101.94,90.18,,,0.0,14.8,0
2015-06-22,103.47,91.14,,,0.0,15.02,0
2015-06-29,105.18,92.2,91.71,,0.0,15.27,0
2015-07-06,109.3,93.64,92.34,,0.0,15.87,0
2015-07-13,113.9,95.45,93.15,,0.0,16.54,0
2015-07-20,116.81,97.43,94.06,,0.0,16.96,0
2015-07-27,119.69,99.52,95.06,,0.0,17.38,0
2015-08-03,124.29,101.8,96.3,,0.0,18.05,0
2015-08-10,127.58,104.23,97.71,,0.0,18.52,0
2015-08-17,125.66,106.51,99.19,,0.0,18.25,0
2015-08-24,125.57,108.67,100.67,,0.0,18.23,0
2015-08-31,125.21,110.73,102.13,,0.0,18.18,0
2015-09-07,125.86,112.72,103.71,,0.0,18.27,0
2015-09-14,125.33,114.47,105.33,,0.0,18.2,0
2015-09-21,121.6,115.92,106.81,,0.0,17.66,0
2015-09-28,121.42,117.25,108.24,,0.0,17.63,0
2015-10-05,121.42,118.48,109.62,,0.0,17.63,0
2015-10-12,120.79,119.59,110.95,,0.0,17.54,0
2015-10-19,119.02,120.51,112.19,,17.72,17.28,98
2015-10-26,116.44,121.17,113.25,,17.58,16.91,97
2015-11-02,114.7,121.49,114.19,,16.98,16.65,92
2015-11-09,112.66,121.41,114.99,,17.47,16.36,91
2015-11-16,111.86,121.12,115.61,,16.44,16.24,88
2015-11-23,111.84,120.66,116.18,,17.04,16.24,96
2015-11-30,113.79,120.04,116.76,,18.34,16.52,103
2015-12-07,114.91,119.3,117.32,,18.24,16.68,101
2015-12-14,115.98,118.73,117.86,,17.36,16.84,103
2015-12-21,114.52,118.08,118.28,,18.03,16.63,99
2015-12-28,113.78,117.41,118.61,105.16,17.4,16.52,102
2016-01-04,116.67,116.87,118.9,105.62,17.9,16.94,106
2016-01-11,121.03,116.61,119.17,106.16,18.07,17.57,114
2016-01-18,122.93,116.69,119.41,106.73,18.3,17.85,114
2016-01-25,123.09,116.79,119.54,107.3,18.39,17.87,114
2016-02-01,126.62,117.1,119.63,107.96,18.66,18.39,115
2016-02-08,127.62,117.5,119.63,108.67,18.33,18.53,118
2016-02-15,126.89,117.96,119.67,109.43,18.66,18.42,124
2016-02-22,127.25,118.6,119.74,110.2,18.42,18.48,120
2016-02-29,124.99,119.2,119.73,110.93,18.6,18.15,116
2016-03-07,127.86,120.1,119.81,111.76,17.6,18.57,112
2016-03-14,131.37,121.24,120.04,112.69,19.08,19.08,112
2016-03-21,133.81,122.54,120.51,113.66,19.3,19.43,108
2016-03-28,136.95,123.9,121.11,114.67,19.82,19.89,109
2016-04-04,137.69,125.24,121.73,115.68,19.8,19.99,108
2016-04-11,137.56,126.51,122.38,116.66,19.76,19.97,109
2016-04-18,138.23,127.9,123.12,117.65,19.77,20.07,108
2016-04-25,139.39,129.41,124.0,118.62,20.05,20.24,110
2016-05-02,140.72,130.82,125.0,119.6,20.44,20.43,111
2016-05-09,143.5,132.15,126.19,120.59,20.76,20.84,112
2016-05-16,142.95,133.32,127.38,121.5,20.69,20.76,110
2016-05-23,144.26,134.57,128.63,122.41,20.85,20.95,113
2016-05-30,145.76,135.69,129.86,123.31,20.93,21.16,114
2016-06-06,145.28,136.73,131.03,124.17,20.96,21.1,112
2016-06-13,144.82,137.79,132.14,125.0,20.89,21.03,112
2016-06-20,139.47,138.51,133.1,125.69,20.3,20.25,113
2016-06-27,136.88,139.21,133.98,126.3,19.99,19.87,113
2016-07-04,131.11,139.4,134.54,126.72,19.36,19.04,111
2016-07-11,129.17,139.27,134.85,127.01,18.94,18.76,111
2016-07-18,128.72,138.97,135.08,127.24,18.85,18.69,111
2016-07-25,127.3,138.4,135.24,127.39,18.71,18.48,111
2016-08-01,125.25,137.67,135.18,127.41,18.45,18.19,112
2016-08-08,126.43,137.01,135.14,127.38,18.74,18.36,112
2016-08-15,128.71,136.45,135.21,127.44,18.64,18.69,111
2016-08-22,127.96,135.78,135.24,127.49,18.58,18.58,113
2016-08-29,127.46,135.0,135.33,127.53,18.61,18.51,113
2016-09-05,127.82,134.08,135.33,127.57,18.53,18.56,113
2016-09-12,127.44,133.17,135.18,127.61,18.56,18.5,113
2016-09-19,125.98,132.09,134.88,127.69,18.4,18.29,112
2016-09-26,123.31,130.77,134.35,127.73,18.1,17.91,113
2016-10-03,119.37,129.25,133.65,127.69,17.61,17.33,113
2016-10-10,116.75,127.6,132.85,127.61,17.34,16.95,113
2016-10-17,109.97,125.86,131.76,127.44,16.57,15.97,111
2016-10-24,110.56,124.31,130.65,127.33,16.26,16.05,108
2016-10-31,112.18,123.2,129.55,127.28,16.4,16.29,106
2016-11-07,114.17,122.32,128.43,127.31,16.57,16.58,109
2016-11-14,115.07,121.51,127.35,127.37,16.7,16.71,107
2016-11-21,115.48,120.82,126.25,127.44,16.72,16.77,106
2016-11-28,115.9,120.27,125.1,127.48,16.71,16.83,106
2016-12-05,117.31,119.73,124.02,127.52,16.9,17.03,105
2016-12-12,119.04,119.16,123.03,127.58,17.31,17.29,104
2016-12-19,119.64,118.67,122.27,127.68,17.2,17.37,104
2016-12-26,119.0,118.18,121.58,127.78,17.18,17.28,104
2017-01-02,121.23,117.79,121.2,127.87,17.34,17.6,103
2017-01-09,125.71,117.69,121.07,127.96,17.67,18.25,102
2017-01-16,124.53,117.6,120.91,127.99,17.75,18.08,102
2017-01-23,123.55,117.61,120.76,128.0,17.71,17.94,99
2017-01-30,123.04,117.83,120.68,127.93,17.65,17.87,96
2017-02-06,122.68,118.18,120.53,127.84,17.64,17.81,97
2017-02-13,117.15,118.6,120.09,127.65,17.12,17.01,100
2017-02-20,116.25,118.94,119.64,127.44,17.06,16.88,102
2017-02-27,115.78,119.15,119.19,127.26,16.93,16.81,100
2017-03-06,114.39,119.16,118.67,127.0,16.76,16.61,101
2017-03-13,111.84,118.97,118.07,126.63,16.37,16.24,101
2017-03-20,109.17,118.6,117.43,126.15,16.07,15.85,102
2017-03-27,109.97,118.25,116.91,125.63,16.09,15.97,102
2017-04-03,109.95,117.82,116.55,125.1,16.08,15.96,104
2017-04-10,109.17,117.24,116.26,124.55,15.93,15.85,103
2017-04-17,108.25,116.57,116.19,123.98,15.82,15.72,104
2017-04-24,104.8,115.73,115.97,123.31,15.48,15.22,104
2017-05-01,102.07,114.61,115.59,122.57,15.11,14.82,105
2017-05-08,101.45,113.19,115.1,121.76,14.33,14.73,105
2017-05-15,98.41,111.65,114.46,120.91,14.48,14.29,105
2017-05-22,95.81,110.02,113.7,119.97,14.25,13.91,105
2017-05-29,93.47,108.28,112.84,118.97,14.14,13.57,106
2017-06-05,89.18,106.31,111.76,117.89,13.4,12.95,105
2017-06-12,89.91,104.71,110.64,116.83,13.34,13.05,104
2017-06-19,93.4,103.36,109.63,115.95,13.65,13.51,103
2017-06-26,93.38,102.04,108.64,115.11,13.61,13.56,104
2017-07-03,94.54,100.88,107.61,114.41,13.64,13.73,104
2017-07-10,94.92,99.88,106.43,113.75,13.79,13.78,105
2017-07-17,94.96,99.04,105.29,113.1,13.85,13.79,105
2017-07-24,94.5,98.13,104.18,112.47,13.69,13.72,105
2017-07-31,94.02,97.2,103.06,111.87,13.58,13.65,104
2017-08-07,95.64,96.4,102.02,111.28,13.89,13.89,105
2017-08-14,96.99,95.74,101.24,110.67,14.22,14.08,104
2017-08-21,97.64,95.32,100.53,110.08,14.2,14.18,104
2017-08-28,99.22,95.14,99.89,109.54,14.36,14.41,103
2017-09-04,99.47,95.03,99.32,109.0,14.4,14.44,103
2017-09-11,100.15,95.13,98.87,108.47,14.48,14.54,103
2017-09-18,99.28,95.33,98.49,107.96,14.52,14.42,102
2017-09-18,99.28,95.33,98.49,107.96,14.52,14.42,102
2017-09-25,99.37,95.68,98.08,107.5,14.52,14.43,102
2017-10-02,98.54,96.23,97.64,107.1,14.49,14.31,101
2017-10-09,98.21,96.72,97.22,106.74,14.48,14.26,102
2017-10-16,98.27,97.0,96.83,106.51,14.46,14.27,103
2017-10-23,97.85,97.55,96.46,106.02,14.45,14.21,102
2017-10-30,97.93,97.72,96.32,105.71,14.44,14.22,103
2017-11-06,97.72,97.72,96.29,105.37,14.43,14.19,103
2017-11-13,97.97,97.89,96.38,105.04,14.4,14.22,103
2017-11-20,98.28,98.1,96.56,104.7,14.43,14.27,104
2017-11-27,98.49,98.35,96.92,104.34,14.43,14.3,105
2017-12-04,99.75,98.67,97.3,103.96,14.5,14.48,104
2017-12-11,102.37,98.78,97.22,104.21,14.62,14.86,104
2017-12-18,102.88,99.09,97.68,103.92,14.69,14.94,103
2017-12-25,102.92,99.37,98.02,103.61,14.71,14.94,102
2018-01-01,102.82,99.56,98.36,103.31,14.72,14.93,103
2018-01-08,104.04,99.8,98.7,102.99,14.75,15.11,102
2018-01-15,104.67,100.03,99.04,102.6,14.83,15.2,104
2018-01-22,103.71,100.32,99.36,102.21,14.86,15.06,102
2018-01-29,103.01,100.52,99.66,101.83,14.92,14.96,102
2018-02-05,100.33,100.62,99.89,101.41,14.86,14.57,105
2018-02-12,92.72,100.32,99.78,100.86,14.67,13.46,102
2018-02-26,88.52,99.89,99.55,100.03,14.53,12.85,104
2018-03-05,79.13,98.78,98.78,99.33,14.28,11.49,107
2018-03-12,78.38,97.65,97.94,98.66,14.08,11.38,107
2018-03-19,75.57,96.33,96.94,97.97,13.79,10.97,108
2018-03-26,70.41,94.69,95.78,97.24,11.3,10.22,106
2018-04-02,71.26,93.09,94.69,96.51,11.32,10.35,106
2018-04-09,71.82,91.44,93.63,95.79,12.27,10.43,107
2018-04-16,71.19,89.61,92.55,95.07,11.77,10.34,106
2018-04-23,70.6,87.71,91.46,94.36,10.61,10.25,105
2018-04-30,69.86,85.77,90.34,93.7,10.47,10.14,106
2018-05-07,68.94,83.77,89.19,93.08,10.66,10.01,105
2018-05-14,68.84,81.7,88.02,92.46,10.77,10.0,106
2018-05-21,69.46,79.63,86.87,91.92,10.83,10.09,105
2018-05-28,74.03,77.89,85.89,91.51,10.64,10.75,104
2018-06-04,77.66,76.4,85.01,91.21,11.12,11.28,104
2018-06-11,77.96,75.08,84.03,91.0,11.42,11.32,104
2018-06-18,79.26,74.29,83.08,90.79,11.56,11.51,104
2018-06-25,79.06,74.55,82.13,90.52,11.93,11.48,104
2018-07-02,78.75,74.01,81.17,90.25,12.71,11.43,103
2018-07-09,80.46,74.08,80.22,89.98,12.91,11.68,104
2018-07-16,86.07,74.51,79.48,89.82,13.38,12.5,103
2018-07-23,86.09,75.1,78.78,89.65,13.58,12.5,102
2018-07-30,90.62,76.22,78.28,89.58,14.15,13.16,102
2018-08-06,93.25,77.44,78.0,89.56,16.04,13.54,102
2018-08-13,95.69,78.77,78.12,89.56,16.49,13.89,101
2018-08-20,96.14,80.15,78.81,89.55,15.42,13.96,101
2018-08-27,94.32,81.47,79.03,89.48,15.45,13.7,102
2018-09-03,94.46,82.84,79.6,89.39,15.32,13.72,102
2018-09-10,98.66,84.49,80.33,89.38,15.03,14.32,104
2018-09-17,97.83,86.1,81.05,89.33,14.23,14.2,103
2018-09-24,95.63,87.55,81.79,89.07,13.92,13.89,105
2018-10-01,97.19,88.84,82.78,89.03,13.93,14.11,105
2018-10-08,96.21,89.87,83.71,88.99,14.0,13.97,103
2018-10-15,96.08,90.88,84.6,88.94,13.99,13.95,102
2018-10-22,93.16,91.65,85.42,88.85,14.18,13.53,103
2018-10-29,96.57,92.62,86.38,88.82,14.04,14.02,104
2018-11-05,95.1,93.53,87.31,88.77,13.86,13.81,103
2018-11-12,94.12,94.29,88.25,88.7,13.86,13.67,108
2018-11-19,93.38,94.69,89.16,88.61,13.39,13.56,106
2018-11-26,91.84,95.01,89.98,88.49,13.31,13.34,104
2018-12-03,92.86,95.14,90.68,88.38,13.65,13.48,104
2018-12-10,97.28,95.36,91.41,88.33,13.89,14.13,106
2018-12-17,97.7,95.57,92.32,88.41,13.61,14.19,106
2018-12-24,94.55,95.39,92.71,88.08,13.87,13.73,107
2018-12-31,92.6,95.29,93.21,87.88,34.8,13.45,106
2019-01-07,92.71,95.19,93.72,87.69,13.61,13.46,107
2019-01-14,90.67,94.75,94.1,87.43,13.29,13.17,106
2019-01-17,89.06,94.26,94.21,87.13,13.1,12.93,105
2019-01-21,84.79,93.76,93.88,87.09,12.73,12.31,105
2019-01-28,81.23,93.01,93.7,86.66,12.16,11.79,106
2019-02-18,88.29,92.11,93.56,85.99,12.62,12.82,105
2019-02-25,86.94,91.75,93.2,86.0,12.73,12.62,105
2019-03-04,85.66,91.1,92.8,85.95,12.56,12.44,106
2019-03-11,97.07,91.22,92.74,86.29,13.24,14.09,104
2019-03-18,106.27,91.94,93.08,86.83,14.47,15.43,107
2019-03-25,109.07,92.86,93.62,87.48,14.83,15.84,107
2019-04-01,107.67,93.79,94.04,88.19,15.24,15.63,105
2019-04-08,107.98,94.68,94.51,88.9,15.15,15.68,104
2019-04-15,105.93,95.19,94.9,89.55,15.25,15.38,107
2019-04-22,104.25,95.57,95.34,90.19,15.08,15.14,111
2019-04-29,105.66,96.23,95.71,90.86,15.32,15.34,109
2019-05-06,105.92,97.01,96.14,91.56,15.33,15.38,105
2019-05-13,106.56,97.82,96.64,92.28,15.31,15.47,106
2019-05-20,104.87,99.26,97.1,92.97,15.26,15.23,106
2019-05-27,105.43,100.55,97.64,93.67,15.22,15.31,107
2019-06-03,107.08,102.17,98.21,94.3,15.2,15.55,107
2019-06-10,111.75,102.73,98.79,94.96,15.29,16.23,107
2019-06-17,111.92,103.24,99.36,95.61,15.46,16.25,107
2019-06-24,117.39,104.86,100.27,96.34,15.92,17.04,109
2019-07-01,120.4,106.72,101.38,97.14,16.2,17.48,108
2019-07-08,115.32,108.36,102.29,97.84,16.26,16.75,110
2019-07-15,125.23,109.93,103.67,98.7,16.78,18.18,110
2019-07-22,131.28,111.32,106.22,99.57,16.99,19.06,108
2019-07-29,133.44,112.67,108.39,100.48,17.06,19.38,108
2019-08-05,138.54,114.39,109.6,101.4,17.15,20.12,108
2019-08-12,149.86,116.71,111.15,102.49,17.68,21.76,109
2019-08-12,149.86,116.71,111.15,102.49,17.68,21.76,109
2019-08-19,168.55,121.75,115.55,104.76,19.03,24.47,107
2019-08-26,180.21,125.75,119.01,106.35,20.64,26.17,107
2019-09-02,192.35,130.31,121.63,108.2,23.14,27.93,111
2019-09-09,197.77,135.15,125.63,110.15,23.42,28.72,114
2019-09-16,202.14,140.18,129.38,112.1,23.91,29.35,112
2019-09-23,206.57,145.53,132.96,114.15,24.83,29.99,109
2019-09-30,202.85,150.66,136.31,116.17,25.18,29.45,104
2019-10-14,241.72,160.3,142.33,119.34,26.03,35.1,111
2019-10-21,258.81,168.46,147.99,122.47,26.28,37.58,109
2019-10-28,280.92,177.55,154.53,126.08,26.97,40.79,105
2019-11-04,285.79,186.73,161.2,129.72,27.6,41.5,102
2019-11-11,276.34,195.68,167.52,133.2,26.99,40.13,107
2019-11-18,245.68,202.37,172.67,136.12,26.6,35.67,112
2019-11-25,227.89,207.74,177.23,138.7,32.07,33.09,113
2019-12-02,231.71,213.2,181.9,141.39,33.47,33.64,108
2019-12-09,242.63,218.98,186.92,144.27,33.94,35.23,109
2019-12-16,237.78,228.22,191.59,146.97,34.91,34.53,108
2019-12-23,235.61,232.16,196.17,149.63,34.26,34.21,113
2019-12-30,236.56,235.48,200.59,152.36,33.87,34.35,109
2020-01-06,245.72,238.62,205.23,155.3,34.07,35.68,105
2020-01-13,252.09,241.81,210.29,158.37,34.61,36.6,106
2020-01-20,253.25,244.82,215.03,162.91,34.69,36.77,113
2020-02-10,259.56,250.75,226.49,168.04,34.7,37.69,115
2020-02-17,269.62,252.5,234.67,170.03,34.68,39.15,115
2020-02-24,269.69,253.18,238.89,173.59,35.48,39.16,108
2020-03-02,258.8,251.8,244.33,176.96,35.71,37.58,118
2020-03-09,253.59,249.78,246.75,180.25,35.84,36.82,114
2020-03-16,251.99,248.26,248.92,183.29,35.77,36.59,117
2020-03-23,250.29,248.55,250.82,186.12,36.01,36.34,110
2020-03-30,241.91,249.43,252.52,188.72,35.92,35.13,120
2020-04-06,235.45,249.66,251.81,191.23,35.85,34.19,118
2020-04-13,236.61,249.28,251.2,193.75,35.69,34.36,113
2020-04-20,236.2,249.18,250.98,196.3,35.64,34.3,116
2020-04-27,224.21,248.47,249.6,198.65,35.47,32.56,121
2020-05-04,223.68,247.67,245.7,200.97,35.43,32.48,126
2020-05-11,218.38,245.96,243.29,203.17,35.63,31.71,122
2020-05-18,192.87,241.88,240.84,204.75,35.6,28.01,125
2020-05-25,195.31,238.64,239.73,206.64,35.38,28.36,118
2020-06-01,205.75,236.7,238.37,208.61,34.09,29.88,124
2020-06-08,215.88,235.54,237.74,210.74,33.09,31.35,117
2020-06-15,224.62,233.6,237.02,212.95,33.14,32.62,119
2020-06-22,238.65,231.88,237.05,215.44,33.42,34.65,116
2020-06-29,242.94,230.4,237.34,217.9,34.08,35.28,123
2020-07-06,252.42,230.04,237.66,220.49,34.35,36.65,118
2020-07-13,264.41,230.64,238.17,223.41,34.55,38.39,129
2020-07-20,261.26,231.16,238.5,226.08,34.64,37.93,115
2020-07-27,258.65,231.62,239.31,228.58,34.6,37.56,110
2020-08-03,261.01,232.68,240.14,231.08,34.46,37.9,119
2020-08-10,263.05,234.22,240.28,233.52,34.55,38.2,118
2020-08-17,256.14,235.3,239.76,237.32,34.51,37.19,116
2020-08-24,258.09,236.52,239.31,239.11,34.36,37.48,104
2020-08-31,255.96,238.28,239.93,240.62,34.37,37.17,116
2020-09-07,255.2,240.03,239.8,241.88,34.51,37.06,118
2020-09-14,250.71,241.83,239.69,242.94,34.9,36.4,118
2020-09-21,243.0,244.61,239.36,243.76,34.7,35.28,114
2020-09-28,232.21,246.66,238.69,244.27,34.49,33.72,113
2020-10-12,218.87,249.25,237.93,244.59,34.24,31.78,113
2020-10-19,206.97,248.21,236.79,243.89,33.81,30.05,124
2020-10-26,205.33,246.25,235.6,242.83,33.77,29.81,118
2020-11-02,199.0,243.66,234.63,241.19,34.02,28.89,119
2020-11-09,204.5,240.84,233.89,239.56,34.09,29.69,113
2020-11-16,203.16,237.24,233.31,238.1,33.54,29.5,114
2020-11-23,203.62,233.85,233.72,237.26,33.51,29.57,110
2020-11-30,211.04,231.05,234.32,236.92,33.61,30.64,117
2020-12-07,227.81,229.1,235.17,236.84,33.87,33.08,115
2020-12-14,229.26,227.11,235.69,236.57,33.92,33.29,118
2020-12-21,235.53,225.9,236.11,236.53,33.92,34.2,121
2020-12-28,238.51,224.75,236.1,236.59,34.13,34.63,128
2021-01-04,248.24,224.29,236.31,236.82,34.22,36.04,151
2021-01-11,250.93,224.04,236.25,236.92,34.34,36.43,115
2021-01-18,250.17,224.01,235.7,236.89,34.28,36.32,111
2021-01-25,244.35,224.09,235.05,236.71,34.26,35.48,103
2021-02-01,234.8,224.24,234.13,236.67,34.22,34.09,113
2021-02-08,215.07,223.73,232.37,236.26,34.03,31.23,113
2021-03-01,193.74,224.36,226.17,233.6,33.8,28.13,129
2021-03-08,202.59,224.58,223.89,232.48,33.63,29.42,131
2021-03-15,196.2,224.06,221.52,231.33,33.67,28.49,139
2021-03-22,191.56,223.34,219.28,230.12,33.73,27.81,110
2021-03-29,182.93,222.05,217.14,228.78,33.71,26.56,140
2021-04-05,173.9,219.72,215.34,227.41,33.26,25.25,115
2021-04-12,152.51,215.02,212.57,225.76,33.04,22.15,126
2021-04-19,162.86,210.87,210.73,224.28,32.96,23.65,116
2021-04-26,161.07,206.21,208.89,222.78,32.41,23.39,128
2021-05-03,153.78,200.92,207.01,221.37,31.62,22.33,123
2021-05-10,143.62,194.38,204.47,219.77,31.51,20.85,127
2021-05-17,129.34,186.78,201.39,217.99,31.19,18.78,146
2021-05-24,127.06,179.09,198.2,216.67,30.76,18.45,146
2021-05-31,122.92,171.5,194.53,215.22,30.62,17.85,150
2021-06-07,111.24,163.77,189.67,213.33,30.23,16.15,148
2021-06-14,103.35,156.79,184.43,211.08,29.72,15.01,149
2021-06-21,92.73,153.02,178.48,208.45,15.26,13.46,133
2021-06-28,94.42,148.95,171.86,205.27,27.49,13.71,155
2021-07-05,111.42,145.19,166.77,202.93,27.65,16.18,139
2021-07-12,110.32,140.07,160.91,200.09,27.78,16.02,150
2021-07-19,106.95,135.11,154.95,196.94,28.21,15.53,126
2021-07-26,108.77,130.51,149.3,193.89,27.63,15.79,126
2021-08-02,106.43,126.26,143.95,190.84,27.23,15.45,130
2021-08-09,105.62,122.47,139.39,187.74,26.85,15.34,129
2021-08-16,104.21,119.78,137.98,184.56,26.94,15.13,138
2021-08-23,102.31,116.42,136.61,181.48,26.65,14.86,146
2021-09-06,96.37,110.42,132.86,176.66,26.6,13.99,118
2021-09-13,91.42,107.35,128.59,173.32,26.88,13.27,120
2021-09-20,86.14,104.8,124.36,169.96,13.42,12.51,118
2021-09-27,79.9,102.03,120.06,166.63,26.07,11.6,133
2021-10-18,84.52,98.77,112.37,162.47,15.93,12.27,126
2021-10-25,101.39,99.35,109.8,160.27,15.87,14.72,143
2021-11-01,113.02,100.59,107.8,158.35,15.55,16.41,153
2021-11-08,115.32,100.85,106.2,156.6,16.46,16.75,137
2021-11-15,121.49,101.59,105.28,154.87,18.43,17.64,124
2021-11-22,124.44,102.76,105.07,153.23,18.85,18.07,148
2021-11-29,127.9,104.03,105.11,151.66,19.04,18.57,136
2021-12-06,125.33,105.29,105.21,149.87,19.22,18.2,140
2021-12-13,118.77,106.17,105.52,147.6,18.99,17.25,137
2021-12-20,112.82,106.74,105.92,145.17,18.11,16.38,128
2021-12-27,111.06,107.33,106.68,142.58,18.03,16.13,128
2022-01-03,112.13,107.63,107.42,139.95,17.96,16.28,120
2022-01-10,105.44,108.19,107.17,136.97,17.77,15.31,116
2022-01-17,97.88,108.6,106.65,133.78,16.87,14.21,114
2022-01-24,98.46,109.37,106.3,130.62,16.55,14.3,114
2022-02-14,90.47,110.03,105.49,123.18,16.01,13.14,116
2022-02-21,85.72,110.1,104.65,122.38,15.21,12.45,115
2022-02-28,86.81,109.19,103.95,121.64,15.15,12.61,110
2022-03-07,86.86,107.56,103.51,119.41,15.14,12.61,114
2022-03-14,84.18,105.61,103.18,116.95,15.09,12.22,116
2022-03-21,81.9,103.14,102.99,114.56,14.98,11.89,114
2022-03-28,83.95,100.61,103.18,112.32,14.87,12.19,115
2022-04-04,86.36,98.01,102.44,110.31,14.87,12.54,115
2022-04-11,86.33,95.57,101.77,108.49,14.89,12.53,113
2022-04-18,87.11,93.59,101.88,107.12,14.9,12.65,113
2022-04-25,98.81,92.72,101.77,105.79,15.77,14.35,111
2022-05-02,102.47,92.18,101.33,104.57,16.49,14.88,113
2022-05-09,103.04,91.61,100.82,103.51,16.54,14.96,110
2022-05-16,106.37,91.67,100.19,102.73,16.63,15.45,111
2022-05-23,109.44,92.39,99.57,102.32,15.77,15.89,111
2022-05-30,109.94,93.11,98.82,101.96,15.9,15.96,111
2022-06-06,109.84,94.09,98.17,101.69,15.96,15.95,111
2022-06-13,109.97,94.98,97.81,101.66,15.96,15.97,112
2022-06-20,113.26,96.24,97.83,101.87,16.4,16.44,112
2022-06-27,119.71,98.13,98.19,102.43,17.17,17.38,110
2022-07-04,138.15,100.98,99.27,103.34,19.13,20.06,109
2022-07-11,158.42,104.96,101.48,104.32,21.88,23.0,108
2022-07-18,157.24,109.02,103.95,105.3,22.26,22.83,113
2022-07-25,155.38,113.1,106.32,106.31,22.16,22.56,111
2022-08-01,148.25,116.67,108.0,107.13,21.42,21.53,111
2022-08-08,151.2,120.27,109.66,108.07,21.12,21.95,114
2022-08-15,148.92,123.75,111.91,108.97,20.69,21.62,101
2022-08-22,150.0,127.25,114.38,109.92,20.57,21.78,114
2022-08-29,155.27,130.38,117.01,111.02,20.64,22.55,111
2022-09-05,162.48,133.72,118.7,112.07,21.93,23.59,108
2022-09-12,162.74,137.03,121.51,113.43,22.7,23.63,109
2022-09-19,164.55,140.26,124.49,114.92,22.79,23.89,108
2022-09-26,167.86,143.51,127.67,116.59,23.08,24.37,114
2022-10-03,169.15,146.55,130.66,118.32,23.44,24.56,111
2022-10-10,178.27,150.6,134.23,119.61,24.44,25.89,114
2022-10-17,189.27,155.01,138.04,120.97,26.22,27.48,110
2022-10-24,193.57,159.47,141.98,123.11,27.4,28.11,110
2022-10-31,185.18,163.11,145.18,124.75,27.12,26.89,110
2022-11-07,180.98,165.49,148.09,126.09,26.35,26.28,119
2022-11-14,170.49,166.16,150.59,127.17,25.37,24.76,120
2022-11-21,167.77,166.74,152.86,128.08,24.62,24.36,116
2022-11-28,157.23,166.84,154.63,128.72,23.56,22.83,115
2022-12-05,155.24,167.23,156.31,129.26,22.57,22.54,111
2022-12-12,148.73,167.09,157.75,129.71,22.48,21.6,111
2022-12-19,128.08,165.94,158.42,129.9,20.48,18.6,110
2022-12-26,112.03,163.83,158.38,129.88,19.68,16.27,109
2023-01-02,119.3,161.83,158.36,130.04,20.6,17.32,106
2023-01-09,105.46,158.66,157.15,129.91,19.14,15.31,109
2023-01-16,98.38,155.09,154.93,129.77,18.63,14.28,104
2023-01-16,98.38,155.09,154.93,129.77,18.63,14.28,104
2023-02-06,96.32,146.16,150.65,129.74,19.2,13.99,111
2023-02-13,98.73,141.48,148.63,129.15,18.59,14.33,109
2023-02-20,103.34,136.42,146.88,129.39,15.77,15.0,112
2023-02-27,108.51,131.42,145.28,129.83,16.26,15.76,105
2023-03-06,109.38,126.96,142.76,130.27,16.42,15.88,107
2023-03-13,107.84,122.66,140.56,130.67,16.34,15.66,110
2023-03-20,104.51,118.78,138.16,131.06,16.24,15.17,112
2023-03-27,104.63,115.06,135.63,131.5,16.07,15.19,110
2023-04-03,102.11,111.82,132.95,131.85,16.03,14.83,109
2023-04-10,100.5,108.6,129.84,132.12,16.0,14.59,108
2023-04-17,97.88,105.61,126.18,132.34,15.91,14.21,107
2023-04-24,98.68,103.88,122.39,132.56,15.9,14.33,106
2023-05-01,101.72,102.2,118.32,132.27,16.02,14.17,107
2023-05-08,99.83,102.13,115.8,132.57,15.92,14.5,107
2023-05-15,99.06,101.75,112.95,132.49,15.57,14.38,105
2023-05-22,97.83,101.93,110.15,132.33,15.55,14.2,105
2023-05-29,99.13,101.76,107.82,132.13,15.47,14.39,106
2023-06-05,98.93,101.61,105.57,131.92,15.48,14.36,108
2023-06-12,98.84,101.75,103.58,131.71,15.47,14.35,108
2023-06-19,99.23,101.78,102.42,131.5,15.48,14.41,110
2023-06-26,97.96,101.48,101.86,131.2,15.4,14.22,105
2023-07-03,95.27,100.74,100.9,130.73,15.53,13.83,105
2023-07-10,97.36,100.07,100.57,129.95,16.04,14.14,104
2023-07-17,96.67,99.45,100.59,128.76,19.93,14.04,105
2023-07-24,97.46,99.06,100.47,127.61,16.15,14.15,106
2023-07-31,105.44,99.11,100.66,126.65,16.23,15.31,107
2023-08-07,118.84,100.04,101.53,126.09,16.85,17.26,106
2023-08-14,119.05,101.07,102.31,125.47,16.93,17.29,111
2023-08-21,118.16,102.19,102.88,124.88,16.62,17.16,112
2023-08-28,118.01,103.27,103.24,124.26,16.93,17.14,114
2023-09-04,117.83,104.16,103.78,123.54,16.99,17.11,110
2023-09-11,115.18,105.01,104.0,122.63,16.83,16.72,112
2023-09-18,114.45,105.87,104.24,121.7,16.71,16.62,110
2023-09-25,111.88,106.65,104.52,120.69,16.89,16.25,110
2023-10-16,106.4,108.07,104.84,117.34,16.49,15.45,113
2023-10-23,106.78,108.55,105.2,115.69,16.5,15.5,115
2023-10-30,102.03,108.8,105.33,113.86,16.45,14.82,113
2023-11-06,101.76,109.21,105.34,112.19,16.43,14.78,115
2023-11-13,101.14,109.44,105.39,110.6,16.46,14.69,114
2023-11-20,101.21,109.73,105.47,109.21,16.28,14.7,114
2023-11-27,101.83,110.0,105.63,107.89,16.07,14.79,113
2023-12-04,99.56,109.63,105.65,106.74,16.04,14.46,114
2023-12-11,96.68,108.25,105.56,105.57,15.97,14.04,112
2023-12-18,100.11,107.06,105.61,104.59,16.01,14.54,114
2023-12-25,100.58,105.96,105.67,104.04,15.86,14.6,115
2024-01-01,99.2,104.79,105.72,103.79,15.95,14.4,111
2024-01-08,96.67,103.47,105.77,103.33,16.05,14.04,115
2024-01-15,93.71,102.12,105.63,103.1,15.93,13.61,120
2024-01-22,95.77,100.96,105.59,103.14,15.87,13.91,117
2024-01-29,101.66,100.32,105.76,103.11,16.02,14.76,117
2024-02-05,107.08,100.72,105.82,103.19,16.06,15.55,116
2024-02-26,95.14,99.63,103.68,103.25,15.64,13.81,122
2024-03-04,96.85,99.31,102.08,103.02,15.6,14.06,120
2024-03-11,98.45,99.1,101.32,102.79,15.69,14.3,122
2024-03-18,100.62,99.07,100.69,102.65,15.76,14.61,125
2024-03-25,103.66,99.22,100.31,102.63,15.86,15.05,122
2024-04-01,105.25,99.43,100.53,104.22,15.89,15.28,122
2024-04-08,104.93,99.41,100.51,102.65,15.89,15.24,125
2024-04-15,105.43,100.32,100.9,102.8,15.8,15.31,120
2024-04-22,104.15,100.57,100.81,102.93,15.86,15.12,125
2024-04-29,103.54,100.76,100.68,103.03,15.81,15.03,127
2024-05-13,104.06,101.35,100.7,103.14,15.85,15.11,129
2024-05-20,106.04,102.18,100.91,103.29,16.11,15.4,124
2024-05-27,111.81,103.24,101.35,103.58,16.48,16.24,128
2024-06-03,119.86,104.46,102.12,104.01,17.78,17.4,126
2024-06-10,127.91,105.85,103.3,104.61,19.03,18.57,127
2024-06-17,129.27,107.31,104.66,105.25,20.76,18.77,128
2024-06-24,125.54,108.38,105.72,105.8,19.4,18.23,130
2024-07-01,121.51,109.93,106.91,106.29,18.92,17.64,130
2024-07-08,126.15,111.66,108.19,106.93,18.89,18.32,128
2024-07-15,129.48,113.48,109.75,107.6,19.07,18.8,127
2024-07-22,131.79,115.32,111.31,108.33,19.4,19.14,130
2024-07-29,132.84,117.03,112.67,109.07,19.67,19.29,129
2024-08-05,137.01,118.9,113.97,109.73,21.04,19.89,128
2024-08-12,143.56,121.17,115.2,110.24,21.51,20.85,131
2024-08-19,144.84,123.49,116.39,110.78,21.52,21.03,130
2024-08-26,139.87,125.59,118.18,111.23,21.34,20.31,128
2024-09-02,135.33,127.46,118.84,111.59,20.88,19.65,131
2024-09-09,137.88,128.04,120.41,112.01,20.69,20.02,130
2024-09-16,135.04,129.76,121.82,112.42,20.66,19.61,131
2024-09-23,129.69,131.08,122.94,112.74,20.19,18.83,132
2024-09-30,124.61,131.79,123.75,113.01,19.22,18.09,128
2024-10-14,124.67,132.3,125.28,113.24,18.83,18.1,128
2024-10-21,123.03,131.93,125.98,113.58,18.66,17.86,131
2024-10-28,121.66,131.7,126.68,113.89,18.49,17.67,129
2024-11-04,119.65,131.59,127.32,114.25,18.41,17.37,129
2024-11-11,116.77,131.04,126.92,114.55,18.15,16.95,127
2024-11-18,113.26,130.09,127.27,114.8,17.8,16.44,134
2024-11-25,112.43,128.95,127.52,115.03,17.29,16.32,130
2024-12-02,114.55,127.87,127.62,115.29,17.1,16.63,125
2024-12-09,110.76,126.33,127.27,115.52,16.8,16.08,143
2024-12-16,110.43,124.38,126.6,115.8,16.56,16.03,139
2024-12-23,108.21,122.23,125.79,115.96,16.48,15.71,124
2024-12-30,108.73,120.39,125.14,116.13,16.28,15.79,122
2025-01-06,111.76,119.01,124.77,116.39,16.32,16.23,119
2025-01-13,111.76,112.96,121.27,115.13,16.32,16.23,119
2025-01-20,107.72,115.86,123.38,116.98,16.26,15.64,118
2025-01-27,106.92,114.52,122.42,117.21,16.12,15.53,110
2025-02-10,104.87,113.36,120.72,117.49,15.94,15.23,120
2025-02-17,101.12,111.98,119.02,117.15,15.45,14.68,119
2025-02-24,103.02,110.8,117.35,116.87,15.52,14.96,124
2025-03-03,101.68,109.63,115.01,117.0,15.54,14.76,124
2025-03-10,101.46,108.56,113.49,117.09,15.54,14.73,126
2025-03-17,101.83,107.68,112.11,117.16,15.54,14.79,128
2025-03-24,101.85,107.01,110.95,117.18,15.54,14.79,127
2025-03-31,101.43,106.36,109.98,117.14,15.54,14.73,129
2025-04-07,101.64,105.6,109.65,117.07,15.54,14.76,131
2025-04-14,101.57,105.06,108.72,117.0,15.54,14.75,130
2025-04-21,103.39,104.64,107.94,116.96,15.54,15.01,133
2025-04-28,103.42,104.36,107.21,116.94,15.54,15.02,134
2025-05-12,102.58,103.52,106.1,116.93,15.54,14.9,132
2025-05-19,101.6,102.88,105.61,116.88,15.54,14.75,132
2025-05-26,99.72,102.38,105.08,116.75,15.54,14.48,132
2025-06-03,100.21,101.95,104.48,116.45,15.54,14.55,139
2025-06-09,98.19,101.74,103.96,116.08,15.54,14.26,146
2025-06-16,97.38,101.3,103.42,115.47,15.54,14.14,127
2025-06-23,98.94,101.17,103.03,114.87,15.54,14.37,128
2025-06-30,101.44,101.08,102.73,114.39,14.74,14.73,129
2025-07-07,105.96,101.33,102.49,114.07,14.59,15.39,129
2025-07-14,103.2,101.43,102.13,113.62,14.58,14.99,129
2025-07-21,100.01,101.33,101.81,113.03,14.59,14.52,127
2025-07-28,98.72,101.14,101.47,112.36,14.53,14.33,124
2025-08-04,97.56,100.91,101.31,111.66,14.55,14.17,137
2025-08-11,96.0,100.58,100.96,110.84,14.55,13.94,125
2025-08-18,95.44,100.22,100.73,109.88,14.34,13.86,127
2025-08-25,95.51,99.76,100.43,108.89,14.38,13.87,130
2025-09-01,94.69,99.24,100.21,107.99,14.29,13.75,124
2025-09-08,96.04,99.07,99.99,107.2,14.16,13.95,129
2025-09-15,92.35,98.5,99.64,106.29,13.84,13.41,128
2025-09-22,88.96,97.8,99.15,105.37,13.56,12.92,128
2025-09-29,86.39,97.06,98.55,104.5,13.25,12.54,129
2025-10-13,78.14,95.69,97.5,103.57,12.76,11.35,133
2025-10-20,76.14,94.44,96.48,102.6,11.92,11.05,127
2025-10-27,80.56,93.36,95.57,101.75,11.96,11.7,130
2025-11-03,85.69,92.43,94.86,101.03,12.22,12.44,130
2025-11-10,81.88,91.02,94.36,100.28,12.21,11.89,130
2025-11-17,80.85,89.7,93.52,99.56,12.14,11.74,131
2025-11-24,79.87,88.52,92.69,98.89,12.17,11.6,120
2025-12-01,77.94,87.29,91.85,98.2,12.02,11.32,124
2025-12-08,77.85,86.14,90.99,97.47,11.93,11.3,123
2025-12-15,79.1,85.14,90.25,96.83,12.03,11.48,123
2025-12-22,80.62,84.27,89.61,96.24,12.04,11.71,125
2025-12-29,81.15,83.42,88.93,95.7,12.03,11.78,119
2026-01-05,86.56,82.99,88.38,95.27,12.23,12.68,119
2026-01-12,87.06,82.42,87.63,94.76,12.31,12.64,124
2026-01-19,88.78,82.21,87.07,94.3,12.44,12.89,121
2026-01-26,90.36,82.29,86.7,93.95,12.86,13.12,123
2026-02-02,86.51,82.3,86.23,93.54,12.74,12.56,122
2026-02-09,83.83,82.38,85.7,93.35,12.5,12.17,121
2026-03-02,75.33,82.71,83.56,92.4,25.83,10.94,127
2026-03-09,71.9,81.85,82.51,91.79,11.3,10.44,127
2026-03-16,70.04,81.11,81.54,91.15,10.95,10.17,126
2026-03-23,69.02,80.37,80.68,90.48,10.67,10.02,125
2026-03-30,65.48,79.47,79.77,89.73,10.47,9.51,125
2026-04-07,63.63,78.58,79.1,88.7,10.3,9.24,127
2026-04-13,61.14,77.53,78.39,88.14,10.01,8.88,126
2026-04-20,62.01,76.46,77.8,87.33,9.8,9.0,125
2026-04-27,68.1,75.68,77.28,86.61,9.97,9.89,123
2026-05-11,67.43,74.04,76.29,85.87,9.99,9.79,127
2026-05-25,66.45,71.18,75.08,84.42,10.0,9.65,123
2026-05-25,66.45,71.18,75.08,84.42,10.0,9.65,123
2026-06-01,66.32,69.58,74.57,83.74,9.98,9.63,119
2026-06-08,66.2,68.22,74.06,83.04,9.97,9.61,125
2026-06-15,65.66,67.01,73.48,82.38,9.97,9.53,141
2026-06-23,66.25,66.96,72.85,81.39,9.94,9.62,158
2026-06-29,65.18,66.86,72.16,81.06,9.97,9.46,153
2026-07-06,71.87,66.65,71.52,80.45,10.36,10.44,124
2026-07-13,78.03,67.02,71.13,79.88,11.29,11.33,129
2026-07-20,75.76,67.35,70.56,79.32,11.39,11.0,151
2026-07-27,72.9,67.58,69.8,78.77,11.27,10.58,147
2026-08-03,71.55,67.94,69.15,78.21,11.06,10.39,126
2026-08-10,72.67,68.47,68.67,77.71,11.01,10.55,125
2026-08-17,75.52,69.31,68.95,77.29,11.09,10.96,126
2026-08-24,77.18,70.21,69.28,76.92,11.21,11.21,124
2026-08-31,75.51,70.64,69.52,76.51,11.25,10.96,126
2026-09-07,76.87,70.99,69.58,76.14,11.8,11.16,121
2026-09-14,75.69,71.45,69.73,75.73,11.21,10.99,127
2026-09-21,74.71,71.62,69.91,75.37,11.21,10.85,128
