月份,当月,当月同比增长,累计
2026年08月份,103.8,3.8,102.0
2026年07月份,103.5,3.5,101.8
2026年06月份,104.1,4.1,101.5
2026年05月份,103.9,3.9,101.0
2026年04月份,102.8,2.8,100.2
2026年03月份,100.5,0.5,99.4
2026年02月份,99.1,-0.9,98.8
2026年01月份,98.6,-1.4,98.6
2025年12月份,98.1,-1.9,97.4
2025年11月份,97.8,-2.2,97.3
2025年10月份,97.9,-2.1,97.3
2025年09月份,97.7,-2.3,97.2
2025年08月份,97.1,-2.9,97.1
2025年07月份,96.4,-3.6,97.1
2025年06月份,96.4,-3.6,97.2
2025年05月份,96.7,-3.3,97.4
2025年04月份,97.3,-2.7,97.6
2025年03月份,97.5,-2.5,97.7
2025年02月份,97.8,-2.2,97.8
2025年01月份,97.7,-2.3,97.7
2024年12月份,97.7,-2.3,97.8
2024年11月份,97.5,-2.5,97.9
2024年10月份,97.1,-2.9,97.8931
2024年09月份,97.2,-2.8,98.0
2024年08月份,98.2,-1.8,98.1
2024年07月份,99.2,-0.8,98.0
2024年06月份,99.2,-0.8,97.9
2024年05月份,98.6,-1.4,97.6
2024年04月份,97.5,-2.5,97.3
2024年03月份,97.2,-2.8,97.3
2024年02月份,97.3,-2.7,97.4
2024年01月份,97.5,-2.5,97.5
2023年12月份,97.3,-2.7,97.0
2023年11月份,97.0,-3.0,96.9
2023年10月份,97.4,-2.6,96.9
2023年09月份,97.5,-2.5,96.9
2023年08月份,97.0,-3.0,96.8
2023年07月份,95.6,-4.4,96.8
2023年06月份,94.6,-5.4,96.9
2023年05月份,95.4,-4.6,97.4
2023年04月份,96.4,-3.6,97.9
2023年03月份,97.5,-2.5,98.4
2023年02月份,98.6,-1.4,98.9
2023年01月份,99.2,-0.8,99.2
2022年12月份,99.3,-0.7,104.1
2022年11月份,98.7,-1.3,104.6
2022年10月份,98.7,-1.3,105.2
2022年09月份,100.9,0.9,105.9397
2022年08月份,102.3,2.3,106.6
2022年07月份,104.2,4.2,107.2
2022年06月份,106.1,6.1,107.7
2022年05月份,106.4,6.4,108.1
2022年04月份,108.0,8.0,108.5
2022年03月份,108.3,8.3,108.7
2022年02月份,108.8,8.8,108.9
2022年01月份,109.1,9.1,109.1
2021年12月份,110.3,10.3,108.1
2021年11月份,112.9,12.9,107.9
2021年10月份,113.5,13.5,107.3
2021年09月份,110.7,10.7,106.7
2021年08月份,109.5,9.5,106.2
2021年07月份,109.0,9.0,105.7
2021年06月份,108.8,8.8,105.1
2021年05月份,109.0,9.0,104.4
2021年04月份,106.8,6.8,103.3
2021年03月份,104.4,4.4,102.1
2021年02月份,101.7,1.7,101.0
2021年01月份,100.3,0.3,100.3
2020年12月份,99.6,-0.4,98.2
2020年11月份,98.5,-1.5,98.0
2020年10月份,97.9,-2.1,98.0
2020年09月份,97.9,-2.1,98.0
2020年08月份,98.0,-2.0,98.0
2020年07月份,97.6,-2.4,98.0
2020年06月份,97.0,-3.0,98.1
2020年05月份,96.3,-3.7,98.3
2020年04月份,96.9,-3.1,98.8
2020年03月份,98.5,-1.5,99.4
2020年02月份,99.6,-0.4,99.8
2020年01月份,100.1,0.1,100.1
2019年12月份,99.5,-0.5,99.7
2019年11月份,98.6,-1.4,99.7
2019年10月份,98.4,-1.6,99.8
2019年09月份,98.8,-1.2,100.0
2019年08月份,99.2,-0.8,100.1
2019年07月份,99.7,-0.3,100.2
2019年06月份,100.0,0.0,100.3
2019年05月份,100.6,0.6,100.4
2019年04月份,100.9,0.9,100.3
2019年03月份,100.4,0.4,100.2
2019年02月份,100.1,0.1,100.1
2019年01月份,100.1,0.1,100.1
2018年12月份,100.9,0.9,103.5
2018年11月份,102.7,2.7,103.8
2018年10月份,103.3,3.3,103.9
2018年09月份,103.6,3.6,104.0
2018年08月份,104.1,4.1,104.0
2018年07月份,104.6,4.6,104.0
2018年06月份,104.7,4.7,103.9
2018年05月份,104.1,4.1,103.7
2018年04月份,103.4,3.4,103.6
2018年03月份,103.1,3.1,103.7
2018年02月份,103.7,3.7,104.0
2018年01月份,104.3,4.3,104.3
2017年12月份,104.9,4.9,106.3
2017年11月份,105.8,5.8,106.4
2017年10月份,106.9,6.9,106.5
2017年09月份,106.9,6.9,106.5
2017年08月份,106.3,6.3,106.4
2017年07月份,105.5,5.5,106.4
2017年06月份,105.5,5.5,106.6
2017年05月份,105.5,5.5,106.8
2017年04月份,106.4,6.4,107.2
2017年03月份,107.6,7.6,107.4
2017年02月份,107.8,7.8,107.3
2017年01月份,106.9,6.9,106.9
2016年12月份,105.5,5.5,98.6
2016年11月份,103.3,3.3,98.0
2016年10月份,101.2,1.2,97.5
2016年09月份,100.1,0.1,97.1
2016年08月份,99.2,-0.8,96.8
2016年07月份,98.3,-1.7,96.4
2016年06月份,97.4,-2.6,96.1
2016年05月份,97.2,-2.8,95.9
2016年04月份,96.6,-3.4,95.5265
2016年03月份,95.7,-4.3,95.1645
2016年02月份,95.1,-4.9,94.9
2016年01月份,94.7,-5.3,94.7204
2015年12月份,94.1,-5.9,94.8
2015年11月份,94.1,-5.9,94.8
2015年10月份,94.1,-5.9,94.9
2015年09月份,94.1,-5.945,95.0127
2015年08月份,94.1,-5.9227,95.1312
2015年07月份,94.6,-5.3692,95.2808
2015年06月份,95.2,-4.8135,95.3885
2015年05月份,95.4,-4.607,95.4286
2015年04月份,95.4,-4.5725,95.4375
2015年03月份,95.4,-4.5603,95.4408
2015年02月份,95.2,-4.7976,95.4414
2015年01月份,95.7,-4.3202,95.6798
2014年12月份,96.7,-3.3152,98.1124
2014年11月份,97.3,-2.6928,98.2414
2014年10月份,97.8,-2.2428,98.3342
2014年09月份,98.2,-1.7996,98.3979
2014年08月份,98.8,-1.2038,98.4224
2014年07月份,99.1,-0.8688,98.3696
2014年06月份,98.9,-1.1086,98.2445
2014年05月份,98.6,-1.4464,98.117
2014年04月份,98.0,-2.0042,98.0089
2014年03月份,97.7,-2.3022,98.0133
2014年02月份,98.0,-2.0182,98.171
2014年01月份,98.4,-1.6394,98.3606
2013年12月份,98.6443,-1.3557,98.0894
2013年11月份,98.5758,-1.4242,98.0396
2013年10月份,98.4929,-1.5071,97.9866
2013年09月份,98.6561,-1.3439,97.9311
2013年08月份,98.375,-1.625,97.8419
2013年07月份,97.7288,-2.2712,97.767
2013年06月份,97.3035,-2.6965,97.7733
2013年05月份,97.1342,-2.8658,97.8665
2013年04月份,97.3825,-2.6175,98.0494
2013年03月份,98.081,-1.919,98.2726
2013年02月份,98.3746,-1.6254,98.3688
2013年01月份,98.3628,-1.6372,98.3628
2012年12月份,98.0603,-1.9397,98.282
2012年11月份,97.8,-2.1995,98.302
2012年10月份,97.2,-2.7558,98.3518
2012年09月份,96.4,-3.5545,98.4748
2012年08月份,96.5,-3.4784,98.7304
2012年07月份,97.1,-2.8651,99.0486
2012年06月份,97.9,-2.0843,99.3703
2012年05月份,98.6,-1.3981,99.664
2012年04月份,99.3,-0.6984,99.933
2012年03月份,99.7,-0.3171,100.146
2012年02月份,100.0,0.0284,100.38
2012年01月份,100.7,0.7347,100.7347
2011年12月份,101.7,1.6854,106.026
2011年11月份,102.7,2.7179,106.4352
2011年10月份,105.0,5.0038,106.8191
2011年09月份,106.5,6.5227,107.0247
2011年08月份,107.3,7.2528,107.0883
2011年07月份,107.5,7.5417,107.0646
2011年06月份,107.1,7.1209,106.9849
2011年05月份,106.8,6.7851,106.9575
2011年04月份,106.8,6.821,107.0012
2011年03月份,107.3,7.3081,107.0621
2011年02月份,107.2,7.2322,106.9383
2011年01月份,106.6,6.6436,106.6436
2010年12月份,105.9,5.93,105.54
2010年11月份,106.1,6.06,105.51
2010年10月份,105.0,5.04,105.45
2010年09月份,104.3,4.33,105.5
2010年08月份,104.3,4.32,105.64
2010年07月份,104.8,4.84,105.83
2010年06月份,106.4,6.41,106.0
2010年05月份,107.1,7.13,105.9
2010年04月份,106.8,6.81,105.61
2010年03月份,105.9,5.91,105.21
2010年02月份,105.4,5.39,104.86
2010年01月份,104.3,4.32,104.32
2009年12月份,101.7,1.7,94.61
2009年11月份,97.9,-2.08,93.96
2009年10月份,94.2,-5.85,93.57
2009年09月份,93.0,-6.99,93.5
2009年08月份,92.1,-7.86,93.56
2009年07月份,91.8,-8.22,93.76
2009年06月份,92.2,-7.8,94.1
2009年05月份,92.8,-7.2,94.48
2009年04月份,93.4,-6.6,94.9
2009年03月份,94.0,-5.99,95.4
2009年02月份,95.5,-4.47,96.1
2009年01月份,96.7,-3.35,96.65
2008年12月份,98.9,-1.14,106.87
2008年11月份,102.0,1.99,107.6
2008年10月份,106.6,6.59,108.16
2008年09月份,109.1,9.13,108.34
2008年08月份,110.1,10.06,108.2
2008年07月份,110.0,10.03,108.0
2008年06月份,108.8,8.84,107.6
2008年05月份,108.2,8.22,107.4
2008年04月份,108.1,8.12,107.2
2008年03月份,108.0,7.95,106.9
2008年02月份,106.6,6.62,106.4
2008年01月份,106.1,6.07,106.07
2007年12月份,105.4,5.43,103.1
2007年11月份,104.6,4.55,102.9
2007年10月份,103.2,3.21,102.8
2007年09月份,102.7,2.71,102.7
2007年08月份,102.6,2.56,102.7
2007年07月份,102.4,2.39,102.7
2007年06月份,102.5,2.49,102.8
2007年05月份,102.8,2.76,102.8
2007年04月份,102.9,2.87,102.9
2007年03月份,102.7,2.65,102.9
2007年02月份,102.6,2.6,103.0
2007年01月份,103.3,3.3,103.3
2006年12月份,103.1,3.05,103.0
2006年11月份,102.8,2.78,103.0
2006年10月份,103.0,2.9,103.0
2006年09月份,103.5,3.45,103.0
2006年08月份,103.4,3.4,102.9
2006年07月份,103.6,3.58,102.9
2006年06月份,103.5,3.52,102.7
2006年05月份,102.4,2.43,102.57
2006年04月份,101.9,1.87,102.6
2006年03月份,102.5,2.49,102.9
2006年02月份,103.0,3.01,103.0
2006年01月份,103.1,3.05,103.05
