序号,证券代码,证券名称,最新权重,计入日期
1,001201,东瑞股份,0.8023,2021-12-13
2,002124,天邦食品,1.4868,2021-12-13
3,002157,正邦科技,8.4527,2021-12-13
4,002234,民和股份,0.6398,2021-12-13
5,002299,圣农发展,3.0872,2021-12-13
6,002321,华英农业,0.9831,2021-12-13
7,002458,益生股份,2.5697,2021-12-13
8,002714,牧原股份,37.4097,2021-12-13
9,002746,仙坛股份,1.0763,2021-12-13
10,002982,湘佳股份,0.469,2021-12-13
11,300313,天山生物,0.4553,2021-12-13
12,300498,温氏股份,30.9578,2021-12-13
13,300761,立华股份,2.7278,2021-12-13
14,300967,晓鸣股份,0.4461,2021-12-13
15,600965,*ST福成,0.3277,2021-12-13
16,600975,新五丰,1.2881,2021-12-13
17,605296,神农集团,0.7479,2021-12-13
18,301116,益客食品,0.3463,2022-01-18
19,603477,巨星农牧,1.5511,2022-01-25
20,000048,京基智农,1.745,2025-08-13
21,603717,天域生物,0.4557,2025-08-13
22,000735,罗牛山,1.9737,2021-12-13
