代码,日期,收盘,开盘,最高,最低,成交量,成交额
850173,2021-12-13,977.22,983.24,991.09,967.43,0.48850417,8.9171575499
850173,2021-12-14,969.88,975.29,984.76,963.31,0.3932369,7.2090713036
850173,2021-12-15,964.91,970.14,977.2,957.47,0.34015708,6.015093332899999
850173,2021-12-16,960.34,965.93,972.81,950.71,0.33185515,6.1317093385
850173,2021-12-17,950.38,955.51,965.67,946.72,0.34672604,6.3771643329
850173,2021-12-20,947.97,948.33,960.91,939.1,0.41336375,7.2632925661000005
850173,2021-12-21,967.05,948.73,971.09,941.05,0.41726176,7.7218980692
850173,2021-12-22,976.2,965.84,983.08,961.99,0.51484366,9.8156463092
850173,2021-12-23,997.13,973.0,1014.65,971.9,0.83457036,16.0462218971
850173,2021-12-24,999.82,995.27,1008.66,984.21,0.62837106,11.7420271457
850173,2021-12-27,1006.01,1001.81,1020.85,991.98,0.59537993,10.6019939866
850173,2021-12-28,1020.37,1006.21,1029.48,995.85,1.15135354,14.9254226349
850173,2021-12-29,1022.85,1026.34,1046.73,1009.38,0.80489595,12.837309664600001
850173,2021-12-30,1035.73,1040.05,1046.0,1016.09,1.68526515,20.2160525199
850173,2021-12-31,1076.96,1037.74,1088.2,1033.59,1.83233399,25.9572522138
850173,2022-01-04,1078.34,1063.11,1097.7,1051.92,1.77596555,27.262543143400002
850173,2022-01-05,1060.79,1068.21,1094.54,1048.15,1.58553859,23.7782674651
850173,2022-01-06,1056.73,1051.7,1072.38,1034.09,1.06740965,15.7657355127
850173,2022-01-07,1021.12,1059.69,1068.57,1016.36,0.98674392,14.4212533819
850173,2022-01-10,1078.36,1019.63,1084.19,1013.9,1.52520361,23.1180258395
850173,2022-01-11,1047.74,1079.02,1085.85,1038.27,1.20361173,18.2039034597
850173,2022-01-12,1069.9,1046.41,1078.08,1029.89,0.90376928,14.5611768695
850173,2022-01-13,1057.22,1068.15,1097.14,1051.79,1.00412916,16.4648166875
850173,2022-01-14,1043.74,1057.76,1095.51,1037.21,0.9199017,15.9188259424
850173,2022-01-17,1043.24,1042.47,1055.62,1014.86,0.72841513,11.994825860299999
850173,2022-01-18,1013.27,1043.4,1049.6,1001.61,0.91379218,13.881980823
850173,2022-01-19,1013.27,1013.06,1028.71,994.29,0.72476825,10.772175183800002
850173,2022-01-20,1039.84,1017.29,1074.44,1013.5,1.01587673,16.529922531900002
850173,2022-01-21,999.8,1042.98,1052.84,995.4,1.19484256,16.3314701907
850173,2022-01-24,977.13,986.34,999.03,963.11,0.72738449,9.7286216762
850173,2022-01-25,952.94,975.92,996.72,944.03,0.90547218,13.665748130899999
850173,2022-01-26,957.27,953.16,968.79,937.96,0.64782968,9.9169205914
850173,2022-01-27,930.34,957.23,977.89,922.42,0.69555126,11.1529162759
850173,2022-01-28,935.96,940.67,955.13,920.13,0.61710912,10.4682101225
850173,2022-02-07,958.7,942.0,966.02,912.94,0.73705746,11.969097929
850173,2022-02-08,967.02,957.68,980.57,947.81,0.61151254,9.8435585527
850173,2022-02-09,1004.33,969.27,1014.55,961.14,0.98514992,16.276978223900002
850173,2022-02-10,1016.69,1004.52,1035.2,995.02,0.93831045,16.1622961896
850173,2022-02-11,985.89,1015.31,1022.17,981.73,0.72827014,13.0446017886
850173,2022-02-14,963.9,983.84,994.5,955.19,0.52284881,9.1732223295
850173,2022-02-15,955.35,964.12,969.83,941.09,0.45531163,7.9659573965999995
850173,2022-02-16,958.85,956.36,969.27,945.11,0.43562942,7.7114341329
850173,2022-02-17,955.63,955.22,970.22,936.13,0.51755975,9.0657136766
850173,2022-02-18,969.11,951.09,983.67,946.44,0.62493339,10.2161080616
850173,2022-02-21,966.12,965.28,981.01,952.48,0.48414467,8.1845778915
850173,2022-02-22,939.49,961.09,966.68,926.41,0.60033418,8.7401294962
850173,2022-02-23,929.66,948.4,961.58,917.86,0.69237437,11.0330469156
850173,2022-02-24,906.55,924.32,935.69,893.9,0.7696347,11.8627217653
850173,2022-02-25,910.64,911.68,929.17,901.45,0.46170383,7.4142519424
850173,2022-02-28,915.24,913.14,921.82,897.57,0.4096333,6.1826282639
850173,2022-03-01,944.65,918.34,950.21,908.82,0.84696878,13.5200122535
850173,2022-03-02,945.6,940.36,958.78,928.22,0.58688183,10.2923296223
850173,2022-03-04,941.94,932.43,961.12,926.78,0.57201452,9.751403579
850173,2022-03-07,927.58,942.88,951.88,918.94,0.53595332,8.7523706135
850173,2022-03-08,893.41,924.08,932.21,886.58,0.55348021,8.9400084423
850173,2022-03-09,868.57,894.94,908.5,831.93,0.67082453,10.2043533314
850173,2022-03-10,863.98,886.42,894.6,858.98,0.49415475,7.979204038300001
850173,2022-03-11,899.47,854.99,901.57,839.74,0.75814949,13.0073883198
850173,2022-03-14,870.37,898.17,914.91,867.86,0.67659258,12.6522507854
850173,2022-03-15,824.87,865.77,875.32,823.26,0.66595427,11.3474898477
850173,2022-03-16,846.79,838.22,852.6,802.27,0.66968482,10.9093088481
850173,2022-03-17,863.11,854.16,876.55,842.38,0.63454348,11.3584041753
850173,2022-03-18,874.8,861.23,880.04,851.93,0.52063275,8.9462171044
850173,2022-03-21,904.84,890.02,924.11,885.94,0.80244731,14.6064641778
850173,2022-03-22,900.03,903.21,913.1,889.12,0.55012167,9.7861810766
850173,2022-03-24,894.07,896.14,914.42,888.14,0.45395346,8.2252415969
850173,2022-03-25,908.99,897.93,932.92,888.57,0.68852463,12.098776421099998
850173,2022-03-28,896.55,918.87,926.34,886.98,0.61222994,11.02437426
850173,2022-03-29,917.82,897.57,932.38,889.08,0.75751662,14.279221328199998
850173,2022-03-30,925.02,910.53,933.67,900.98,0.5960113,10.951055577
850173,2022-04-01,925.41,925.85,940.83,910.58,0.66294315,11.056499349800001
850173,2022-04-06,976.15,932.16,990.34,925.91,1.43523841,22.951872757600004
850173,2022-04-07,926.53,972.06,987.0,921.6,1.47632101,24.5644800095
850173,2022-04-08,888.4,924.07,932.69,876.55,0.95851607,15.7063559528
850173,2022-04-11,899.97,884.56,929.51,879.43,0.9564649,16.2082347974
850173,2022-04-12,911.07,894.52,916.76,874.77,0.66113594,10.803120221099999
850173,2022-04-13,890.4,909.46,924.14,885.2,0.70278413,11.9649745305
850173,2022-04-15,886.91,889.9,912.21,870.91,0.81284605,13.736621587
850173,2022-04-18,961.76,897.48,969.54,892.78,1.33819438,23.4605029413
850173,2022-04-19,995.38,978.39,1030.99,956.26,2.72323022,43.336851083599996
850173,2022-04-20,986.24,981.41,1012.46,965.61,2.06343917,32.1265470006
850173,2022-04-21,934.89,971.14,998.73,924.45,1.78028743,29.9888191715
850173,2022-04-22,895.95,924.45,938.81,883.25,1.39149724,22.2968117329
850173,2022-04-25,838.28,885.8,906.32,834.9,1.3379501,20.0848606637
850173,2022-04-26,790.68,834.11,844.0,784.83,1.19029402,16.5511438549
850173,2022-04-27,815.79,777.69,819.71,751.15,0.92989753,13.127674581800001
850173,2022-04-28,776.9,800.83,811.15,765.21,0.79103181,11.6660707298
850173,2022-04-29,793.09,779.48,808.16,774.48,0.75553393,11.2284673977
850173,2022-05-06,793.71,792.22,813.67,779.82,0.52543721,7.5636910112999995
850173,2022-05-10,814.52,803.42,819.18,793.06,0.53250542,8.3247246236
850173,2022-05-11,816.27,814.74,829.74,804.33,0.66259139,10.259379408300001
850173,2022-05-12,806.11,813.94,827.72,794.73,0.58877019,8.6938683714
850173,2022-05-13,800.31,807.95,816.29,788.21,0.52152053,7.6043131478
850173,2022-05-16,818.65,806.35,826.09,799.09,0.7189448,11.16088273
850173,2022-05-17,814.1,818.16,823.55,800.96,0.50360655,7.5901306334
850173,2022-05-18,807.15,812.52,819.18,803.02,0.39014574,5.974347558200001
850173,2022-05-19,807.02,796.96,811.14,789.59,0.40983013,6.0191243113
850173,2022-05-20,816.78,805.88,819.18,802.68,0.40842077,6.199544647000001
850173,2022-05-23,829.34,816.13,840.91,811.7,0.66310713,9.890765031599999
850173,2022-05-24,806.86,830.27,842.17,798.26,0.81400735,13.2636977622
850173,2022-05-25,840.31,806.28,854.11,800.17,0.95678015,15.8084652504
850173,2022-05-26,836.41,837.14,846.32,823.95,0.61376849,9.777646389600001
850173,2022-05-27,835.22,835.96,848.84,825.46,0.53131334,8.7040464477
850173,2022-05-30,840.82,841.56,859.42,832.66,0.51645153,8.6875574081
850173,2022-05-31,857.85,839.45,865.98,831.08,0.69850324,11.005636778900001
850173,2022-06-01,855.28,851.77,865.15,841.89,0.55643866,8.874893390499999
850173,2022-06-02,851.62,851.2,862.45,839.61,0.4577819,7.797741092100001
850173,2022-06-06,865.8,852.63,876.4,844.45,0.56766327,8.7292822611
850173,2022-06-07,868.49,869.58,887.62,856.32,0.57123516,9.2766275592
850173,2022-06-08,861.51,866.79,874.49,850.79,0.51324817,7.988597974099999
850173,2022-06-09,867.56,866.57,880.95,852.12,0.66717679,9.9720024966
850173,2022-06-10,869.79,861.9,875.85,850.95,0.65834336,9.2802458778
850173,2022-06-13,885.32,865.21,894.13,861.25,0.74681813,10.978641151800002
850173,2022-06-14,901.5,877.21,915.8,872.49,1.02215716,16.1321396747
850173,2022-06-15,901.98,903.73,918.16,889.21,0.80965438,13.3933361097
850173,2022-06-16,941.61,912.4,969.38,908.64,1.42905042,23.985959512399997
850173,2022-06-17,949.59,932.01,956.11,918.26,0.90859889,15.4760804072
850173,2022-06-20,956.23,955.23,977.55,942.94,0.84721672,14.2761846804
850173,2022-06-21,942.03,956.84,968.67,932.47,0.67501844,11.7140212306
850173,2022-06-22,937.74,941.06,963.62,920.35,0.78599536,14.030233006700001
850173,2022-06-23,941.52,944.04,952.99,925.5,0.50487217,8.7765404889
850173,2022-06-24,950.79,941.55,957.94,932.57,0.63220873,10.231608401799999
850173,2022-06-27,962.46,956.28,976.61,944.75,0.71417825,11.354736358399999
850173,2022-06-28,956.1,963.37,985.02,947.23,0.74352941,12.883286514000002
850173,2022-06-29,917.67,951.03,962.92,914.92,0.7788253,13.067833843099999
850173,2022-06-30,919.48,920.26,929.75,907.38,0.49755687,8.4282154532
850173,2022-07-01,936.24,923.33,955.05,908.32,0.62963868,10.7342393417
850173,2022-07-04,989.78,938.85,996.17,935.85,1.22365402,20.0546501722
850173,2022-07-05,964.07,983.55,990.84,945.84,1.04002846,16.1808348551
850173,2022-07-06,940.64,959.84,971.67,931.82,0.66384507,10.5113479962
850173,2022-07-07,948.07,944.49,969.92,932.41,0.60485355,9.6942501855
850173,2022-07-08,951.36,952.02,967.45,936.91,0.53136181,8.7612087134
850173,2022-07-11,962.0,953.68,993.12,943.51,0.87675643,14.653055789200002
850173,2022-07-12,931.03,964.72,988.24,928.2,0.89445924,14.4725168091
850173,2022-07-13,927.28,930.14,944.02,909.63,0.57519135,9.158387195
850173,2022-07-14,930.25,927.85,942.23,911.27,0.54744458,8.3291300494
850173,2022-07-15,901.94,925.97,933.55,900.37,0.49301129,8.043396918300001
850173,2022-07-18,917.78,902.31,922.85,890.74,0.45587277,7.3080669938
850173,2022-07-19,907.94,916.76,924.96,895.11,0.45363838,7.1610972071
850173,2022-07-20,899.09,910.56,915.06,893.62,0.37356188,6.1937053120000005
850173,2022-07-21,897.18,898.07,917.75,888.23,0.4381379,7.8273428122
850173,2022-07-22,881.03,895.33,904.12,871.5,0.49804565,7.628483334099999
850173,2022-07-25,883.53,882.37,897.16,874.7,0.35144132,5.6683017937
850173,2022-07-26,907.72,886.62,918.35,880.7,0.44900765,7.104051919700001
850173,2022-07-27,931.15,905.67,933.82,900.93,0.48656705,7.8116103385
850173,2022-07-28,937.02,937.02,960.93,928.05,0.65153634,9.923505444
850173,2022-07-29,939.65,940.03,952.51,923.39,0.58587309,9.3526706307
850173,2022-08-01,933.99,942.91,947.57,916.32,0.43882002,6.9247827899
850173,2022-08-02,906.33,922.65,931.67,896.84,0.54030971,8.338709115
850173,2022-08-03,882.25,906.29,923.51,878.85,0.39380349,5.8704416445000005
850173,2022-08-04,896.52,884.69,902.87,876.14,0.31356373,4.6881113322
850173,2022-08-05,901.82,901.18,908.72,884.96,0.26476175,4.1022137667
850173,2022-08-08,922.89,906.39,941.26,899.64,0.38916268,7.304878909299999
850173,2022-08-09,911.47,924.24,929.59,900.25,0.31580881,5.7941060463
850173,2022-08-10,909.9,918.83,928.79,901.98,0.2859844,5.008869693
850173,2022-08-11,925.61,917.72,931.89,910.6,0.40865152,6.882605380299999
850173,2022-08-12,926.1,925.56,932.93,914.32,0.30512852,5.0952877142
850173,2022-08-15,920.8,927.65,934.6,911.69,0.31199118,5.1606430961
850173,2022-08-16,933.62,919.48,938.54,913.1,0.41794262,6.727980494400001
850173,2022-08-17,931.42,933.93,940.32,921.73,0.31568591,5.1454001994
850173,2022-08-18,909.54,929.49,931.55,905.02,0.36658453,5.8199063385
850173,2022-08-19,935.25,910.22,949.38,901.47,0.67669997,11.669546788900002
850173,2022-08-22,953.17,937.13,960.97,931.93,0.58023437,10.805579348599998
850173,2022-08-23,974.92,950.02,987.83,941.7,0.68532251,11.7163362142
850173,2022-08-24,964.69,983.77,990.11,959.91,0.64925621,11.147697656400002
850173,2022-08-25,1000.39,974.0,1015.2,964.16,0.83681021,15.1933188758
850173,2022-08-26,1012.06,1000.2,1024.53,985.81,0.72303655,12.8007020977
850173,2022-08-29,1010.93,1006.34,1037.73,992.61,0.6717346,12.195558220799999
850173,2022-08-30,1032.35,1005.86,1040.39,997.26,0.76391581,13.3786428258
850173,2022-08-31,1012.96,1031.73,1046.14,1001.28,0.86629049,14.7176001358
850173,2022-09-01,1017.44,1011.76,1036.49,1000.5,0.73188322,12.2525592133
850173,2022-09-02,1022.0,1018.6,1032.16,1002.89,0.58905629,9.7685403517
850173,2022-09-05,1023.78,1024.25,1042.38,994.93,0.67880547,12.556649536099998
850173,2022-09-06,1018.89,1021.99,1031.66,1004.37,0.50725217,8.7839082505
850173,2022-09-07,1008.39,1019.94,1029.48,993.48,0.55838993,9.7652665772
850173,2022-09-08,987.46,1008.92,1026.6,983.13,0.50072626,8.498728067
850173,2022-09-09,980.87,992.63,996.18,967.25,0.39887272,6.6640235795
850173,2022-09-13,999.54,983.78,1014.76,967.25,0.66986063,10.8552251477
850173,2022-09-14,985.18,989.88,1004.67,974.78,0.45944883,7.664154534700001
850173,2022-09-15,959.12,989.17,992.29,948.33,0.48349422,7.9752234021
850173,2022-09-16,945.86,957.53,975.98,941.02,0.42770638,6.6947358692
850173,2022-09-19,944.8,942.71,963.25,927.56,0.40921739,6.698375397
850173,2022-09-20,933.57,953.89,959.44,926.22,0.36637904,5.8441855898
850173,2022-09-21,919.99,929.88,934.8,907.22,0.35572193,5.784756721799999
850173,2022-09-22,909.83,913.99,929.0,903.41,0.31119739,4.9874986174
850173,2022-09-23,888.57,909.03,916.72,877.04,0.41031197,6.5010623511
850173,2022-09-26,873.67,884.7,894.63,868.25,0.37153338,5.3696158729
850173,2022-09-27,896.1,876.92,898.66,867.17,0.35224787,5.6097888364
850173,2022-09-28,888.8,894.91,920.06,882.8,0.41065354,6.2571461772
850173,2022-09-29,892.54,898.11,914.29,883.24,0.32042591,4.9582278744
850173,2022-09-30,873.76,891.65,899.91,870.76,0.26615314,4.0428202584
850173,2022-10-10,946.17,919.95,957.21,912.03,1.02808627,17.0539591011
850173,2022-10-11,950.11,944.08,977.46,921.18,1.70579421,23.4450969087
850173,2022-10-12,994.98,938.14,1012.03,931.93,1.81427071,26.067015466300003
850173,2022-10-13,1023.37,983.96,1044.83,971.97,1.57323378,23.4994947916
850173,2022-10-14,1019.08,1022.03,1035.96,1005.27,1.14724404,17.469101338399998
850173,2022-10-17,1031.51,1010.54,1045.68,995.02,1.05475925,16.4774938419
850173,2022-10-18,1030.45,1025.55,1059.97,1008.28,1.18625653,18.0661609119
850173,2022-10-19,995.5,1027.04,1065.93,988.71,1.18723018,18.1254806758
850173,2022-10-20,985.34,983.07,1013.0,970.4,0.85455621,12.4732189701
850173,2022-10-21,995.31,990.25,1012.07,978.54,0.6994274,10.947412276500001
850173,2022-10-24,976.48,998.14,1015.31,969.69,0.72145981,11.0983259549
850173,2022-10-25,966.15,984.51,1008.35,954.56,0.86497029,15.513134813499999
850173,2022-10-26,966.72,964.95,997.65,947.91,0.90649786,15.3092562678
850173,2022-10-27,986.77,970.99,1002.27,949.09,1.01724405,17.1876137353
850173,2022-10-28,915.77,971.79,978.9,911.91,1.0679289,17.3387076471
850173,2022-10-31,946.56,907.11,956.79,901.97,0.64427137,10.7002642561
850173,2022-11-01,1003.31,944.32,1011.24,941.5,0.91656371,15.8780574655
850173,2022-11-02,1018.47,995.47,1051.41,987.83,1.05717506,17.9757381633
850173,2022-11-03,1056.93,1009.98,1070.08,1008.14,0.96902151,17.0743335647
850173,2022-11-04,1042.58,1055.54,1071.39,1030.96,0.7890671,14.001232276500001
850173,2022-11-07,1059.75,1053.64,1076.96,1032.56,0.97963994,15.7769710538
850173,2022-11-08,1112.02,1079.91,1134.75,1075.47,1.78377646,30.8077782826
850173,2022-11-09,1092.28,1108.57,1136.57,1079.21,1.70822253,26.7078621875
850173,2022-11-10,1124.66,1093.8,1146.48,1079.1,1.58840484,26.613611487600004
850173,2022-11-11,1139.6,1128.72,1170.85,1099.38,1.76225879,30.195101412800003
850173,2022-11-14,1174.92,1161.03,1197.15,1142.67,1.90224703,32.5951238488
850173,2022-11-15,1145.33,1168.45,1192.61,1127.05,2.04065113,34.6856699799
850173,2022-11-16,1136.51,1139.22,1163.05,1120.93,1.09833997,19.811333576099997
850173,2022-11-17,1182.94,1133.45,1191.71,1124.42,1.53805345,27.7251041766
850173,2022-11-18,1156.46,1182.75,1212.97,1140.87,1.50953172,26.674504530100002
850173,2022-11-21,1171.55,1147.53,1189.24,1133.61,1.03268992,18.10932212
850173,2022-11-22,1140.12,1166.99,1185.03,1131.73,0.88517529,15.398687732
850173,2022-11-23,1126.99,1136.58,1146.77,1100.72,0.86646017,14.6849124428
850173,2022-11-24,1132.4,1122.83,1154.59,1115.45,0.58417072,10.3465376685
850173,2022-11-25,1133.59,1140.8,1152.19,1114.95,0.63590457,11.768870426600001
850173,2022-11-28,1118.76,1108.15,1131.02,1085.96,0.80143261,14.227227171900001
850173,2022-11-29,1112.24,1119.45,1131.46,1101.65,0.7366724,13.0110666295
850173,2022-11-30,1116.47,1115.47,1144.0,1101.3,0.84550186,15.758480241300001
850173,2022-12-01,1128.0,1121.23,1143.34,1107.58,0.83210959,15.4456098926
850173,2022-12-02,1149.03,1132.63,1171.78,1119.54,1.07282462,19.339886044100002
850173,2022-12-05,1140.96,1151.31,1165.84,1128.09,0.81486663,15.462545638699998
850173,2022-12-06,1144.2,1133.87,1168.76,1130.25,0.80696084,15.120531139
850173,2022-12-07,1216.89,1171.32,1240.0,1168.04,2.16326339,41.384500681
850173,2022-12-08,1113.48,1210.0,1218.58,1109.75,1.89728113,34.872265292399995
850173,2022-12-09,1107.09,1111.32,1123.82,1076.22,1.33332096,24.815866467
850173,2022-12-12,1084.06,1100.75,1112.49,1064.34,0.90623515,16.3017961851
850173,2022-12-13,1114.12,1081.81,1135.24,1076.98,1.28806807,24.3544832986
850173,2022-12-14,1110.18,1106.49,1123.27,1091.15,0.85386312,16.8585393476
850173,2022-12-15,1100.47,1110.69,1123.64,1085.66,0.75562251,14.3250692278
850173,2022-12-16,1093.69,1094.14,1105.68,1076.76,0.61310042,11.829646858499999
850173,2022-12-19,1064.0,1087.03,1097.14,1050.87,0.82646642,14.5174535451
850173,2022-12-20,1033.99,1067.37,1071.94,1031.37,0.64325268,11.430472126199998
850173,2022-12-21,1056.5,1041.0,1071.61,1031.62,0.7487571,14.0834232449
850173,2022-12-22,1052.05,1061.4,1084.13,1044.59,0.71871034,13.992639346199999
850173,2022-12-23,1044.53,1046.72,1068.59,1025.51,0.66311553,12.330706595499999
850173,2022-12-26,1058.57,1048.62,1076.32,1036.46,0.59067285,10.944326968499999
850173,2022-12-27,1082.79,1055.34,1091.18,1047.83,0.74620582,13.2314063119
850173,2022-12-28,1052.41,1073.05,1081.83,1044.44,0.59726218,10.9693185186
850173,2022-12-29,1046.57,1051.55,1059.71,1031.95,0.48387697,8.7163756511
850173,2022-12-30,1063.89,1043.51,1069.64,1032.31,0.56602399,10.4015274407
850173,2023-01-03,1041.64,1064.84,1076.19,1028.46,0.73318045,12.8067094117
850173,2023-01-04,1038.67,1044.3,1052.64,1027.95,0.58652555,10.489472876699999
850173,2023-01-05,1040.31,1043.21,1049.4,1020.02,0.66291649,12.3097792701
850173,2023-01-06,1026.89,1039.22,1042.71,1017.34,0.58145595,10.4519801441
850173,2023-01-09,1068.43,1025.07,1084.79,1018.3,1.2578974,21.99489468
850173,2023-01-10,1087.83,1068.36,1103.22,1052.86,0.94329303,17.6437057144
850173,2023-01-11,1078.61,1089.35,1099.4,1062.83,0.65390007,11.7789048817
850173,2023-01-12,1055.51,1079.14,1086.42,1051.96,0.50926321,8.994506123099999
850173,2023-01-13,1071.35,1060.54,1083.73,1047.64,0.6196311,11.654285422200001
850173,2023-01-16,1095.6,1078.97,1106.18,1069.87,0.81517348,15.0012803725
850173,2023-01-17,1079.77,1087.95,1099.51,1070.59,0.52444801,9.1960761126
850173,2023-01-18,1077.46,1081.21,1089.55,1067.33,0.39695073,7.1310987313
850173,2023-01-19,1066.38,1075.2,1081.58,1056.41,0.45916252,7.885243289500001
850173,2023-01-20,1079.27,1065.54,1090.91,1059.79,0.57138595,9.9637229808
850173,2023-01-30,1115.72,1106.38,1134.74,1085.75,0.8893774,16.9369711652
850173,2023-01-31,1137.6,1118.07,1164.04,1113.51,1.02815441,19.7667496273
850173,2023-02-01,1132.08,1135.44,1151.61,1122.06,0.74907518,13.877966389400001
850173,2023-02-02,1138.05,1136.76,1152.61,1119.12,0.7989352,14.7375946147
850173,2023-02-03,1129.52,1131.31,1145.4,1116.86,0.58484707,11.112801848699998
850173,2023-02-06,1132.84,1124.54,1144.11,1107.59,0.73565108,12.772228798299999
850173,2023-02-07,1115.89,1132.48,1143.04,1107.41,0.67044495,11.574064119
850173,2023-02-08,1100.44,1110.07,1117.43,1095.1,0.48074381,8.5243562063
850173,2023-02-09,1105.13,1097.8,1110.92,1092.71,0.45922481,8.3279876105
850173,2023-02-10,1117.32,1119.5,1136.59,1105.99,0.74999171,13.0911052661
850173,2023-02-13,1091.46,1119.11,1133.04,1078.85,1.03918795,17.66685934
850173,2023-02-14,1091.8,1094.19,1109.95,1079.26,0.62818079,11.8615897577
850173,2023-02-15,1086.12,1094.58,1102.13,1078.01,0.49632601,8.688823582000001
850173,2023-02-16,1077.33,1087.83,1113.64,1068.54,0.88481967,15.298989563900001
850173,2023-02-17,1086.2,1082.88,1115.35,1077.19,0.73528509,13.818704452
850173,2023-02-20,1130.29,1120.14,1149.15,1092.9,1.3799156,25.120209818400003
850173,2023-02-21,1135.44,1134.14,1152.97,1117.67,1.00352281,18.6982599544
850173,2023-02-22,1138.95,1144.13,1159.53,1128.5,0.84427814,16.5160556692
850173,2023-02-23,1153.12,1137.92,1176.55,1133.25,1.01807097,19.1992630544
850173,2023-02-24,1152.87,1164.82,1182.72,1143.67,0.87372097,16.4680562839
850173,2023-02-27,1137.03,1179.14,1186.98,1121.01,1.04302732,18.4902000113
850173,2023-02-28,1150.59,1128.33,1157.99,1119.29,0.77415261,13.9669299429
850173,2023-03-01,1135.23,1148.5,1154.84,1123.78,0.72729069,13.459969131300001
850173,2023-03-02,1124.81,1129.89,1140.03,1109.43,0.66250667,12.329492583499999
850173,2023-03-03,1125.47,1128.06,1145.99,1114.51,0.66309394,12.3277788168
850173,2023-03-06,1189.4,1128.59,1211.48,1115.17,1.7980591,33.5769850451
850173,2023-03-07,1178.56,1193.69,1213.04,1171.25,1.1676577,22.275550890399998
850173,2023-03-08,1172.72,1175.33,1182.58,1150.06,0.80159876,14.7739895031
850173,2023-03-09,1154.9,1181.49,1192.3,1147.61,0.76967658,13.4394797651
850173,2023-03-10,1134.11,1148.76,1155.22,1121.16,0.63412561,11.547384638399999
850173,2023-03-13,1134.95,1124.57,1139.77,1112.15,0.57184869,10.6235725205
850173,2023-03-14,1134.38,1133.02,1157.36,1117.45,0.77285633,14.3153159481
850173,2023-03-15,1128.39,1134.85,1156.36,1123.65,0.57667744,10.6572697524
850173,2023-03-16,1107.98,1121.75,1128.44,1098.67,0.59010603,10.742124609100001
850173,2023-03-17,1091.15,1107.51,1115.13,1087.38,0.58088173,10.7391350122
850173,2023-03-20,1066.49,1090.63,1098.71,1054.69,0.71237941,12.708116735099999
850173,2023-03-21,1080.94,1067.58,1085.65,1063.22,0.44817904,8.1965697535
850173,2023-03-22,1073.23,1082.03,1094.66,1067.55,0.424413,7.6014273706
850173,2023-03-23,1067.15,1070.31,1083.64,1058.4,0.42667922,7.6590392253
850173,2023-03-24,1074.12,1068.3,1087.6,1061.81,0.5424774,9.4116815837
850173,2023-03-27,1097.85,1080.73,1106.31,1066.63,0.71314274,13.2827489698
850173,2023-03-28,1135.62,1097.73,1151.38,1090.94,0.93773763,18.5229946144
850173,2023-03-29,1105.85,1126.13,1132.48,1092.91,0.7061992,13.453198618800002
850173,2023-03-30,1122.73,1106.84,1131.58,1099.36,0.62390608,12.1808553232
850173,2023-03-31,1126.44,1132.55,1161.35,1117.26,0.83493032,16.3641451225
850173,2023-04-03,1122.59,1121.22,1151.34,1104.65,0.90252117,17.3365803307
850173,2023-04-04,1141.21,1122.15,1160.46,1113.32,0.84474196,17.1387692924
850173,2023-04-06,1124.49,1138.43,1155.52,1103.68,0.8077448,15.6376028603
850173,2023-04-07,1125.66,1117.05,1138.27,1103.13,0.59129447,11.336743181300001
850173,2023-04-10,1134.72,1132.43,1148.95,1111.81,0.70135253,12.6635689398
850173,2023-04-11,1140.07,1134.75,1149.12,1116.23,0.84642234,14.9295462552
850173,2023-04-12,1115.38,1134.77,1137.75,1109.8,0.57762333,10.5792645576
850173,2023-04-13,1102.67,1110.69,1119.27,1088.22,0.61092962,11.293646237799999
850173,2023-04-14,1101.94,1100.87,1115.35,1086.09,0.48007896,8.4202190026
850173,2023-04-17,1086.44,1092.95,1103.0,1066.6,0.68501858,12.1772112168
850173,2023-04-18,1060.91,1069.36,1080.74,1043.16,0.74451225,12.4242359553
850173,2023-04-19,1053.65,1062.1,1074.8,1046.85,0.46495587,8.1838294046
850173,2023-04-20,1035.88,1052.61,1056.29,1022.87,0.54940897,9.2461907748
850173,2023-04-21,1028.5,1036.75,1055.38,1020.02,0.66417492,11.8246497104
850173,2023-04-24,1027.6,1020.46,1050.18,987.62,0.69229922,12.300663263399999
850173,2023-04-25,1036.84,1028.72,1050.99,1009.05,0.6613995,11.1675680326
850173,2023-04-26,1039.87,1030.1,1052.82,1018.88,0.65428726,10.0407408349
850173,2023-04-27,1025.53,1029.54,1043.22,1014.96,0.53397285,8.6302582813
850173,2023-04-28,1043.88,1018.7,1056.19,1008.42,0.63467521,10.815266933399998
850173,2023-05-04,1051.3,1037.02,1059.81,1028.56,0.59039243,9.5869265458
850173,2023-05-05,1022.02,1048.32,1051.84,1015.26,0.48989456,8.068728583099999
850173,2023-05-08,1013.75,1020.29,1030.54,1007.77,0.35619898,5.8859883444
850173,2023-05-09,1005.09,1012.05,1025.13,995.82,0.39200246,6.5021200052
850173,2023-05-10,996.87,1003.85,1011.83,990.3,0.30222194,4.8524282163
850173,2023-05-11,999.84,999.68,1014.36,992.66,0.28345257,4.6005270216000005
850173,2023-05-12,987.28,1000.89,1014.38,985.14,0.34366903,5.7229199536
850173,2023-05-15,987.38,985.46,993.18,972.32,0.30140375,5.116258606000001
850173,2023-05-16,991.78,990.26,1007.21,983.34,0.32629411,5.1993280337
850173,2023-05-17,987.58,990.77,995.08,977.83,0.22257933,3.6769524219
850173,2023-05-18,978.3,983.37,995.92,976.21,0.27069641,4.5158751246
850173,2023-05-19,1001.42,977.05,1004.12,967.11,0.36561708,6.0889498665
850173,2023-05-22,1012.86,1000.92,1017.21,991.52,0.39676863,6.4330770495000005
850173,2023-05-23,998.53,1010.63,1017.98,994.72,0.27066176,4.4863925044
850173,2023-05-24,1000.91,1003.14,1011.2,988.07,0.25360851,4.0751066367
850173,2023-05-25,972.46,998.64,1004.29,963.41,0.43821629,6.754192954700001
850173,2023-05-26,977.36,973.25,983.08,964.3,0.23260683,3.6785028437
850173,2023-05-29,967.07,978.41,985.93,961.37,0.24475665,3.7691142299
850173,2023-05-30,967.75,965.13,973.2,951.91,0.24730668,3.903117996
850173,2023-05-31,937.96,965.8,969.69,932.32,0.47674695,7.2010416252
850173,2023-06-01,950.14,939.73,959.52,930.62,0.48994492,7.0505266253
850173,2023-06-02,960.96,948.87,968.33,944.42,0.31938228,4.4242055188
850173,2023-06-05,942.71,959.5,963.53,931.69,0.46160053,6.485502765800001
850173,2023-06-06,925.97,945.41,949.92,924.05,0.39536443,5.5423709228
850173,2023-06-07,922.94,929.36,936.77,917.15,0.2744458,3.8373015135000004
850173,2023-06-08,946.22,924.32,958.31,920.0,0.51767237,7.8292340166
850173,2023-06-09,939.62,943.0,950.38,925.58,0.39440607,5.7904077902
850173,2023-06-12,940.96,937.1,948.04,926.57,0.32128154,4.882506907
850173,2023-06-13,940.01,937.85,951.98,933.3,0.2896844,4.1101910562
850173,2023-06-14,936.72,943.24,951.54,930.85,0.43221872,5.833316040800001
850173,2023-06-15,934.09,935.48,940.69,918.52,0.3834325,5.3803457117999995
850173,2023-06-16,940.14,933.44,949.79,929.61,0.37944753,5.2805299901
850173,2023-06-19,931.19,939.25,955.62,927.72,0.43551265,6.1775870551
850173,2023-06-20,928.51,931.18,939.21,920.51,0.40469719,5.4791340385
850173,2023-06-21,917.19,927.93,935.89,915.3,0.33809876,4.7657567587
850173,2023-06-26,907.13,912.08,922.46,897.98,0.31734926,4.518879349800001
850173,2023-06-27,916.94,908.84,929.34,903.51,0.31261578,4.7107852631
850173,2023-06-28,914.68,914.78,920.43,902.06,0.27327773,4.0438554266
850173,2023-06-29,922.99,911.7,932.66,909.24,0.36400959,5.2743369968
850173,2023-06-30,928.9,925.49,936.59,917.97,0.3419216,4.8875314056
850173,2023-07-03,933.28,926.52,937.86,919.62,0.37276775,5.230157571
850173,2023-07-04,928.66,933.25,938.43,921.02,0.28399658,4.0534869786000005
850173,2023-07-05,915.39,926.21,928.74,912.91,0.28844801,4.0878025354
850173,2023-07-06,916.95,913.66,927.46,907.11,0.3103188,4.6944979037
850173,2023-07-07,938.65,911.8,952.43,908.49,0.57299542,8.4749085642
850173,2023-07-10,960.29,945.89,971.61,937.91,0.73226601,11.1492339376
850173,2023-07-11,969.71,973.45,994.99,959.61,1.04541218,13.2450147322
850173,2023-07-12,972.71,967.19,984.59,959.15,0.74669525,10.178275102799999
850173,2023-07-13,988.23,983.13,992.79,973.79,0.60450993,9.1904706058
850173,2023-07-14,970.01,985.24,988.58,967.84,0.45167727,6.3476531661
850173,2023-07-17,976.66,967.06,981.67,958.06,0.35989556,5.5151088179
850173,2023-07-18,999.88,976.76,1016.6,970.84,0.69274152,10.8673749963
850173,2023-07-19,999.88,1003.68,1009.52,991.31,0.38114863,5.8477050893
850173,2023-07-20,986.23,1001.07,1008.37,982.29,0.41508235,6.4537079770000005
850173,2023-07-21,1000.15,984.12,1005.01,982.32,0.42762715,6.7028969093
850173,2023-07-24,981.85,995.76,1009.05,975.77,0.44665455,6.8381446519
850173,2023-07-25,982.25,987.12,992.74,971.7,0.44100485,6.76393833
850173,2023-07-26,998.36,983.63,1004.95,980.77,0.48875633,7.8654735846
850173,2023-07-27,994.62,996.38,1006.47,988.68,0.33179464,5.260076274599999
850173,2023-07-28,1000.77,990.35,1009.82,987.59,0.42384466,6.7337764697
850173,2023-07-31,1025.66,1015.32,1034.79,1002.78,0.74411003,12.2726691491
850173,2023-08-01,1017.83,1025.98,1034.08,1011.04,0.5637299,9.2984566847
850173,2023-08-02,1005.43,1021.64,1023.98,999.84,0.39833828,6.416305335800001
850173,2023-08-03,1009.76,1005.95,1018.48,998.6,0.52092421,8.5659715866
850173,2023-08-04,997.14,1011.23,1017.37,991.68,0.55430092,9.086824184600001
850173,2023-08-07,1005.81,1007.77,1017.56,996.38,0.53185056,8.298405304500001
850173,2023-08-08,1005.54,1008.0,1018.11,994.33,0.46398011,7.039863083099999
850173,2023-08-09,985.52,999.42,1002.09,982.03,0.36764272,5.638650243200001
850173,2023-08-10,985.65,980.28,991.93,976.3,0.33083295,5.2133221891
850173,2023-08-11,962.83,984.99,988.36,960.52,0.36794138,5.6420540508000006
850173,2023-08-14,948.62,956.38,963.67,931.26,0.51553645,7.811434623899999
850173,2023-08-15,949.11,950.81,960.12,938.77,0.29930693,4.4337259565
850173,2023-08-16,943.72,944.67,955.47,935.06,0.31762186,4.6512211943
850173,2023-08-17,946.21,941.65,949.33,929.35,0.29124108,4.3793123082
850173,2023-08-18,925.48,943.75,949.12,924.68,0.35144999,5.002217672
850173,2023-08-21,915.77,925.17,934.91,914.72,0.29039961,4.2140112738
850173,2023-08-22,907.91,916.07,926.68,896.49,0.35227797,5.225208471499999
850173,2023-08-23,912.4,904.74,926.61,900.85,0.33541036,4.7045595892000005
850173,2023-08-24,949.99,911.18,958.67,903.38,0.68822671,10.3838546423
850173,2023-08-25,939.1,952.52,982.22,930.84,1.05791487,15.618131833
850173,2023-08-28,935.99,970.14,985.9,928.62,1.03243768,14.932028980799998
850173,2023-08-29,942.97,927.91,945.71,918.53,0.69155895,9.8907550567
850173,2023-08-30,927.05,940.15,947.29,922.41,0.61887575,8.6662442147
850173,2023-08-31,907.64,925.03,929.28,902.38,0.5426676,7.4705654328
850173,2023-09-01,928.36,907.01,932.17,905.51,0.53934902,7.5078269212999995
850173,2023-09-04,937.64,926.49,943.39,920.08,0.49372764,6.843457164199999
850173,2023-09-05,930.08,935.13,936.85,925.31,0.29277967,4.1090547683
850173,2023-09-06,921.44,929.42,932.12,915.5,0.31332656,4.2083191867
850173,2023-09-07,908.55,919.72,929.67,906.28,0.35708983,4.9640931132
850173,2023-09-11,916.85,908.65,922.26,906.6,0.34829143,4.7507381046
850173,2023-09-12,929.59,914.65,938.77,911.62,0.52413345,7.504688021900001
850173,2023-09-13,905.4,929.21,931.45,899.12,0.60761495,8.0227594197
850173,2023-09-14,892.37,905.0,908.29,887.48,0.41626357,5.555033462000001
850173,2023-09-15,892.11,894.77,902.51,885.02,0.35597385,4.7807316366000006
850173,2023-09-18,898.33,891.55,900.74,881.93,0.3452854,4.5766509275
850173,2023-09-19,896.44,896.03,905.34,889.07,0.28872565,3.7879685468
850173,2023-09-20,905.32,892.15,914.45,890.23,0.40278336,5.677731252899999
850173,2023-09-21,888.05,903.04,906.83,886.38,0.34643397,4.612753665
850173,2023-09-22,896.69,884.68,898.89,877.93,0.32252086,4.4283039557
850173,2023-09-25,890.56,896.34,903.27,886.6,0.25357626,3.5814752229000004
850173,2023-09-26,882.12,890.02,893.02,879.38,0.22354235,3.1647990746
850173,2023-09-27,882.73,880.99,891.7,877.79,0.24212182,3.3796264805000003
850173,2023-09-28,873.78,886.84,889.54,868.54,0.34311316,4.7903922921
850173,2023-10-09,861.09,873.29,875.1,847.12,0.45087741,6.0158604075
850173,2023-10-10,858.27,864.15,871.02,854.28,0.35893999,4.7728956193
850173,2023-10-11,850.21,859.5,863.67,846.92,0.31996506,4.1866903365
850173,2023-10-12,856.24,852.67,860.35,847.6,0.31153537,3.9647906213
850173,2023-10-13,838.58,852.58,854.08,832.72,0.44519909,5.4494196134
850173,2023-10-16,831.01,840.39,844.27,827.28,0.33547178,4.0141612662
850173,2023-10-17,831.55,834.68,839.46,824.77,0.27891581,3.60938154
850173,2023-10-18,818.95,831.72,837.52,817.57,0.28951057,3.6417184733999997
850173,2023-10-19,804.1,814.78,820.34,801.41,0.3291214,4.1737357549
850173,2023-10-20,795.24,803.31,808.07,792.18,0.28467316,3.4190221114
850173,2023-10-23,781.85,793.69,803.28,777.72,0.34263733,4.1789611149
850173,2023-10-24,797.52,781.5,800.97,777.28,0.35461291,4.4740936331
850173,2023-10-25,786.91,802.12,808.09,776.92,0.59942572,6.7892256482
850173,2023-10-26,794.04,786.16,798.86,778.66,0.44713452,5.3593854838
850173,2023-10-27,813.37,790.17,819.06,784.85,0.53512785,6.6367975629
850173,2023-10-30,819.66,811.47,825.48,805.9,0.45406318,5.564102553200001
850173,2023-10-31,814.5,817.04,824.17,809.4,0.30205099,3.7060190554
850173,2023-11-01,844.34,817.19,857.39,810.55,0.91230114,11.258839419200001
850173,2023-11-02,853.24,836.3,871.46,829.85,1.05104593,13.0477529328
850173,2023-11-03,842.13,852.13,856.57,836.05,0.63067655,8.1846826138
850173,2023-11-06,838.85,841.4,846.05,824.73,0.68551134,8.6359695598
850173,2023-11-07,843.26,837.96,850.36,828.61,0.54674574,6.8972177039
850173,2023-11-08,840.33,839.18,844.51,832.12,0.46666742,5.7954961609
850173,2023-11-09,837.63,838.71,846.69,831.99,0.3468354,4.4897124481
850173,2023-11-10,847.24,835.24,851.94,827.35,0.55045388,6.8722067397
850173,2023-11-13,840.96,844.16,848.05,827.41,0.48312008,6.0829876328
850173,2023-11-14,839.44,840.04,853.4,834.6,0.46173097,6.116806122100001
850173,2023-11-15,837.17,842.08,845.22,829.96,0.455428,5.7137467052
850173,2023-11-16,830.37,836.07,843.0,828.68,0.32864686,4.1628029166000005
850173,2023-11-17,833.41,828.09,835.36,823.66,0.26865897,3.523745036
850173,2023-11-20,844.66,833.63,851.39,830.88,0.61249962,7.7263774735
850173,2023-11-21,841.02,843.85,853.57,834.82,0.43613936,5.8824792891
850173,2023-11-22,844.53,840.06,856.19,836.1,0.4436167,5.8514102491
850173,2023-11-23,847.52,842.1,851.46,838.1,0.34027002,4.5221047784
850173,2023-11-24,856.74,846.55,867.65,844.04,0.76662756,10.3741194752
850173,2023-11-27,851.59,857.1,867.81,839.23,0.65759983,8.8468254248
850173,2023-11-28,847.07,848.41,855.52,831.76,0.57244622,7.5366728999
850173,2023-11-29,836.36,844.58,850.58,831.54,0.58175322,7.3676400483
850173,2023-11-30,845.91,835.03,858.21,832.64,0.69357385,9.4351400125
850173,2023-12-01,835.61,842.59,853.49,831.3,0.65954277,9.4537371164
850173,2023-12-04,847.3,833.04,861.93,821.4,0.7916012,10.5911953451
850173,2023-12-05,837.76,842.95,859.28,833.88,0.73396802,9.8940131032
850173,2023-12-06,873.3,836.68,883.64,828.96,1.44475445,18.7250116458
850173,2023-12-07,872.3,870.05,887.39,856.64,1.24939554,16.329726853900002
850173,2023-12-08,852.48,867.77,876.95,846.07,1.00231699,12.9462595843
850173,2023-12-11,857.08,843.77,861.34,825.66,0.767056,9.6153705366
850173,2023-12-12,853.86,853.91,862.38,841.42,0.59263313,7.2584790342
850173,2023-12-13,827.54,852.79,855.69,825.35,0.62854993,7.9752430312
850173,2023-12-14,820.9,828.27,835.59,815.03,0.52069289,6.483980010800001
850173,2023-12-15,820.13,823.53,831.24,814.76,0.41063328,5.0885039442
850173,2023-12-18,812.11,818.69,838.5,806.87,0.46368504,5.9153912863
850173,2023-12-19,805.65,808.78,815.36,793.83,0.50845068,5.9800856454
850173,2023-12-20,797.01,806.57,810.38,794.9,0.30289696,3.59908169
850173,2023-12-21,801.33,794.15,804.03,782.39,0.36347815,4.3623398674
850173,2023-12-22,800.38,802.05,812.09,791.07,0.33057057,4.1177697064
850173,2023-12-25,797.92,798.3,803.54,783.5,0.29541039,3.7833297823
850173,2023-12-26,799.87,796.01,808.42,788.63,0.3410116,4.2652527
850173,2023-12-27,818.93,800.58,822.74,794.59,0.43522136,5.7818334587
850173,2023-12-28,823.4,813.4,829.56,807.81,0.43584994,5.516755256900001
850173,2023-12-29,830.37,824.01,834.71,814.23,0.36160226,4.775555966600001
850173,2024-01-02,826.59,829.64,835.87,820.81,0.34030246,4.2299419668
850173,2024-01-03,819.3,824.74,834.75,813.2,0.33690183,4.0101113847
850173,2024-01-04,810.05,818.29,819.57,806.46,0.25528936,2.9897612676999996
850173,2024-01-05,795.72,808.57,811.71,791.66,0.31068946,3.6823915645999996
850173,2024-01-08,778.24,796.55,803.12,777.59,0.30981667,3.6447209788999997
850173,2024-01-09,779.29,780.66,789.46,770.11,0.2809271,3.3556976685000004
850173,2024-01-10,781.63,777.36,788.87,770.91,0.32253561,4.003476236
850173,2024-01-11,798.48,779.21,802.29,776.9,0.3515533,4.249283794
850173,2024-01-12,804.64,796.12,820.68,792.25,0.36212413,4.3471520904
850173,2024-01-15,792.65,804.67,810.81,788.44,0.32671836,4.0611778656999995
850173,2024-01-16,795.0,792.16,802.96,782.9,0.30955919,3.7384702972
850173,2024-01-17,773.48,794.03,799.03,773.14,0.28851076,3.4780366607
850173,2024-01-18,785.26,773.52,789.85,755.64,0.54815682,6.2099757189
850173,2024-01-19,779.23,782.31,792.64,773.51,0.36911915,4.1951657862000005
850173,2024-01-22,738.84,776.72,778.54,732.13,0.47347881,5.1566289256
850173,2024-01-23,737.64,737.33,746.93,721.5,0.37760425,4.1233503619
850173,2024-01-24,743.98,738.74,748.05,719.46,0.34554951,3.8456265122000004
850173,2024-01-25,767.54,742.88,772.68,738.89,0.42514036,4.8346785842
850173,2024-01-26,768.75,764.74,780.25,756.72,0.33345167,3.9618775854000003
850173,2024-01-29,757.35,773.52,780.84,754.65,0.3537967,4.1198368854
850173,2024-01-30,738.53,752.96,768.24,735.81,0.36853801,4.2083437792
850173,2024-01-31,715.8,732.79,743.71,712.58,0.4394882,4.6682679018
850173,2024-02-01,711.36,710.91,727.33,700.02,0.40204395,4.3175739159
850173,2024-02-02,698.2,713.84,729.0,676.77,0.54920869,5.771492171
850173,2024-02-05,656.11,690.46,698.55,640.77,0.71502887,6.9650497489
850173,2024-02-06,703.38,646.21,712.98,633.94,0.83684037,8.4798752781
850173,2024-02-07,725.94,703.22,738.65,691.18,0.86833065,9.2679852604
850173,2024-02-08,739.52,722.38,769.47,715.41,0.91039675,10.1671374559
850173,2024-02-19,726.89,746.9,751.44,716.89,0.7395203,7.9105135535
850173,2024-02-20,728.81,723.55,732.15,714.7,0.42133631,4.352396668
850173,2024-02-21,729.51,726.56,745.96,716.18,0.62565593,6.7944427621
850173,2024-02-22,735.19,729.74,737.42,723.1,0.41661198,4.5078176032
850173,2024-02-23,738.63,736.13,742.0,725.29,0.46383581,4.8383963386
850173,2024-02-26,746.03,738.63,757.03,729.66,0.61289477,6.5643227716
850173,2024-02-27,768.02,749.46,778.46,740.71,0.8032038,9.0207988752
850173,2024-02-28,740.3,766.58,780.67,739.12,0.92103048,10.3575192762
850173,2024-02-29,754.95,734.21,756.08,730.62,0.54041663,5.9553254243
850173,2024-03-01,747.94,752.9,756.6,740.22,0.44420629,4.949755704599999
850173,2024-03-04,738.95,746.95,749.64,731.46,0.46453636,5.2434047117
850173,2024-03-05,742.0,736.54,751.93,730.63,0.54100118,5.9522115102
850173,2024-03-06,735.5,737.64,743.29,724.16,0.466738,5.1839549123
850173,2024-03-07,734.39,736.45,751.02,730.14,0.5227089,5.5776630086
850173,2024-03-08,729.88,735.51,740.61,720.99,0.39972943,4.3622395299
850173,2024-03-11,742.84,729.59,743.79,726.36,0.40865216,4.4697610662
850173,2024-03-12,759.97,743.19,762.36,737.15,0.59396517,6.592784837000001
850173,2024-03-13,748.4,758.18,760.58,740.91,0.49930717,5.6572216897
850173,2024-03-14,740.17,745.85,751.16,735.07,0.35353602,3.9598995747
850173,2024-03-15,744.23,738.52,747.3,734.58,0.29123196,3.2208565087
850173,2024-03-18,752.79,745.51,754.12,738.89,0.44908796,4.9563
850173,2024-03-19,770.71,753.63,782.04,749.31,0.89471408,10.3486130872
850173,2024-03-20,769.86,767.92,781.52,756.57,0.63867258,7.955240646699999
850173,2024-03-21,804.15,770.96,810.17,767.11,1.23346449,15.270088436300002
850173,2024-03-22,791.8,804.06,812.62,778.54,1.03751491,13.1990756251
850173,2024-03-25,767.44,786.2,794.21,763.76,0.68845462,8.432855809
850173,2024-03-26,774.43,767.79,790.29,764.48,0.61019748,7.2071586946
850173,2024-03-27,751.33,772.27,777.83,750.16,0.57744153,6.8169480425
850173,2024-03-28,747.83,746.77,758.91,739.13,0.57403411,6.6824743166
850173,2024-03-29,779.55,746.69,782.01,743.54,0.69652403,8.4230418684
850173,2024-04-01,791.36,777.71,802.01,772.86,0.649868,8.1202069229
850173,2024-04-02,782.77,790.26,792.91,774.13,0.42776104,5.2499604843
850173,2024-04-03,799.43,779.88,806.47,777.29,0.7366542,8.8423416003
850173,2024-04-08,788.89,796.98,806.39,780.83,0.68541191,8.3266465334
850173,2024-04-09,786.98,789.99,795.68,769.54,0.54470899,6.528674913400001
850173,2024-04-10,768.32,784.54,794.37,762.03,0.55503519,6.4407081215
850173,2024-04-11,757.82,762.6,770.04,753.36,0.50606606,5.820128436799999
850173,2024-04-12,738.72,755.78,761.97,734.58,0.52471778,5.978490558
850173,2024-04-15,726.68,737.81,748.21,712.36,0.64315547,6.722096022000001
850173,2024-04-16,704.54,722.96,733.01,701.68,0.589244,6.1815882924
850173,2024-04-17,720.59,709.53,727.15,704.89,0.48388153,5.2599949792
850173,2024-04-18,718.7,715.33,732.06,705.59,0.46580116,5.1236607239
850173,2024-04-19,710.93,714.35,721.89,704.4,0.34466408,3.6704222467000003
850173,2024-04-22,748.75,716.64,757.23,709.13,0.71893374,8.7766140707
850173,2024-04-23,733.05,743.38,750.05,727.53,0.62547858,6.8707544291
850173,2024-04-24,729.12,731.49,737.16,714.01,0.46760939,5.4600307037
850173,2024-04-25,731.75,723.57,737.22,720.62,0.3524096,4.1287515733
850173,2024-04-26,720.29,716.19,726.65,704.53,0.55759609,6.7849879513
850173,2024-04-29,739.64,720.1,744.36,717.91,0.61213519,7.327701509500001
850173,2024-04-30,742.66,740.33,758.61,734.89,0.52066074,6.295485376799999
850173,2024-05-06,756.37,746.94,764.5,740.42,0.52798355,6.6154349475
850173,2024-05-07,752.7,755.15,762.1,743.86,0.50619536,6.1960333600999995
850173,2024-05-08,767.28,750.95,774.48,747.71,0.79701691,9.817424496100001
850173,2024-05-09,765.41,760.92,771.71,752.38,0.65223637,8.295549572799999
850173,2024-05-10,761.88,762.99,775.34,756.92,0.52962023,6.6151898296
850173,2024-05-13,766.08,756.5,775.92,750.31,0.53592289,7.1140095997
850173,2024-05-14,777.79,764.66,792.63,763.33,0.69880007,9.0482985061
850173,2024-05-15,763.01,776.64,784.11,760.16,0.40999227,5.173076898500001
850173,2024-05-16,767.9,764.22,777.43,760.22,0.40157653,5.0712021119
850173,2024-05-17,779.01,767.0,784.75,765.3,0.42656711,5.5739587575
850173,2024-05-20,807.48,779.11,815.73,776.79,0.89054363,11.8224115686
850173,2024-05-21,807.1,803.36,827.16,795.43,0.85261476,11.1049370289
850173,2024-05-22,810.12,804.93,817.91,794.1,0.67907937,8.6829225483
850173,2024-05-23,809.93,813.0,831.09,792.24,0.95473428,12.7352482278
850173,2024-05-24,820.73,806.74,840.22,799.96,1.27519621,17.644120339300002
850173,2024-05-27,804.48,813.79,818.85,786.08,0.95756612,12.671142350699999
850173,2024-05-28,786.72,800.77,805.72,781.4,0.74188055,9.4191438444
850173,2024-05-29,788.19,784.54,798.22,778.32,0.52977898,7.2575294777999995
850173,2024-05-30,769.45,781.9,787.69,765.45,0.53886754,6.6267093204
850173,2024-05-31,770.79,768.71,776.58,764.07,0.43012252,5.6093301386
850173,2024-06-03,784.16,774.51,801.49,768.72,0.77970207,9.7959331686
850173,2024-06-04,787.88,778.61,793.31,768.36,0.55122302,7.0342587076
850173,2024-06-05,759.98,783.24,788.47,758.59,0.55617626,7.1254795381
850173,2024-06-06,747.96,758.81,764.3,735.7,0.55899177,6.3907229678999995
850173,2024-06-07,750.0,752.78,759.35,740.28,0.40565392,4.7224930693000005
850173,2024-06-11,753.84,748.79,757.27,739.02,0.3305235,3.871061188
850173,2024-06-12,749.66,753.1,764.4,746.15,0.3408709,4.2337834568
850173,2024-06-13,736.13,748.41,751.46,732.24,0.41282084,4.9188825484
850173,2024-06-14,739.91,736.89,754.22,724.75,0.55550893,6.9844288376
850173,2024-06-17,740.22,738.96,750.33,730.76,0.31586266,3.6892823126999996
850173,2024-06-18,735.49,749.05,754.31,732.33,0.39300489,4.5041428842
850173,2024-06-19,720.74,733.1,738.16,718.22,0.3494263,3.9673166273000002
850173,2024-06-20,704.44,718.48,723.45,702.99,0.34874922,3.7465401860000003
850173,2024-06-21,704.24,702.04,714.27,696.32,0.25599752,2.8935366256
850173,2024-06-24,698.16,704.8,714.74,690.53,0.42045381,4.3645396989
850173,2024-06-25,689.32,696.89,702.6,683.75,0.28847007,3.1122196719
850173,2024-06-26,696.03,688.23,699.57,676.54,0.3198119,3.6217189123
850173,2024-06-27,688.03,693.87,701.68,683.86,0.29388911,3.3260324822000005
850173,2024-06-28,680.91,686.17,697.13,675.22,0.37129576,4.2225256145
850173,2024-07-01,692.55,679.67,698.37,678.39,0.35588742,4.2551944816
850173,2024-07-02,682.11,692.61,696.0,677.98,0.30026047,3.5887462095
850173,2024-07-03,673.79,681.78,686.57,669.21,0.33191536,3.8602585135000003
850173,2024-07-04,650.77,672.57,675.73,646.17,0.440998,4.7315036336
850173,2024-07-05,651.43,648.71,655.04,638.71,0.29063233,3.1823630856
850173,2024-07-08,655.18,654.17,665.35,644.56,0.42949676,4.7614349728
850173,2024-07-09,642.48,651.54,657.01,629.43,0.54899127,5.6512058364
850173,2024-07-10,634.8,634.67,647.11,623.16,0.49853245,5.0014827292
850173,2024-07-11,644.26,641.09,652.37,632.67,0.44384722,4.7887982419
850173,2024-07-12,638.49,643.4,650.99,634.31,0.32896794,3.4846082895999997
850173,2024-07-15,655.51,641.13,661.21,639.3,0.53480709,5.737382018300001
850173,2024-07-16,658.8,651.61,669.34,644.36,0.60802366,7.1965170759
850173,2024-07-17,675.57,655.95,678.27,649.79,0.66502916,7.816662298200001
850173,2024-07-18,681.44,671.03,687.6,660.12,0.63580458,7.570309275800001
850173,2024-07-19,696.69,677.27,703.84,669.4,0.81094267,9.3659688788
850173,2024-07-22,692.77,696.63,702.87,684.18,0.65456983,7.350702373
850173,2024-07-23,674.04,693.48,702.46,672.64,0.52527496,6.455092275299999
850173,2024-07-24,667.05,672.69,679.31,660.71,0.4061251,4.8213641694
850173,2024-07-25,683.07,666.87,690.98,665.2,0.51574527,5.8872813641
850173,2024-07-26,685.3,684.49,693.31,678.79,0.37870582,4.2903013356
850173,2024-07-29,672.29,683.8,687.71,666.11,0.39496948,4.4554225847
850173,2024-07-30,682.88,673.46,687.87,669.53,0.40302193,4.4820713129000005
850173,2024-07-31,696.45,680.95,697.49,672.08,0.49276185,5.8334381285
850173,2024-08-01,686.49,692.46,702.54,682.71,0.37544217,4.6612601575
850173,2024-08-02,687.59,682.73,702.72,680.07,0.45586526,5.689310430599999
850173,2024-08-05,674.42,684.09,698.35,671.92,0.46850501,5.72009108
850173,2024-08-06,685.19,681.35,688.56,674.07,0.37848866,4.3752470627
850173,2024-08-07,673.16,683.65,686.12,668.56,0.32692926,3.7286475465
850173,2024-08-08,679.8,670.9,683.52,666.5,0.38696472,4.6656027092
850173,2024-08-09,667.02,679.74,683.17,666.17,0.32086765,3.9043998506
850173,2024-08-12,669.82,667.43,679.29,662.12,0.31547628,3.7735873706
850173,2024-08-13,670.2,670.8,683.65,662.27,0.28172029,3.4077070278
850173,2024-08-14,659.58,667.35,670.66,656.64,0.21294108,2.387752026
850173,2024-08-15,662.31,658.48,671.95,655.18,0.28099553,3.1358906643
850173,2024-08-16,644.88,661.19,662.87,642.53,0.40155101,4.5039209843
850173,2024-08-19,643.75,643.91,648.66,637.6,0.2370891,2.6773247178
850173,2024-08-20,629.61,643.56,645.91,626.91,0.24456408,2.6347872893
850173,2024-08-21,620.94,628.44,632.53,619.12,0.23311427,2.4377536667
850173,2024-08-22,615.47,621.37,625.35,610.15,0.24271968,2.4828149316999997
850173,2024-08-23,613.16,614.21,623.02,608.77,0.20918474,2.0884981997
850173,2024-08-26,622.0,612.73,624.09,609.95,0.20038784,2.1612723171
850173,2024-08-27,615.09,620.16,625.01,612.57,0.2100457,2.2959325289
850173,2024-08-28,613.42,613.13,618.76,603.37,0.23585269,2.5504331962999998
850173,2024-08-29,614.16,612.98,620.16,607.28,0.2300386,2.5396683328
850173,2024-08-30,621.25,614.05,630.7,608.03,0.38542181,4.4465150145
850173,2024-09-02,611.32,621.29,625.45,608.88,0.29659599,3.4278999674
850173,2024-09-03,612.29,611.04,619.75,606.03,0.22541096,2.4517160375
850173,2024-09-04,606.58,610.55,615.86,604.42,0.20274202,2.103825795
850173,2024-09-05,615.66,608.74,617.75,605.78,0.21888081,2.2580874403
850173,2024-09-06,606.71,615.78,618.75,603.1,0.25861182,2.68583824
850173,2024-09-09,607.07,604.2,609.64,596.87,0.23518583,2.5616000299
850173,2024-09-10,596.32,608.33,612.23,588.26,0.36331724,3.6282565435
850173,2024-09-11,588.82,594.0,596.86,585.2,0.27189483,2.8066882385
850173,2024-09-12,584.49,589.76,596.12,583.5,0.26520909,2.7437958141000003
850173,2024-09-13,576.63,585.95,588.77,574.08,0.29392317,3.1407351479
850173,2024-09-18,565.71,577.12,578.46,559.01,0.35440835,3.3662060896
850173,2024-09-19,579.87,569.86,587.7,566.56,0.39060286,3.8816325094
850173,2024-09-20,574.27,579.81,580.94,566.0,0.26984871,2.7839750097000002
850173,2024-09-23,571.84,571.27,580.19,566.44,0.23663607,2.6085944408
850173,2024-09-24,597.43,575.38,598.45,574.26,0.48083857,4.97203767
850173,2024-09-25,593.17,603.17,612.02,591.72,0.50540675,5.257179759
850173,2024-09-26,627.31,593.0,627.67,587.12,0.59448978,6.2890670892
850173,2024-09-27,656.51,637.88,667.46,633.4,0.86271539,9.532207107
850173,2024-09-30,723.59,682.97,726.24,665.04,1.51256086,17.125469684400002
850173,2024-10-08,753.08,808.6,809.48,712.63,2.00219238,25.0002479431
850173,2024-10-09,692.5,738.63,743.81,689.99,1.29582071,15.6154647528
850173,2024-10-10,713.8,708.98,750.32,699.58,1.32010279,17.803710458
850173,2024-10-11,674.24,705.53,708.66,665.98,1.05527054,13.5105710321
850173,2024-10-14,685.48,676.31,692.55,665.06,0.75212318,9.8540222675
850173,2024-10-15,668.51,683.74,691.76,664.55,0.8017714,9.881151844
850173,2024-10-16,667.51,661.17,679.23,656.99,0.60816887,7.3454694688
850173,2024-10-17,657.74,671.02,676.52,656.54,0.54149732,6.4456685826
850173,2024-10-18,674.48,658.8,687.51,651.9,0.82092469,9.9253758647
850173,2024-10-21,679.73,677.49,690.42,667.87,0.80903024,10.4733240052
850173,2024-10-22,692.41,680.04,699.58,670.89,0.93167247,12.171327546099999
850173,2024-10-23,695.29,698.81,706.99,686.61,0.82165587,11.1347239143
850173,2024-10-24,688.84,690.99,703.03,684.89,0.56387407,7.7366023879
850173,2024-10-25,699.08,687.22,703.52,685.39,0.64956321,8.2765393875
850173,2024-10-28,728.26,701.16,730.08,697.54,1.02523481,13.6314943945
850173,2024-10-29,710.5,730.16,732.78,705.1,0.83587441,10.5265724702
850173,2024-10-30,721.78,711.73,730.41,705.34,0.8119572,10.890085512999999
850173,2024-10-31,704.71,719.01,722.64,699.78,0.83772607,10.4649396004
850173,2024-11-01,702.44,702.85,715.02,693.69,0.78534044,9.7813344281
850173,2024-11-04,715.71,700.86,719.08,696.4,0.77180376,9.1204331533
850173,2024-11-05,723.0,717.7,726.25,707.42,0.9109031,11.1937660831
850173,2024-11-06,735.93,722.91,739.9,713.27,1.0615427,13.2855715081
850173,2024-11-07,761.92,734.23,766.84,731.86,1.32243523,17.425365393299998
850173,2024-11-08,748.07,766.24,771.78,744.03,1.14598723,15.4427250256
850173,2024-11-11,737.5,741.22,744.07,726.03,0.90272672,12.1571036753
850173,2024-11-12,740.59,737.41,759.04,733.26,1.00652161,13.152283844200001
850173,2024-11-13,732.59,737.47,742.45,721.7,0.68334115,8.6134067233
850173,2024-11-14,716.13,730.8,733.75,714.02,0.5690825,7.5008500004
850173,2024-11-15,709.32,715.1,726.67,706.98,0.62960267,7.5735591830999995
850173,2024-11-18,713.95,713.83,737.34,702.92,0.99299191,11.2203243825
850173,2024-11-19,723.68,713.25,727.27,706.0,0.60542455,7.2037639338
850173,2024-11-20,726.38,721.21,730.9,713.55,0.60068741,7.1554194267
850173,2024-11-21,731.73,727.23,742.86,720.16,0.88355297,10.156884915700001
850173,2024-11-22,703.22,728.9,731.81,699.85,0.82720359,9.5936370139
850173,2024-11-25,709.05,703.67,717.08,695.7,0.55748181,6.627078186
850173,2024-11-26,713.26,708.94,724.51,704.99,0.66537765,8.1383791413
850173,2024-11-27,716.04,711.74,719.22,693.88,0.68191629,7.9871009277
850173,2024-11-28,714.31,714.62,722.58,707.6,0.66962866,8.1156533888
850173,2024-11-29,724.13,713.48,730.65,711.24,0.90115965,10.862243301800001
850173,2024-12-02,749.99,722.68,761.64,719.16,1.66443606,19.546351555999998
850173,2024-12-03,790.13,751.18,805.61,748.06,2.22513366,28.011200614899998
850173,2024-12-04,777.8,778.74,801.05,763.07,1.7143161,22.9609534
850173,2024-12-05,764.84,771.47,780.2,755.45,1.10411021,14.1429867811
850173,2024-12-06,762.68,767.42,772.34,750.36,0.85750249,10.9703575688
850173,2024-12-09,753.28,760.92,768.55,744.78,0.84555204,10.4870619014
850173,2024-12-10,769.33,775.61,787.27,759.89,1.36154723,19.095643999
850173,2024-12-11,784.21,767.16,791.15,762.27,1.27343169,17.4728028078
850173,2024-12-12,795.27,784.15,798.57,772.91,1.1934338,16.788739178900002
850173,2024-12-13,772.47,789.39,792.33,767.58,1.23986911,17.3340885353
850173,2024-12-16,760.72,771.13,782.52,755.23,0.82390934,11.0388471582
850173,2024-12-17,739.91,757.77,762.57,735.65,0.78008978,9.388879361499999
850173,2024-12-18,730.04,741.81,745.69,726.59,0.59715466,7.2218811345
850173,2024-12-19,725.38,725.33,729.34,713.0,0.55027374,6.4821933151
850173,2024-12-20,727.58,728.86,737.66,720.71,0.58266164,7.3430324447
850173,2024-12-23,712.87,735.07,744.4,711.04,0.79268637,9.343190242999999
850173,2024-12-24,720.23,710.93,725.59,705.38,0.57457968,7.1159131818
850173,2024-12-25,717.71,718.15,723.71,702.48,0.56115507,6.7313143918
850173,2024-12-26,713.42,716.57,726.27,710.43,0.45452335,5.4750735711
850173,2024-12-27,737.8,713.31,744.95,708.85,1.04186748,11.3779518207
850173,2024-12-30,726.88,736.1,747.56,720.71,1.3872055,12.7015450818
850173,2024-12-31,709.32,726.31,734.48,707.5,1.01653237,9.5205990425
850173,2025-01-02,694.87,706.57,723.16,688.56,0.91737665,9.1768930426
850173,2025-01-03,669.87,696.03,701.92,667.13,0.94164594,8.6857944756
850173,2025-01-06,668.61,669.39,680.09,655.07,0.66499263,6.2564829062000005
850173,2025-01-07,673.6,669.94,677.95,663.18,0.48576413,4.8083523119
850173,2025-01-08,662.43,670.6,674.75,649.59,0.63488561,6.3251983949
850173,2025-01-09,658.35,661.56,666.45,653.75,0.42719956,4.4572375344
850173,2025-01-10,641.8,653.24,657.65,640.45,0.44989365,4.5123398001999995
850173,2025-01-13,649.92,638.5,651.77,630.66,0.44033435,4.4314479303
850173,2025-01-14,669.52,656.47,672.96,653.12,0.67187141,7.1162238165
850173,2025-01-15,671.33,669.35,677.76,664.35,0.47942307,5.0612780219
850173,2025-01-16,673.24,672.96,684.68,667.99,0.47714217,5.0889729804
850173,2025-01-17,678.0,670.85,682.11,665.55,0.46624598,5.0377637702
850173,2025-01-20,676.73,678.59,684.26,671.0,0.48481115,5.3333812274
850173,2025-01-21,672.48,678.22,682.8,667.36,0.3598491,3.8784962579
850173,2025-01-22,666.49,669.52,673.96,661.64,0.31439872,3.5607171924000003
850173,2025-01-23,666.46,671.9,678.64,665.48,0.42150142,4.5188207736
850173,2025-01-24,664.15,664.72,669.48,659.0,0.41899687,4.4379348486
850173,2025-01-27,674.81,668.04,685.97,666.19,0.58375741,6.548693580499999
850173,2025-02-05,672.69,678.25,683.38,665.36,0.48959737,5.483321946499999
850173,2025-02-06,678.0,670.94,679.81,662.39,0.51583493,5.856022792999999
850173,2025-02-07,681.14,677.15,688.5,669.82,0.66373191,7.5244091114
850173,2025-02-10,679.47,680.05,685.69,672.8,0.55898918,6.3466553997
850173,2025-02-11,672.3,681.07,682.94,666.63,0.49481166,5.4737216853
850173,2025-02-12,670.22,671.65,674.22,663.16,0.45157423,4.8449935644
850173,2025-02-13,683.17,670.08,690.94,668.62,0.9610653,11.0257571206
850173,2025-02-14,681.03,681.94,689.66,673.96,0.72556508,8.5551799392
850173,2025-02-17,667.25,679.4,682.89,660.97,0.86106914,9.8986071083
850173,2025-02-18,654.45,668.4,669.31,651.91,0.62588512,6.989435381
850173,2025-02-19,658.72,652.92,659.23,647.39,0.54039283,6.1303134222
850173,2025-02-20,653.14,656.6,659.41,650.48,0.47442156,5.2327089694
850173,2025-02-21,652.01,653.2,661.55,647.23,0.53745868,5.9472707196000005
850173,2025-02-24,662.37,659.56,671.32,657.97,0.80023624,9.5007878766
850173,2025-02-25,649.27,659.21,661.3,647.03,0.59695112,6.804776287
850173,2025-02-26,662.63,649.36,666.63,646.26,0.71830695,7.5913321574
850173,2025-02-27,664.66,662.86,669.06,655.83,0.70479284,7.634451309299999
850173,2025-02-28,654.94,663.38,671.53,652.19,0.67428163,7.783840930299999
850173,2025-03-03,661.58,655.77,671.93,653.74,0.60108862,7.168051159400001
850173,2025-03-04,674.87,661.0,676.17,655.66,0.66029804,7.5993886824
850173,2025-03-05,665.26,685.4,689.35,662.34,0.70158797,8.4711688726
850173,2025-03-06,662.49,664.28,667.97,656.76,0.64286334,7.7048022453
850173,2025-03-07,659.8,661.39,666.26,655.69,0.48361891,5.5757467819
850173,2025-03-10,663.69,664.68,672.45,659.71,0.5731776,6.4392886586
850173,2025-03-11,674.89,656.9,675.63,654.95,0.81660138,9.359216477
850173,2025-03-12,668.24,674.85,677.0,666.37,0.54084701,6.282272431
850173,2025-03-13,683.18,675.81,698.63,673.46,1.33710555,14.171321353900002
850173,2025-03-14,691.67,681.89,698.08,679.45,1.3222838,14.297025639100001
850173,2025-03-17,700.48,696.5,711.65,693.68,1.22392275,14.1905807223
850173,2025-03-18,700.98,701.41,707.0,692.32,0.83411854,9.5251598634
850173,2025-03-19,704.3,699.89,713.19,694.51,0.93096725,10.3014208213
850173,2025-03-20,699.14,703.93,718.87,696.0,0.969571,11.7794504742
850173,2025-03-21,687.7,693.92,703.75,683.85,0.80368842,9.3432701026
850173,2025-03-24,689.71,689.54,696.08,679.02,0.7134492,8.128031461900001
850173,2025-03-25,707.33,690.72,710.16,685.56,0.88708166,11.232099607
850173,2025-03-26,739.27,704.78,749.25,701.98,1.9297958,25.3038109855
850173,2025-03-27,730.35,731.08,745.2,725.66,1.42542837,20.2941829635
850173,2025-03-28,726.15,728.89,738.31,718.82,0.99509137,13.3601444974
850173,2025-03-31,709.73,724.1,736.04,704.41,1.00204102,12.9963081669
850173,2025-04-01,721.6,710.3,729.31,706.59,0.95251554,12.451057428199999
850173,2025-04-02,721.03,723.36,733.89,715.67,0.76164692,10.2114301542
850173,2025-04-03,744.95,717.7,751.68,715.7,1.40134039,19.499359258800002
850173,2025-04-07,754.52,751.13,802.15,721.73,3.63546347,51.1177703281
850173,2025-04-08,834.17,739.8,849.28,736.94,4.21116722,62.12342602100001
850173,2025-04-09,821.74,834.52,876.76,786.23,4.06513582,63.1612260998
850173,2025-04-10,814.97,776.79,837.28,774.39,3.35995403,51.434222882700006
850173,2025-04-11,784.88,808.49,816.34,773.12,2.40663701,36.0676426665
850173,2025-04-14,796.42,784.42,813.5,780.89,2.11247593,32.661008839000004
850173,2025-04-15,800.68,796.15,813.05,782.82,1.74820831,27.9983181632
850173,2025-04-16,781.43,793.57,802.19,768.69,1.52446183,23.194547157800002
850173,2025-04-17,778.42,776.03,790.74,765.4,1.26546564,18.9373555478
850173,2025-04-18,759.55,776.55,779.49,753.4,1.17772156,16.88972736
850173,2025-04-21,766.45,754.74,768.99,747.54,1.03710672,15.1753615719
850173,2025-04-22,767.8,764.44,780.47,755.68,1.20781033,17.0371444926
850173,2025-04-23,748.85,761.72,768.57,745.36,1.38046703,19.0145527372
850173,2025-04-24,754.09,746.75,767.34,743.45,1.14506875,14.401848328699998
850173,2025-04-25,746.07,754.9,757.66,743.5,0.82068841,11.0209716906
850173,2025-04-28,725.38,743.6,746.36,723.24,0.91079191,11.7562047203
850173,2025-04-29,712.42,717.77,722.34,703.11,1.09572739,12.2621306864
850173,2025-04-30,708.13,712.02,718.36,706.42,0.75072255,9.3536175476
850173,2025-05-06,714.48,711.73,718.32,703.68,0.88799134,11.2673149025
850173,2025-05-07,719.5,719.12,727.15,713.04,0.94591419,12.4617356332
850173,2025-05-08,717.33,717.09,721.48,709.26,0.66964862,8.8563816326
850173,2025-05-09,711.35,717.37,720.03,705.76,0.64938392,8.8790794276
850173,2025-05-12,708.45,709.86,713.11,699.82,0.71311638,9.4499105871
850173,2025-05-13,707.92,708.8,712.41,703.29,0.62955823,8.2714781327
850173,2025-05-14,708.8,708.42,711.58,701.4,0.6297151,7.6521164777
850173,2025-05-15,708.33,706.66,716.24,704.02,0.92347243,13.911552829200001
850173,2025-05-16,700.25,706.25,709.21,692.94,0.78239908,11.4472432373
850173,2025-05-19,714.59,710.79,721.4,705.23,1.05336681,15.5392138304
850173,2025-05-20,723.03,713.69,730.67,711.12,1.17818556,17.019843241500002
850173,2025-05-21,717.38,720.4,726.2,713.78,0.79056087,11.4896887132
850173,2025-05-22,699.17,711.92,714.68,697.46,0.72395955,9.8033861741
850173,2025-05-23,687.7,696.41,700.49,686.87,0.6007026,7.5995265128
850173,2025-05-26,693.63,688.23,696.03,684.35,0.48273222,6.6173217953
850173,2025-05-27,693.13,691.92,698.95,687.95,0.47664671,6.4201457099
850173,2025-05-28,688.07,691.57,694.29,685.78,0.38895808,5.3281808084
850173,2025-05-29,691.08,687.83,692.76,682.63,0.46157004,5.7350649188
850173,2025-05-30,703.64,690.83,713.46,689.18,1.29790289,18.9882057953
850173,2025-06-03,710.34,696.98,718.2,690.98,1.20598123,17.7646956976
850173,2025-06-04,709.97,709.02,714.15,698.99,0.97099261,13.4860135013
850173,2025-06-05,700.18,707.62,711.53,697.71,0.75933824,10.5892662326
850173,2025-06-06,700.3,700.23,708.5,696.77,0.62079309,7.832083670499999
850173,2025-06-09,713.53,699.96,717.58,696.77,0.84685793,12.325423103199999
850173,2025-06-10,706.22,713.82,720.13,698.99,0.8494087,12.0189564277
850173,2025-06-11,720.42,705.49,725.52,703.11,1.16657071,17.0013889116
850173,2025-06-12,710.28,716.09,718.63,704.48,0.89569512,11.9188014043
850173,2025-06-13,700.93,708.05,711.84,696.85,0.79284978,10.822290896099998
850173,2025-06-16,697.97,697.81,703.08,692.01,0.56499068,7.5143701241
850173,2025-06-17,698.59,698.15,706.43,694.4,0.61199373,8.8029347198
850173,2025-06-18,687.94,696.82,699.88,685.21,0.57246291,7.6562345759
850173,2025-06-19,679.72,686.59,689.43,675.76,0.52218229,6.583069570599999
850173,2025-06-20,673.18,678.74,683.94,671.57,0.43871052,5.548161974
850173,2025-06-23,673.27,671.65,675.93,665.9,0.39590099,4.8556840371
850173,2025-06-24,680.58,673.7,682.68,672.24,0.43732972,5.3789602293
850173,2025-06-25,682.84,681.66,685.49,676.19,0.5025111,6.3299561641999995
850173,2025-06-26,679.93,682.87,684.36,676.89,0.41217117,5.1437691278
850173,2025-06-27,681.72,680.34,685.76,678.55,0.38197511,4.8356118518999995
850173,2025-06-30,681.75,682.22,684.04,677.46,0.40786146,5.2090833785
850173,2025-07-01,683.5,679.62,686.62,674.87,0.50605354,7.0647874238999995
850173,2025-07-02,690.08,682.25,691.47,679.81,0.73451292,10.2375021561
850173,2025-07-03,690.53,690.46,698.93,687.25,0.67663674,9.3546720821
850173,2025-07-04,691.3,690.18,696.39,685.81,0.60151257,8.2296591985
850173,2025-07-07,694.96,690.07,697.37,684.78,0.50858498,6.7442465522
850173,2025-07-08,697.01,693.34,699.01,690.12,0.53928089,7.138324054299999
850173,2025-07-09,716.13,709.13,725.02,704.72,1.38514077,19.617676686099998
850173,2025-07-10,716.16,719.36,724.91,709.29,0.94056328,13.9590905997
850173,2025-07-11,721.54,714.33,732.95,712.39,1.03107271,14.3213475449
850173,2025-07-14,725.25,721.68,732.73,716.28,0.89953971,11.9887064823
850173,2025-07-15,715.12,725.65,730.07,709.68,1.13707567,12.6604080127
850173,2025-07-16,716.22,714.13,719.97,710.08,0.69537115,7.7958195533
850173,2025-07-17,712.93,715.22,720.48,708.61,0.56642391,6.9109973202
850173,2025-07-18,713.2,713.26,716.78,709.8,0.50546217,6.3353414436
850173,2025-07-21,724.87,710.94,728.63,705.75,0.9158893,11.9015136407
850173,2025-07-22,742.26,722.01,746.85,718.96,1.23662187,15.9802245044
850173,2025-07-23,739.61,748.31,760.82,736.66,1.19167576,16.5980846426
850173,2025-07-24,740.73,738.98,743.31,729.81,0.78374807,10.4092895123
850173,2025-07-25,741.06,744.38,752.59,737.58,0.89256619,11.611763243399999
850173,2025-07-28,742.81,743.02,752.48,736.91,0.72127029,9.5218348316
850173,2025-07-29,733.16,742.03,745.33,725.31,0.70808241,9.1697514765
850173,2025-07-30,740.58,731.93,748.86,729.59,0.86823814,10.981931596199999
850173,2025-07-31,728.82,737.96,742.6,725.8,0.65948871,8.422077097699999
850173,2025-08-01,729.63,729.15,742.27,724.56,0.64068706,8.757645731
850173,2025-08-04,740.98,729.16,743.69,724.73,0.6526172,8.708190974199999
850173,2025-08-05,753.05,742.3,761.49,739.13,0.89645778,11.8520182727
850173,2025-08-06,752.89,752.2,757.12,743.56,0.60394394,8.2570654272
850173,2025-08-07,758.53,751.51,761.2,747.79,0.66952944,9.211322126799999
850173,2025-08-08,768.69,762.32,778.62,756.47,1.05013137,15.010308625699999
850173,2025-08-11,778.55,786.2,795.39,767.3,1.58069126,21.9844693395
850173,2025-08-12,784.06,784.03,817.28,779.49,1.71329818,23.809170267600003
850173,2025-08-13,776.84,782.5,788.35,764.07,1.30897943,18.377183546199998
850173,2025-08-14,757.19,773.92,779.52,755.7,0.96943186,13.437175012400001
850173,2025-08-15,765.14,759.17,768.5,756.5,0.75480052,10.998725475499999
850173,2025-08-18,771.39,774.57,780.79,763.23,1.36233967,20.3066032632
850173,2025-08-19,758.45,767.66,771.24,755.05,1.02099757,15.531775283800002
850173,2025-08-20,761.39,758.35,764.44,750.54,0.89070091,13.0708766694
850173,2025-08-21,768.37,764.66,774.66,758.47,1.09965034,16.6753562549
850173,2025-08-22,765.44,767.51,771.82,754.93,0.95255565,13.1124383074
850173,2025-08-25,767.04,765.55,771.31,756.7,0.96664886,13.5289860088
850173,2025-08-26,794.72,765.6,805.84,760.6,1.77827534,26.3051348115
850173,2025-08-27,772.36,788.07,794.52,770.18,1.23429732,17.8113487888
850173,2025-08-28,765.54,770.58,782.6,749.16,1.3098566,19.4414453163
850173,2025-08-29,768.09,764.48,780.52,760.9,0.90243933,13.9091850646
850173,2025-09-01,767.76,767.01,774.98,754.7,0.85579973,13.355771074300002
850173,2025-09-02,762.72,766.15,776.95,755.58,0.88035762,14.2198912237
850173,2025-09-03,741.27,763.41,768.75,738.18,0.8198462,12.338925704100001
850173,2025-09-04,760.8,743.13,768.33,738.34,1.18844137,18.3043934697
850173,2025-09-05,765.0,759.73,766.69,746.74,0.74559069,11.774923103699999
850173,2025-09-08,792.21,766.06,799.31,763.82,1.30803223,21.6820264904
850173,2025-09-09,786.89,789.82,796.18,778.25,0.89281647,14.3330966733
850173,2025-09-10,783.07,780.56,787.92,770.7,0.76082407,12.2016234566
850173,2025-09-11,812.26,786.51,820.15,782.47,1.37465542,23.949056424899997
850173,2025-09-12,799.53,803.13,812.57,794.4,0.95128696,15.932540505
850173,2025-09-15,816.51,798.8,824.26,792.77,1.19308761,20.537524746099997
850173,2025-09-16,801.01,811.61,817.71,787.68,1.01173942,15.5375421148
850173,2025-09-17,791.59,799.13,805.82,784.7,0.70646463,10.7658860631
850173,2025-09-18,772.78,792.48,796.11,767.28,0.8785104,12.8430972147
850173,2025-09-19,777.1,771.62,781.09,766.84,0.54886665,7.817299547799999
850173,2025-09-22,767.86,778.34,781.17,758.0,0.61419226,9.2700759115
850173,2025-09-23,768.57,767.91,772.86,752.64,0.64432169,9.2074096431
850173,2025-09-24,778.06,765.19,782.56,760.78,0.54540169,8.0234454308
850173,2025-09-25,769.83,778.65,782.07,763.16,0.5692518,7.9988428769
850173,2025-09-26,775.65,768.48,787.79,764.23,0.58636448,8.647074655399999
850173,2025-09-29,771.69,772.48,777.13,755.74,0.58179914,8.5304127721
850173,2025-09-30,770.21,772.36,779.92,760.69,0.53730972,8.5826118886
850173,2025-10-09,767.47,768.57,774.46,751.57,0.68399447,10.0652788288
850173,2025-10-10,781.43,765.37,786.6,760.59,0.74728936,11.349204034200001
850173,2025-10-13,774.37,773.67,789.28,765.76,0.79496856,12.3597425694
850173,2025-10-14,773.63,775.23,786.17,764.88,0.87278999,12.711184091700002
850173,2025-10-15,770.52,773.61,776.57,763.77,0.56577487,7.9677055012
850173,2025-10-16,760.13,771.47,781.84,758.57,0.59112903,8.8061920825
850173,2025-10-17,748.91,758.77,765.36,747.71,0.50584597,7.5367070415
850173,2025-10-20,745.96,750.55,753.86,741.61,0.42719692,5.862783294
850173,2025-10-21,758.19,745.5,759.46,741.1,0.54022145,7.032100894299999
850173,2025-10-22,743.69,752.54,756.81,738.12,0.69282183,9.8325122854
850173,2025-10-23,749.12,745.18,754.69,739.68,0.64316932,8.8856356993
850173,2025-10-24,752.7,751.53,761.25,745.66,0.67653443,9.1649538628
850173,2025-10-27,777.2,756.37,785.66,751.81,1.08796479,14.2931562771
850173,2025-10-28,762.37,773.2,775.63,758.27,0.73728326,9.154956368099999
850173,2025-10-29,763.67,762.29,769.25,751.33,0.65556328,8.2916744852
850173,2025-10-30,757.09,763.21,769.45,752.33,0.62156914,8.1020418092
850173,2025-10-31,760.61,758.52,767.6,753.24,0.56819079,7.3436032485
850173,2025-11-03,768.32,761.94,773.98,757.54,0.56352563,7.459254535
850173,2025-11-04,761.33,768.74,771.67,755.88,0.47081304,5.852443094400001
850173,2025-11-05,765.99,756.93,770.1,754.91,0.51960911,6.364375315599999
850173,2025-11-06,768.85,765.91,775.29,760.36,0.47903496,6.5847794231
850173,2025-11-07,765.68,768.75,779.88,761.8,0.59471809,7.8432304648
850173,2025-11-10,784.12,766.43,787.53,759.86,0.74755413,10.4674843389
850173,2025-11-11,787.04,783.35,790.93,774.32,0.71854994,9.3285363063
850173,2025-11-12,780.32,789.34,794.2,775.89,0.64331962,8.6447130285
850173,2025-11-13,784.49,781.03,787.67,771.48,0.60832977,7.9191161027999994
850173,2025-11-14,780.11,783.7,799.1,776.65,0.66933847,8.9096605862
850173,2025-11-17,764.99,780.29,785.27,760.72,0.67190142,8.9114529512
850173,2025-11-18,758.44,766.3,769.21,753.95,0.54657937,6.5574190492
850173,2025-11-19,767.1,758.94,773.21,747.59,0.8557958,11.2493848448
850173,2025-11-20,753.13,766.5,772.09,744.63,0.97973947,12.5860872544
850173,2025-11-21,733.47,748.4,759.82,732.35,0.90664689,11.159023458399998
850173,2025-11-24,738.75,736.31,754.16,731.73,0.76256834,9.8472701013
850173,2025-11-25,740.92,741.13,747.39,731.71,0.72329593,8.902758398
850173,2025-11-26,735.83,738.92,748.44,732.34,0.66911911,8.1294099637
850173,2025-11-27,741.96,740.18,755.22,735.71,0.78332716,9.3300852949
850173,2025-11-28,750.75,739.57,753.84,734.7,0.63170541,7.584937333200001
850173,2025-12-01,746.26,750.02,754.21,740.97,0.63925103,7.8566725130999995
850173,2025-12-02,739.63,744.71,750.45,734.09,0.60104379,7.264214363
850173,2025-12-03,734.28,740.38,747.33,729.01,0.73845487,9.259393679299999
850173,2025-12-04,723.08,733.16,737.2,721.61,0.66226103,7.861198440700001
850173,2025-12-05,728.86,724.74,731.07,717.62,0.48013278,5.5688908055
850173,2025-12-08,732.56,730.06,735.91,722.81,0.54816794,6.6644247737999995
850173,2025-12-09,729.43,732.47,740.3,725.58,0.54802549,6.778093297100001
850173,2025-12-10,736.33,731.2,750.85,726.33,0.70233926,9.3133992984
850173,2025-12-11,715.46,736.03,737.81,713.66,0.83766985,9.7551328695
850173,2025-12-12,725.39,716.7,728.36,710.52,0.67289589,8.4823722435
850173,2025-12-15,721.6,718.59,729.55,714.23,0.53265593,6.7237884983
850173,2025-12-16,719.85,722.22,731.95,715.37,0.54056089,6.4664827799
850173,2025-12-17,719.98,728.75,732.31,707.23,0.71601523,9.6944609465
850173,2025-12-18,718.52,713.42,725.42,711.27,0.49887015,6.3308886677
850173,2025-12-19,736.15,719.7,740.32,714.25,0.76017128,9.4008975691
850173,2025-12-22,744.48,734.53,749.2,731.22,0.6644223,8.1699535095
850173,2025-12-23,735.82,743.65,748.88,733.69,0.50327354,6.3869943967
850173,2025-12-24,728.62,734.03,736.34,721.84,0.52593925,6.3532705469
850173,2025-12-25,732.33,730.13,739.27,723.44,0.46239685,5.9684313176999995
850173,2025-12-26,734.28,730.84,739.98,728.1,0.43850885,5.6100382714
850173,2025-12-29,733.33,733.29,742.97,727.03,0.50267331,6.4191281775
850173,2025-12-30,735.99,733.02,745.69,727.88,0.53726618,7.0563181171
850173,2025-12-31,732.35,735.23,738.67,727.19,0.44154106,5.486080052999999
850173,2026-01-05,738.22,732.46,743.84,728.13,0.60705595,7.4339388276
850173,2026-01-06,742.37,738.58,745.14,733.68,0.60260366,7.8266866748
850173,2026-01-07,741.04,745.14,756.07,738.45,0.69461961,8.4008655017
850173,2026-01-08,745.52,743.36,756.75,738.16,0.64340339,8.0360391803
850173,2026-01-09,750.9,746.98,755.46,741.63,0.65946333,8.2976861233
850173,2026-01-12,759.16,751.93,762.17,740.35,0.95023735,11.8572323412
850173,2026-01-13,746.03,756.4,762.44,743.08,0.82667563,10.2073407005
850173,2026-01-14,740.72,746.48,754.34,733.65,0.93151037,11.487014285499999
850173,2026-01-15,748.77,744.64,757.43,742.3,0.75206062,10.1624731418
850173,2026-01-16,737.85,749.08,752.65,732.9,0.69786804,9.1425185946
850173,2026-01-19,752.74,737.95,757.91,735.28,0.84868916,10.737975309600001
850173,2026-01-20,752.25,752.06,761.76,746.42,0.79272223,10.225148798300001
850173,2026-01-21,746.91,753.08,757.26,740.9,0.70249425,8.8662832899
850173,2026-01-22,747.31,746.41,750.35,740.29,0.55357036,7.091121704600001
850173,2026-01-23,750.9,747.69,754.19,744.5,0.62259499,7.9102882947
850173,2026-01-26,762.2,750.54,765.66,742.74,1.07689246,13.657528975899998
850173,2026-01-27,746.35,763.36,770.96,736.73,1.09644137,13.7721452975
850173,2026-01-28,761.7,744.64,773.79,737.14,1.16254409,15.927219563900001
850173,2026-01-29,771.19,758.06,775.16,755.08,1.08126564,15.1993863192
850173,2026-01-30,778.79,769.96,799.24,765.87,1.52268839,23.0121143545
850173,2026-02-02,763.03,772.33,785.75,758.04,1.27312668,18.1814937662
850173,2026-02-03,765.04,765.98,770.41,751.74,0.90499192,12.8936446602
850173,2026-02-04,772.31,767.84,776.18,755.5,0.83119043,12.0344378992
850173,2026-02-05,771.53,770.31,788.05,767.97,0.80834587,11.7559635758
850173,2026-02-06,786.74,766.44,802.24,762.71,1.08772185,15.779449083900001
850173,2026-02-09,795.0,792.78,800.2,783.6,0.7743488,11.2607775159
850173,2026-02-10,791.1,797.95,801.1,785.42,0.61028024,8.7605806938
850173,2026-02-11,794.73,791.45,799.65,784.74,0.60501255,8.7376630239
850173,2026-02-12,776.05,796.33,797.25,774.27,0.66693815,8.7793175339
850173,2026-02-13,769.0,778.13,785.89,768.17,0.55183157,7.1621271101
850173,2026-02-24,777.75,775.22,785.73,766.41,0.63078499,8.126150515
850173,2026-02-25,786.17,779.42,792.43,774.91,0.67010584,8.793508109400001
850173,2026-02-26,792.02,787.54,797.08,780.25,0.61529119,8.4256593259
850173,2026-02-27,812.03,790.36,815.17,787.62,0.86304942,12.8229759874
850173,2026-03-02,807.91,800.83,819.0,790.85,0.93697538,12.9586803194
850173,2026-03-03,801.41,806.81,821.66,796.22,1.08536716,16.0993661334
850173,2026-03-04,808.92,797.16,819.64,792.67,1.01139079,15.581112171600001
850173,2026-03-05,791.17,811.36,813.21,784.57,0.95740132,13.6546946061
850173,2026-03-06,824.03,790.68,828.14,786.59,1.41395817,20.428996508
850173,2026-03-09,820.39,824.09,838.7,810.72,1.27389402,19.0887551035
850173,2026-03-10,819.15,816.52,828.01,808.1,0.89959362,13.2195115829
850173,2026-03-11,819.85,819.68,825.52,804.91,0.80093424,11.5375933995
850173,2026-03-12,822.98,820.63,830.42,805.05,0.97914269,13.621029509400001
850173,2026-03-13,807.15,820.84,829.87,804.62,0.90273816,12.0202410015
850173,2026-03-16,814.53,808.78,831.29,807.15,0.88616862,12.0828131882
850173,2026-03-17,799.23,812.23,826.45,798.28,0.72941464,9.8779146224
850173,2026-03-18,791.24,801.17,805.35,781.32,0.80330453,9.9473699832
850173,2026-03-19,776.86,787.91,795.15,771.98,0.71613516,8.9428390552
850173,2026-03-20,769.44,779.05,792.97,768.31,0.69338893,8.5782419482
850173,2026-03-23,717.74,760.2,763.41,711.46,1.15051865,13.449512193699999
850173,2026-03-24,726.79,727.97,732.5,708.16,0.72935809,8.3959272316
850173,2026-03-25,733.14,728.44,741.52,723.88,0.59588969,6.899502994700001
850173,2026-03-26,744.4,733.73,750.42,723.62,0.75688399,9.7505302478
850173,2026-03-27,759.14,734.99,766.48,733.17,0.6828069,8.4265989902
850173,2026-03-30,762.49,753.33,772.13,750.46,0.58314588,7.2354680416
850173,2026-03-31,740.64,763.75,773.02,739.37,0.62199109,7.2193985001
850173,2026-04-01,751.05,748.82,755.91,738.55,0.55459157,6.6649171441999995
850173,2026-04-02,766.27,751.21,778.38,747.21,0.80007826,10.740825211199999
850173,2026-04-03,741.52,764.25,767.96,735.07,0.67242431,7.940106642000001
850173,2026-04-07,760.82,741.02,772.44,735.65,0.82024311,9.597697631
850173,2026-04-08,769.22,762.77,772.31,755.53,0.69993355,8.5794242896
850173,2026-04-09,767.52,766.13,775.02,759.42,0.51243913,6.4792842874000005
850173,2026-04-10,766.15,769.17,773.85,762.05,0.46025446,5.896300120199999
850173,2026-04-13,790.39,776.99,799.76,763.31,0.88888783,12.7967395954
850173,2026-04-14,800.21,789.65,804.41,777.93,0.88769868,12.2499903874
850173,2026-04-15,802.32,795.43,807.71,786.01,0.74705944,10.5456075813
850173,2026-04-16,806.65,799.84,812.57,788.13,0.77230632,11.0416123082
850173,2026-04-17,798.68,804.03,811.07,791.37,0.6162381,8.299675608200001
850173,2026-04-20,801.94,799.88,812.13,785.86,0.63917912,8.384723511699999
850173,2026-04-21,827.27,801.78,839.12,799.77,1.03590166,13.528584377
850173,2026-04-22,824.02,823.86,849.08,817.84,1.13216088,16.6116378064
850173,2026-04-23,814.94,819.75,833.65,802.65,0.92846888,13.086866458900001
850173,2026-04-24,807.18,814.13,822.05,801.68,0.79009649,10.512505424
850173,2026-04-27,797.73,809.28,817.76,790.45,0.79588041,10.146922503099999
850173,2026-04-28,801.38,796.41,807.12,787.11,0.74335522,8.760402279900001
850173,2026-04-29,818.55,800.95,831.23,794.69,0.84257879,11.053794110799998
850173,2026-04-30,823.79,816.28,832.48,812.07,0.68189258,8.859634481599999
850173,2026-05-06,845.4,829.27,849.19,821.83,0.90799299,12.073262661800001
850173,2026-05-07,830.53,841.41,850.13,824.04,0.75601998,9.6524223723
850173,2026-05-08,821.93,830.56,844.04,814.96,0.68687989,9.1669109514
850173,2026-05-11,818.64,824.05,834.19,811.02,0.76364473,10.2990721482
850173,2026-05-12,804.83,819.35,827.8,797.14,0.80824301,10.800462958699999
850173,2026-05-13,801.63,805.99,813.97,794.72,0.60182379,7.8139259784
850173,2026-05-14,837.74,802.28,853.04,795.09,1.21477109,17.1597774188
850173,2026-05-15,819.72,830.48,839.8,805.61,1.06915869,13.4255615079
850173,2026-05-18,793.87,815.51,821.66,783.46,1.08570094,12.2701935212
850173,2026-05-19,788.3,796.19,811.82,773.95,0.84405643,9.696275204600001
850173,2026-05-20,780.86,784.69,793.94,772.63,0.5781069,6.9717330899
850173,2026-05-21,768.78,781.33,797.32,766.62,0.80067652,9.2934085646
850173,2026-05-22,760.69,773.68,778.5,754.18,0.57943675,6.8401882634
850173,2026-05-25,759.54,763.61,771.79,749.84,0.57315716,7.170371081799999
850173,2026-05-26,762.88,756.39,773.95,750.98,0.63925996,8.140422885700001
850173,2026-05-27,757.77,764.86,777.04,750.43,0.7470441,9.1047632954
850173,2026-05-28,745.0,753.14,760.89,733.03,0.65483738,7.9036749835
850173,2026-05-29,748.34,745.29,759.34,737.51,0.72966288,8.9718711175
850173,2026-06-01,785.48,751.8,794.19,746.52,1.28146519,16.4564045355
850173,2026-06-02,764.83,780.08,788.55,756.72,0.95858264,11.7613111077
850173,2026-06-03,756.95,761.71,769.23,742.42,0.87151952,11.0357454401
850173,2026-06-04,720.93,750.8,765.63,714.55,1.29333936,16.3002476267
850173,2026-06-05,715.97,718.14,730.91,704.74,0.83344845,10.2306620439
850173,2026-06-08,719.81,716.27,750.96,705.56,1.17375087,14.0344107725
850173,2026-06-09,703.43,717.87,720.65,693.19,1.00907406,11.298077116500002
850173,2026-06-10,712.96,702.46,724.19,695.37,0.95823731,10.677389050599999
850173,2026-06-11,715.88,709.4,727.1,700.25,0.98595264,11.534942774700001
850173,2026-06-12,729.44,715.36,736.03,702.56,1.10456778,11.8685199956
850173,2026-06-15,730.36,728.17,739.22,718.77,0.97072899,10.5756681976
850173,2026-06-16,720.2,727.57,731.49,708.15,0.79305314,9.070109565800001
850173,2026-06-17,708.23,716.55,723.98,701.61,0.72759325,8.2355841627
850173,2026-06-18,701.25,705.71,713.27,692.89,0.72494175,8.0087778109
850173,2026-06-22,702.42,694.99,705.01,671.73,0.89744289,9.4060310963
850173,2026-06-23,696.28,695.75,717.81,692.97,0.67193845,7.155405147100001
850173,2026-06-24,676.19,697.19,699.75,671.2,0.64339506,6.6282189988999995
850173,2026-06-25,665.73,674.73,680.46,657.31,0.62781314,6.7506498072
850173,2026-06-26,663.57,667.31,686.01,651.38,0.8447349,9.0612072888
850173,2026-06-29,672.71,661.84,687.21,647.59,0.96096218,10.0401011276
850173,2026-06-30,662.59,669.52,674.28,652.22,0.69861246,6.7704492123
850173,2026-07-01,712.03,692.65,728.25,676.12,1.89954945,20.1313230112
850173,2026-07-02,737.78,724.86,745.33,715.41,1.93655119,20.5555984117
850173,2026-07-03,732.62,742.01,755.58,721.97,2.15574537,21.764367384899998
850173,2026-07-06,755.34,735.17,766.3,724.53,2.10008675,21.8906888529
850173,2026-07-07,729.91,744.84,754.21,721.02,1.53393753,15.678279807000001
850173,2026-07-08,713.16,725.59,740.08,705.72,1.22418174,12.222398456099999
850173,2026-07-09,706.52,704.64,722.15,695.92,1.03385837,10.4693450585
850173,2026-07-10,725.49,702.48,731.17,692.52,1.28196009,12.8779748864
850173,2026-07-13,727.13,719.6,740.71,712.47,1.38655816,13.535769125
850173,2026-07-14,741.64,724.86,746.25,715.15,1.41442797,13.745901316300001
850173,2026-07-15,750.39,735.84,759.01,732.11,1.26606317,12.7247176263
850173,2026-07-16,752.49,746.27,768.69,738.31,1.25800648,13.4491394395
850173,2026-07-17,728.89,747.93,757.82,723.39,1.41070614,13.936570975999999
850173,2026-07-20,729.01,728.92,744.31,714.59,1.2785681,12.6579954571
850173,2026-07-21,721.57,725.86,741.59,709.19,1.37227388,14.5944214455
850173,2026-07-22,722.78,715.48,729.81,706.32,0.99771631,10.344199226499999
850173,2026-07-23,738.53,728.63,744.53,718.0,1.49305126,14.6680316789
850173,2026-07-24,705.99,729.6,737.54,704.5,1.29570227,12.378001033199999
850173,2026-07-27,712.79,701.91,717.11,696.33,0.80681477,7.9055213254
850173,2026-07-28,707.72,707.99,717.54,700.24,0.74684403,7.230303135900001
850173,2026-07-29,732.84,708.59,737.73,705.95,1.13742116,11.4969906831
850173,2026-07-30,735.45,729.5,748.89,723.4,0.91236904,9.3664488833
850173,2026-07-31,744.15,729.57,746.86,724.5,0.9110434,9.215103059
850173,2026-08-03,748.64,742.12,760.68,736.6,0.8595102,9.152246009299999
850173,2026-08-04,740.89,749.33,753.3,734.86,0.76049745,7.848052085700001
850173,2026-08-05,748.89,740.78,754.96,735.67,0.79006132,8.0942053968
850173,2026-08-06,749.83,749.17,753.98,739.12,0.71520642,7.5405663297
850173,2026-08-07,747.66,747.01,753.05,737.23,0.67152779,6.9185047964
850173,2026-08-10,794.06,749.83,796.86,748.17,1.44038121,15.454051389000002
850173,2026-08-11,799.02,803.17,823.27,794.54,2.7450054,30.2011071512
850173,2026-08-12,779.09,794.86,799.76,771.86,2.00127282,21.5982753388
850173,2026-08-13,769.51,777.6,784.46,763.01,1.27763466,13.820127013499999
850173,2026-08-14,760.15,770.18,776.76,753.38,1.17833979,12.1032146432
850173,2026-08-17,763.49,761.34,770.73,752.44,1.17416781,12.462680710899999
850173,2026-08-18,771.12,759.33,783.34,756.83,1.71899559,19.641423058900003
850173,2026-08-19,753.49,771.51,781.18,750.83,1.46536533,16.64597063
850173,2026-08-20,763.01,751.08,768.88,746.11,1.26067649,14.0436219459
850173,2026-08-21,747.75,757.36,770.75,742.23,1.20906091,13.065224692100001
850173,2026-08-24,741.83,744.4,747.19,722.87,1.12984969,12.187120242
850173,2026-08-25,759.6,737.24,760.93,734.66,1.02427641,11.1215806451
850173,2026-08-26,765.27,756.01,772.03,753.08,0.8394755,9.6268098458
850173,2026-08-27,769.94,763.26,773.94,754.42,0.84229038,8.9859432333
850173,2026-08-28,774.38,769.57,777.51,758.83,0.90584396,9.5153823072
850173,2026-08-31,777.56,774.88,791.11,767.23,1.14519495,12.5576348416
850173,2026-09-01,791.47,773.54,800.87,771.77,1.52451157,16.3223198722
850173,2026-09-02,774.72,787.11,792.34,768.5,1.21997515,12.9299007459
850173,2026-09-03,769.7,773.57,778.51,761.29,0.76515474,8.3304061295
850173,2026-09-04,806.02,769.39,816.44,764.21,1.68537312,19.903319835599998
850173,2026-09-07,813.04,803.19,818.05,796.96,1.2756764,14.744634290699999
850173,2026-09-08,817.11,813.83,825.2,805.53,1.18477337,13.8355506298
850173,2026-09-09,819.73,813.48,828.88,809.68,1.16803438,13.3943050395
850173,2026-09-10,799.95,817.72,821.84,797.81,1.03536285,11.278292155399999
850173,2026-09-11,778.93,794.86,801.14,773.7,1.12406446,11.449283227899999
850173,2026-09-14,766.47,776.36,783.44,760.57,0.98278699,9.878525437999999
850173,2026-09-15,764.77,767.49,781.22,758.32,0.7079746,7.7989467202
850173,2026-09-16,754.43,762.93,767.54,747.13,0.72025742,7.592377245
850173,2026-09-17,748.65,753.09,761.76,740.11,0.70792024,8.3287880977
850173,2026-09-18,753.18,749.19,758.11,742.54,0.59801152,6.6255517192
850173,2026-09-21,762.48,753.09,766.15,748.04,0.69004647,7.7041925901
850173,2026-09-22,759.76,760.57,769.17,748.82,0.69923658,7.3106491076
850173,2026-09-23,749.79,758.57,763.65,747.72,0.58066173,5.882900522100001
850173,2026-09-24,739.77,749.64,754.84,736.54,0.4941709,5.1654966951
