行业代码,行业名称,上级行业,成份个数,静态市盈率,TTM(滚动)市盈率,市净率,静态股息率
801016.SI,种植业,农林牧渔,20,40.35,34.86,2.2,1.61
801015.SI,渔业,农林牧渔,6,62.22,68.26,1.71,0.56
801011.SI,林业Ⅱ,农林牧渔,4,295.76,181.28,3.66,0.32
801014.SI,饲料,农林牧渔,18,18.85,24.99,2.8,1.93
801012.SI,农产品加工,农林牧渔,23,37.54,35.32,1.72,1.02
801017.SI,养殖业,农林牧渔,22,23.79,27.34,1.73,3.39
801018.SI,动物保健Ⅱ,农林牧渔,9,28.78,30.8,1.66,1.59
801019.SI,农业综合Ⅱ,农林牧渔,2,35.68,37.54,1.37,3.27
801033.SI,化学原料,基础化工,57,23.37,18.3,2.02,2.18
801034.SI,化学制品,基础化工,172,24.87,22.77,2.27,1.45
801032.SI,化学纤维,基础化工,26,35.33,26.44,1.87,1.73
801036.SI,塑料,基础化工,73,57.54,48.63,3.62,0.6
801037.SI,橡胶,基础化工,17,39.03,43.22,3.24,1.08
801038.SI,农化制品,基础化工,59,17.83,14.98,2.04,2.52
801039.SI,非金属材料Ⅱ,基础化工,8,64.24,67.87,4.44,0.46
801043.SI,冶钢原料,钢铁,10,29.33,27.1,2.04,2.07
801044.SI,普钢,钢铁,22,20.15,22.66,0.72,2.02
801045.SI,特钢Ⅱ,钢铁,12,11.8,12.43,1.35,4.14
801051.SI,金属新材料,有色金属,32,67.7,56.88,4.5,0.77
801055.SI,工业金属,有色金属,59,17.05,12.25,2.67,1.87
801053.SI,贵金属,有色金属,11,27.5,21.49,4.06,1.1
801054.SI,小金属,有色金属,27,53.13,37.63,4.92,0.68
801056.SI,能源金属,有色金属,12,30.34,14.54,1.78,0.82
801081.SI,半导体,电子,182,181.55,62.13,10.92,0.19
801083.SI,元件,电子,61,85.63,65.61,9.36,0.44
801084.SI,光学光电子,电子,93,49.7,43.4,2.83,0.74
801082.SI,其他电子Ⅱ,电子,33,65.0,35.99,5.21,0.5
801085.SI,消费电子,电子,91,35.35,29.68,4.8,0.9
801086.SI,电子化学品Ⅱ,电子,36,97.25,86.33,6.89,0.32
801093.SI,汽车零部件,汽车,244,22.46,22.75,2.32,1.93
801092.SI,汽车服务,汽车,9,19.5,18.64,1.35,2.4
801881.SI,摩托车及其他,汽车,17,22.03,24.11,3.44,2.62
801095.SI,乘用车,汽车,8,18.55,23.92,1.57,1.88
801096.SI,商用车,汽车,13,14.52,13.58,1.65,3.54
801111.SI,白色家电,家用电器,11,11.17,11.58,2.13,5.61
801112.SI,黑色家电,家用电器,9,25.48,21.01,1.95,1.67
801113.SI,小家电,家用电器,20,20.52,21.69,2.71,2.65
801114.SI,厨卫电器,家用电器,9,14.44,16.58,1.39,4.54
801115.SI,照明设备Ⅱ,家用电器,12,35.26,43.77,2.48,2.88
801116.SI,家电零部件Ⅱ,家用电器,29,36.54,37.17,3.61,0.97
801117.SI,其他家电Ⅱ,家用电器,3,29.71,26.9,1.71,1.39
801124.SI,食品加工,食品饮料,25,18.96,19.16,2.37,4.31
801125.SI,白酒Ⅱ,食品饮料,19,17.92,18.84,3.9,5.58
801126.SI,非白酒,食品饮料,16,20.62,19.83,2.25,3.04
801127.SI,饮料乳品,食品饮料,26,19.72,20.28,3.38,4.46
801128.SI,休闲食品,食品饮料,22,19.9,16.54,2.11,3.66
801129.SI,调味发酵品Ⅱ,食品饮料,14,27.81,26.02,3.88,3.1
801131.SI,纺织制造,纺织服饰,32,18.28,18.98,1.69,4.1
801132.SI,服装家纺,纺织服饰,59,21.52,20.89,1.61,3.55
801133.SI,饰品,纺织服饰,15,16.95,18.92,1.76,4.97
801143.SI,造纸,轻工制造,23,18.56,17.13,1.31,2.36
801141.SI,包装印刷,轻工制造,40,29.06,28.14,2.51,1.95
801142.SI,家居用品,轻工制造,73,18.62,20.82,2.22,3.39
801145.SI,文娱用品,轻工制造,20,26.92,28.91,2.4,2.06
801151.SI,化学制药,医药生物,150,36.85,34.51,3.07,1.38
801155.SI,中药Ⅱ,医药生物,66,19.5,20.31,1.95,3.35
801152.SI,生物制品,医药生物,52,31.01,23.54,2.46,1.8
801154.SI,医药商业,医药生物,32,14.52,15.47,1.11,2.45
801153.SI,医疗器械,医药生物,129,31.16,29.79,2.8,1.74
801156.SI,医疗服务,医药生物,51,35.72,33.61,4.5,0.94
801161.SI,电力,公用事业,109,18.43,20.1,1.68,2.71
801163.SI,燃气Ⅱ,公用事业,28,16.77,17.16,1.8,4.29
801178.SI,物流,交通运输,47,14.49,13.94,1.31,3.05
801179.SI,铁路公路,交通运输,33,15.62,15.69,0.98,3.63
801991.SI,航空机场,交通运输,12,20.79,21.3,1.87,2.17
801992.SI,航运港口,交通运输,34,13.81,13.0,1.26,3.94
801181.SI,房地产开发,房地产,83,9.33,8.07,0.92,2.06
801183.SI,房地产服务,房地产,12,25.41,25.72,1.67,1.86
801202.SI,贸易Ⅱ,商贸零售,12,15.65,12.93,1.49,2.15
801203.SI,一般零售,商贸零售,60,24.37,21.67,1.72,2.18
801204.SI,专业连锁Ⅱ,商贸零售,7,29.58,34.3,2.26,2.02
801206.SI,互联网电商,商贸零售,18,29.84,26.85,2.31,1.28
801207.SI,旅游零售Ⅱ,商贸零售,2,29.82,26.12,1.86,2.53
801216.SI,体育Ⅱ,社会服务,2,0.0,0.0,0.0,0.28
801218.SI,专业服务,社会服务,29,26.27,27.26,2.4,1.74
801219.SI,酒店餐饮,社会服务,9,22.61,20.93,1.3,2.23
801993.SI,旅游及景区,社会服务,25,34.72,36.41,2.32,2.02
801994.SI,教育,社会服务,17,45.5,48.65,9.39,1.69
801782.SI,国有大型银行Ⅱ,银行,6,8.15,7.98,0.76,5.24
801783.SI,股份制银行Ⅱ,银行,9,5.86,5.94,0.53,5.03
801784.SI,城商行Ⅱ,银行,17,6.49,6.23,0.68,4.28
801785.SI,农商行Ⅱ,银行,10,6.02,5.89,0.56,4.99
801193.SI,证券Ⅱ,非银金融,50,14.97,12.09,1.22,1.71
801194.SI,保险Ⅱ,非银金融,5,6.71,5.06,1.15,3.36
801191.SI,多元金融,非银金融,24,18.33,14.48,1.13,2.16
801231.SI,综合Ⅱ,综合,20,80.85,67.78,3.59,0.95
801711.SI,水泥,建筑材料,21,13.8,14.3,0.68,4.31
801712.SI,玻璃玻纤,建筑材料,16,83.22,63.64,6.83,0.77
801713.SI,装修建材,建筑材料,35,23.63,25.43,1.64,5.16
801721.SI,房屋建设Ⅱ,建筑装饰,8,5.68,6.97,0.43,5.06
801722.SI,装修装饰Ⅱ,建筑装饰,22,34.81,32.61,1.79,2.41
801723.SI,基础建设,建筑装饰,40,7.3,8.27,0.48,3.9
801724.SI,专业工程,建筑装饰,37,18.48,19.5,1.08,1.99
801726.SI,工程咨询服务Ⅱ,建筑装饰,40,31.11,35.14,1.89,1.38
801731.SI,电机Ⅱ,电力设备,26,45.35,50.28,3.4,0.99
801733.SI,其他电源设备Ⅱ,电力设备,32,51.1,44.48,2.78,0.75
801735.SI,光伏设备,电力设备,67,25.94,29.9,3.32,1.65
801736.SI,风电设备,电力设备,31,30.4,32.42,1.82,1.08
801737.SI,电池,电力设备,97,25.94,20.25,2.94,1.62
801738.SI,电网设备,电力设备,126,27.79,27.34,2.69,1.56
801072.SI,通用设备,机械设备,220,65.89,62.58,5.08,0.87
801074.SI,专用设备,机械设备,182,36.77,34.19,3.12,1.23
801076.SI,轨交设备Ⅱ,机械设备,30,15.09,14.8,1.12,3.58
801077.SI,工程机械,机械设备,28,18.15,18.65,1.86,2.59
801078.SI,自动化设备,机械设备,82,76.51,67.6,6.33,0.54
801741.SI,航天装备Ⅱ,国防军工,9,268.04,313.49,6.1,0.16
801742.SI,航空装备Ⅱ,国防军工,46,54.62,61.08,3.29,0.8
801743.SI,地面兵装Ⅱ,国防军工,12,105.66,116.27,2.54,0.55
801744.SI,航海装备Ⅱ,国防军工,10,48.09,27.15,2.94,0.42
801745.SI,军工电子Ⅱ,国防军工,60,63.72,58.78,4.33,0.83
801101.SI,计算机设备,计算机,82,29.7,25.74,3.28,1.97
801103.SI,IT服务Ⅱ,计算机,122,69.76,64.9,3.49,0.75
801104.SI,软件开发,计算机,130,64.74,53.27,4.69,0.74
801764.SI,游戏Ⅱ,传媒,26,18.82,15.93,2.81,2.44
801765.SI,广告营销,传媒,28,45.81,41.21,4.31,4.31
801766.SI,影视院线,传媒,19,108.79,88.37,2.4,0.79
801767.SI,数字媒体,传媒,14,44.73,59.04,2.41,0.9
801769.SI,出版,传媒,29,15.91,17.9,1.24,3.54
801995.SI,电视广播Ⅱ,传媒,14,36.17,37.01,1.03,2.21
801223.SI,通信服务,通信,37,16.34,17.32,1.44,4.44
801102.SI,通信设备,通信,85,86.68,62.4,10.3,0.32
801951.SI,煤炭开采,煤炭,26,18.54,16.87,1.84,4.91
801952.SI,焦炭Ⅱ,煤炭,7,116.19,66.09,0.64,0.53
801961.SI,油气开采Ⅱ,石油石化,4,12.95,11.49,1.79,3.87
801962.SI,油服工程,石油石化,13,18.07,18.18,1.38,2.44
801963.SI,炼化及贸易,石油石化,30,15.79,12.9,1.16,3.9
801971.SI,环境治理,环保,104,18.49,17.22,1.34,2.2
801972.SI,环保设备Ⅱ,环保,26,33.98,29.86,2.02,1.54
801981.SI,个护用品,美容护理,12,29.62,28.09,2.12,1.8
801982.SI,化妆品,美容护理,13,26.84,23.54,2.41,2.45
801983.SI,医疗美容,美容护理,3,28.19,33.84,2.98,3.49
