周期,能繁母猪存栏,猪肉产量,生猪存栏,生猪出栏
2009,4910.0,4932.85,47177.21,64465
2010,4750.0,5138.44,46765.25,66700
2011,4921.1,5131.65,47074.81,66170
2012,5043.2,5443.55,48030.24,69628
2013,5132.27,5618.6,47893.14,71557
2014,4962.53,5820.8,47160.21,73515
2015,4693.05,5645.41,45802.89,70825
2016,4456.18,5425.49,44209.17,68502
2017,4226.0,5451.8,44158.92,68861
2018,3189.0,5403.74,42817.11,69382
2019,3080.0,4255.31,31041.0,54419
2020,4161.0,4113.33,40650.0,52704
2021,4329.0,5296.0,44922.0,67128
2022,4390.0,5541.0,45256.0,69995
2023,4142.0,5794.0,43422.0,72662
2024,4078.0,5706.0,42743.0,70256
2025年一季度（末）,4039.0,1602.0,41731.0,19476
2025年二季度（末）,4043.0,1418.0,42447.0,17143
2025年7月,4042.0,0.0,0.0,0
2025年8月,4038.0,0.0,0.0,0
2025年三季度（末）,4035.0,1348.0,43680.0,16373
2025年10月,3990.0,0.0,0.0,0
