date,benzhou
2017-06-20,2.96
2017-06-28,2.96
2017-07-04,2.96
2017-07-11,2.97
2017-07-18,2.98
2017-07-25,2.98
2017-08-01,2.98
2017-08-08,2.98
2017-08-16,2.98
2017-08-22,2.99
2017-09-05,2.99
2017-09-12,2.99
2017-09-19,2.99
2017-09-26,3.0
2017-10-10,3.0
2017-10-17,3.0
2017-10-24,3.0
2017-10-31,3.0
2017-11-07,3.0
2017-11-07,3.0
2017-11-14,3.0
2017-11-21,3.0
2017-11-28,3.01
2017-12-05,3.01
2017-12-05,3.01
2017-12-12,3.02
2017-12-19,3.02
2017-12-26,3.02
2018-01-03,3.03
2018-01-09,3.03
2018-01-16,3.04
2018-01-23,3.04
2018-01-30,3.05
2018-02-06,3.05
2018-02-13,3.01
2018-02-22,3.0
2018-02-27,3.0
2018-03-06,3.01
2018-03-13,3.01
2018-03-20,3.03
2018-03-27,3.03
2018-04-03,3.03
2018-04-10,3.03
2018-04-17,3.04
2018-04-24,3.04
2018-05-03,3.03
2018-05-08,3.03
2018-05-15,3.02
2018-05-23,3.01
2018-05-29,3.0
2018-06-05,3.0
2018-06-12,3.0
2018-06-21,2.99
2018-06-26,2.99
2018-07-03,2.99
2018-07-10,2.99
2018-07-18,2.99
2018-07-24,2.99
2018-07-31,2.99
2018-08-07,2.99
2018-08-14,3.0
2018-08-21,3.0
2018-08-27,3.01
2018-09-04,3.01
2018-09-11,3.01
2018-09-11,3.01
2018-09-18,3.02
2018-09-26,3.03
2018-10-09,3.04
2018-10-16,3.05
2018-10-23,3.06
2018-10-30,3.06
2018-11-06,3.07
2018-11-13,3.07
2018-11-20,3.07
2018-11-27,3.07
2018-12-04,3.07
2018-12-11,3.07
2018-12-18,3.07
2018-12-25,3.07
2019-01-03,3.06
2019-01-08,3.06
2019-01-15,3.05
2019-01-22,3.05
2019-01-29,3.04
2019-02-12,3.03
2019-02-19,3.03
2019-02-26,3.03
2019-03-05,3.02
2019-03-19,3.01
2019-03-19,3.0
2019-03-26,2.99
2019-04-02,2.99
2019-04-09,2.98
2019-04-16,2.97
2019-04-23,2.97
2019-04-30,2.97
2019-05-07,2.97
2019-05-14,2.97
2019-05-14,2.97
2019-05-21,2.98
2019-05-28,2.98
2019-06-04,2.99
2019-06-11,3.01
2019-06-18,3.01
2019-06-25,3.02
2019-07-02,3.02
2019-07-09,3.02
2019-07-16,3.02
2019-07-23,3.02
2019-07-30,3.02
2019-07-30,3.02
2019-08-06,3.02
2019-08-13,3.02
2019-08-20,3.02
2019-08-27,3.03
2019-09-03,3.04
2019-09-10,3.05
2019-09-17,3.06
2019-09-24,3.06
2019-10-09,3.07
2019-10-15,3.07
2019-10-22,3.08
2019-10-29,3.09
2019-11-05,3.1
2019-11-12,3.09
2019-11-20,3.09
2019-11-26,3.09
2019-12-03,3.09
2019-12-03,3.09
2019-12-10,3.08
2019-12-10,3.08
2019-12-17,3.08
2019-12-24,3.07
2020-01-07,3.07
2020-01-14,3.07
2020-01-21,3.07
2020-02-11,3.09
2020-02-18,3.1
2020-02-25,3.12
2020-03-03,3.13
2020-03-10,3.13
2020-03-18,3.12
2020-03-24,3.12
2020-03-31,3.12
2020-04-07,3.13
2020-04-21,3.15
2020-04-21,3.15
2020-04-28,3.15
2020-05-07,3.16
2020-05-12,3.16
2020-05-19,3.16
2020-05-26,3.16
2020-06-02,3.16
2020-06-09,3.15
2020-06-16,3.15
2020-06-23,3.16
2020-06-30,3.16
2020-07-07,3.17
2020-07-14,3.18
2020-07-21,3.18
2020-07-28,3.19
2020-08-04,3.22
2020-08-11,3.24
2020-08-18,3.25
2020-08-25,3.26
2020-09-01,3.26
2020-09-08,3.26
2020-09-15,3.27
2020-09-22,3.27
2020-09-29,3.27
2020-10-13,3.29
2020-10-20,3.29
2020-10-27,3.32
2020-11-03,3.34
2020-11-10,3.35
2020-11-17,3.35
2020-11-25,3.36
2020-12-01,3.36
2020-12-08,3.37
2020-12-15,3.39
2020-12-22,3.4
2020-12-29,3.41
2021-01-05,3.41
2021-01-12,3.43
2021-01-19,3.49
2021-01-26,3.56
2021-02-02,3.59
2021-02-09,3.6
2021-02-23,3.61
2021-03-03,3.62
2021-03-10,3.63
2021-03-17,3.62
2021-03-24,3.6
2021-03-31,3.59
2021-04-07,3.58
2021-04-14,3.57
2021-04-21,3.57
2021-05-05,3.58
2021-05-18,3.59
2021-05-25,3.6
2021-06-02,3.61
2021-06-08,3.62
2021-06-16,3.62
2021-06-22,3.63
2021-06-29,3.63
2021-07-06,3.62
2021-07-13,3.62
2021-07-20,3.62
2021-07-27,3.61
2021-08-03,3.61
2021-08-10,3.61
2021-08-17,3.61
2021-08-24,3.62
2021-08-31,3.62
2021-09-07,3.62
2021-09-14,3.62
2021-09-22,3.63
2021-09-28,3.63
2021-10-12,3.62
2021-10-19,3.62
2021-10-26,3.62
2021-11-02,3.63
2021-11-09,3.63
2021-11-16,3.63
2021-11-23,3.64
2021-11-30,3.64
2021-12-07,3.64
2021-12-14,3.64
2021-12-21,3.64
2021-12-28,3.64
2022-01-05,3.64
2022-01-11,3.66
2022-01-18,3.67
2022-01-25,3.65
2022-02-01,3.66
2022-02-08,3.66
2022-02-15,3.67
2022-02-22,3.69
2022-03-02,3.72
2022-03-08,3.75
2022-03-15,3.79
2022-03-22,3.81
2022-03-29,3.84
2022-04-06,3.86
2022-04-12,3.86
2022-04-19,3.85
2022-04-26,3.86
2022-05-05,3.87
2022-05-09,3.86
2022-05-17,3.86
2022-05-24,3.86
2022-05-31,3.86
2022-06-07,3.86
2022-06-14,3.86
2022-06-21,3.87
2022-06-28,3.88
2022-07-05,3.88
2022-07-12,3.88
2022-07-19,3.88
2022-07-26,3.88
2022-08-02,3.87
2022-08-09,3.86
2022-08-16,3.86
2022-08-23,3.86
2022-08-30,3.87
2022-09-06,3.88
2022-09-14,3.89
2022-09-20,3.91
2022-09-27,3.94
2022-10-08,3.97
2022-10-11,3.99
2022-10-18,4.01
2022-10-25,4.04
2022-11-01,4.06
2022-11-08,4.07
2022-11-15,4.09
2022-11-21,4.1
2022-11-29,4.09
2022-12-06,4.1
2022-12-13,4.09
2022-12-20,4.09
2022-12-27,4.07
2023-01-04,4.06
2023-01-10,4.05
2023-01-17,4.04
2023-01-25,4.04
2023-02-01,4.05
2023-02-07,4.03
2023-02-14,4.03
2023-02-21,4.02
2023-03-01,3.97
2023-03-07,3.96
2023-03-14,3.95
2023-03-21,3.94
2023-03-28,3.91
2023-04-04,3.89
2023-04-11,3.88
2023-04-18,3.86
2023-04-25,3.87
2023-05-04,3.86
2023-05-09,3.86
2023-05-16,3.87
2023-05-23,3.87
2023-05-30,3.87
2023-06-06,3.85
2023-06-13,3.84
2023-06-20,3.84
2023-06-27,3.84
2023-07-04,3.84
2023-07-04,3.84
2023-07-11,3.85
2023-07-18,3.86
2023-07-19,3.87
2023-07-26,3.87
2023-08-02,3.88
2023-08-09,3.89
2023-08-16,3.9
2023-08-23,3.93
2023-08-30,3.94
2023-09-06,3.96
2023-09-13,3.96
2023-09-20,3.95
2023-09-27,3.94
2023-10-06,3.93
2023-10-11,3.91
2023-10-18,3.9
2023-10-25,3.88
2023-11-01,3.86
2023-11-08,3.85
2023-11-15,3.84
2023-11-22,3.83
2023-11-29,3.82
2023-12-06,3.81
2023-12-13,3.8
2023-12-20,3.79
2023-12-27,3.78
2024-01-03,3.77
2024-01-10,3.75
2024-01-17,3.73
2024-01-24,3.71
2024-02-01,3.69
2024-02-08,3.68
2024-02-18,3.67
2024-02-22,3.66
2024-02-29,3.64
2024-03-07,3.63
2024-03-14,3.63
2024-03-21,3.62
2024-03-28,3.61
2024-04-03,3.61
2024-04-11,3.6
2024-04-18,3.59
2024-04-25,3.58
2024-05-06,3.56
2024-05-09,3.56
2024-05-16,3.55
2024-05-23,3.55
2024-05-30,3.55
2024-06-06,3.55
2024-06-13,3.54
2024-06-20,3.54
2024-06-27,3.54
2024-07-04,3.54
2024-07-11,3.54
2024-07-18,3.54
2024-07-25,3.53
2024-08-01,3.53
2024-08-08,3.52
2024-08-15,3.5
2024-08-22,3.48
2024-08-29,3.48
2024-09-05,3.46
2024-09-12,3.46
2024-09-19,3.45
2024-09-26,3.44
2024-10-08,3.43
2024-10-10,3.43
2024-10-17,3.41
2024-10-24,3.41
2024-10-31,3.4
2024-11-07,3.4
2024-11-13,3.4
2024-11-20,3.39
2024-11-27,3.38
2024-12-05,3.38
2024-12-12,3.37
2024-12-19,3.36
2024-12-26,3.36
2025-01-02,3.35
2025-01-09,3.35
2025-01-16,3.34
2025-01-23,3.34
2025-01-27,3.34
2025-02-06,3.34
2025-02-13,3.37
2025-02-20,3.39
2025-02-27,3.4
2025-03-06,3.42
2025-03-13,3.43
2025-03-20,3.42
2025-03-27,3.41
2025-04-03,3.4
2025-04-10,3.4
2025-04-17,3.4
2025-04-24,3.41
2025-04-30,3.43
2025-05-08,3.43
2025-05-15,3.43
2025-05-22,3.42
2025-05-29,3.41
2025-06-05,3.4
2025-06-12,3.4
2025-06-19,3.39
2025-06-26,3.39
2025-07-03,3.39
2025-07-10,3.39
2025-07-17,3.39
2025-07-24,3.39
2025-07-31,3.39
2025-08-07,3.39
2025-08-14,3.39
2025-08-21,3.39
2025-08-28,3.4
2025-09-04,3.4
2025-09-11,3.4
2025-09-18,3.39
2025-09-25,3.38
2025-09-30,3.38
2025-10-09,3.38
2025-10-16,3.37
2025-10-23,3.36
2025-10-30,3.36
2025-11-06,3.36
2025-11-13,3.36
2025-11-20,3.36
2025-11-27,3.35
2025-12-04,3.36
2025-12-11,3.36
2025-12-18,3.36
2025-12-25,3.36
2025-12-31,3.36
2025-01-08,3.36
2025-01-15,3.36
2025-01-22,3.37
2025-02-05,3.37
2025-02-12,3.37
2025-02-24,3.37
2025-02-26,3.37
2025-03-05,3.38
2025-03-12,3.39
2025-03-19,3.4
2025-03-26,3.41
2025-04-02,3.41
2025-04-09,3.41
2025-04-16,3.41
2025-04-23,3.41
2025-04-30,3.4
2025-05-07,3.4
2025-05-14,3.4
2025-05-21,3.39
2025-05-28,3.39
2025-06-04,3.39
2025-06-11,3.38
2025-06-18,3.37
2025-06-25,3.36
2025-07-02,3.36
2025-07-09,3.36
2025-07-16,3.36
2025-07-23,3.36
2025-07-30,3.36
2025-08-06,3.35
2025-08-13,3.35
2025-08-20,3.35
