周期,白条肉平均出厂价格,环比,同比
2018年第01周,20.39,0.3,-13.71
2018年第02周,20.57,0.88,-13.64
2018年第03周,20.51,-0.29,-13.97
2018年第04周,20.45,-0.29,-14.86
2018年第05周,20.29,-0.78,-14.75
2018年第06周,19.88,-2.02,-14.75
2018年第07周,19.71,-0.86,-14.16
2018年第08周,19.41,-1.52,-14.68
2018年第09周,18.67,-3.81,-16.61
2018年第10周,17.9,-4.12,-18.53
2018年第11周,17.26,-3.58,-20.24
2018年第13周,16.25,-2.75,-24.42
2018年第14周,16.03,-1.35,-24.99
2018年第15周,15.85,-1.12,-25.27
2018年第16周,15.66,-1.2,-25.25
2018年第17周,15.49,-1.09,-25.17
2018年第18周,15.25,-1.55,-25.46
2018年第19周,15.14,-0.72,-24.71
2018年第20周,15.05,-0.59,-23.49
2018年第21周,15.3,1.66,-20.68
2018年第22周,15.66,2.35,-17.14
2018年第23周,15.84,1.15,-15.7
2018年第24周,15.99,0.95,-15.53
2018年第25周,16.06,0.44,-14.8
2018年第26周,16.03,-0.19,-15.72
2018年第27周,16.18,0.94,-15.02
2018年第28周,16.73,3.4,-12.09
2018年第29周,17.01,1.67,-10.61
2018年第30周,17.49,2.82,-8.14
2018年第31周,17.98,2.8,-6.5
2018年第32周,18.48,2.78,-5.04
2018年第33周,18.77,1.57,-4.04
2018年第34周,18.79,0.11,-4.67
2018年第35周,18.85,0.32,-4.85
2018年第36周,19.35,2.65,-2.57
2018年第37周,19.71,0.51,-0.66
2018年第38周,19.72,0.05,-0.65
2018年第39周,19.54,-0.91,-1.36
2018年第40周,19.61,0.36,-0.71
2018年第41周,19.57,-0.2,-0.51
2018年第43周,19.51,-0.31,-0.66
2018年第44周,19.58,0.36,-0.2
2018年第45周,19.43,-0.77,-0.87
2018年第46周,19.41,-0.1,-1.07
2018年第47周,19.24,-0.88,-2.09
2018年第48周,19.32,0.42,-2.52
2018年第49周,19.51,0.98,-3.18
2018年第50周,19.54,0.15,-3.6
2018年第51周,19.41,-0.67,-4.67
2018年第52周,19.29,-0.62,-5.12
2019年第01周,19.03,-1.35,-6.67
2019年第02周,18.54,-2.57,-9.87
2019年第03周,17.93,-3.29,-12.58
2019年第04周,17.14,-4.41,-16.19
2019年第05周,16.74,-2.33,-17.5
2019年第06周,17.65,5.44,-11.22
2019年第07周,17.25,-2.27,-12.48
2019年第08周,17.21,-0.23,-11.33
2019年第09周,17.03,-1.05,-8.78
2019年第10周,17.91,5.17,0.06
2019年第11周,19.31,7.82,11.88
2019年第12周,19.71,2.07,17.95
2019年第13周,19.72,0.05,21.35
2019年第14周,19.75,0.15,23.21
2019年第15周,19.69,-0.3,24.23
2019年第16周,19.45,-1.22,24.2
2019年第17周,19.43,-0.1,25.44
2019年第18周,19.58,0.77,28.39
2019年第19周,19.67,0.46,29.92
2019年第20周,19.66,-0.05,30.63
2019年第21周,19.54,-0.61,27.71
2019年第22周,19.69,0.77,25.73
2019年第23周,20.19,2.54,27.46
2019年第24周,20.52,1.63,28.33
2019年第25周,21.39,4.24,33.19
2019年第26周,21.86,2.2,36.37
2019年第27周,22.08,1.01,36.46
2019年第28周,22.82,3.35,36.4
2019年第29周,23.75,4.08,39.62
2019年第30周,24.13,1.6,37.96
2019年第31周,24.62,2.03,36.93
2019年第32周,26.75,8.65,44.75
2019年第33周,29.1,8.79,55.03
2019年第34周,31.08,6.8,65.41
2019年第35周,33.05,6.34,75.33
2019年第36周,34.52,4.45,78.4
2019年第37周,35.45,2.69,80.78
2019年第38周,36.02,1.61,82.75
2019年第39周,36.25,0.64,83.82
2019年第40周,38.06,4.99,94.78
2019年第41周,41.65,9.43,112.39
2019年第42周,45.06,8.19,130.25
2019年第43周,49.97,10.9,156.13
2019年第44周,50.64,1.34,158.63
2019年第45周,49.22,-2.8,153.32
2019年第46周,45.2,-8.17,132.87
2019年第47周,42.38,-6.2,120.3
2019年第48周,41.75,-1.49,116.1
2019年第49周,43.42,4.0,122.55
2019年第50周,43.22,-0.46,121.19
2019年第51周,43.18,-0.09,122.46
2019年第52周,43.28,0.23,124.36
2020年第01周,44.33,2.4,133.0
2020年第02周,45.81,3.3,147.1
2020年第03周,46.56,1.6,159.7
2020年第04周,47.07,1.1,174.6
2020年第05周,48.43,2.9,189.3
2020年第06周,49.33,1.9,179.5
2020年第07周,50.11,1.6,190.5
2020年第08周,49.71,-0.8,188.8
2020年第09周,48.39,-2.7,184.2
2020年第10周,47.73,-1.4,166.5
2020年第11周,47.46,-0.57,145.78
2020年第12周,46.87,-1.24,137.8
2020年第13周,45.77,-2.35,132.1
2020年第14周,44.93,-1.8,127.5
2020年第15周,44.18,-1.7,124.4
2020年第16周,43.67,-1.2,124.5
2020年第17周,43.05,-1.4,121.6
2020年第18周,42.32,-1.7,116.1
2020年第19周,41.09,-2.9,108.9
2020年第20周,38.37,-6.6,95.2
2020年第21周,37.78,-1.5,93.4
2020年第22周,38.42,1.7,95.1
2020年第23周,39.84,3.7,97.3
2020年第24周,40.85,2.5,99.1
2020年第25周,42.6,4.3,99.2
2020年第26周,43.8,2.8,100.4
2020年第27周,45.23,3.3,104.9
2020年第28周,47.21,4.4,106.9
2020年第29周,47.84,1.3,101.4
2020年第30周,47.6,-0.5,97.3
2020年第31周,47.79,0.4,94.1
2020年第32周,47.93,0.3,79.2
2020年第33周,47.79,-0.3,64.2
2020年第34周,47.77,-0.04,53.7
2020年第35周,47.62,-0.3,44.1
2020年第36周,47.48,-0.3,37.5
2020年第37周,46.95,-1.1,32.4
2020年第38周,46.08,-1.9,27.9
2020年第39周,44.81,-2.8,23.6
2020年第40周,44.1,-1.6,15.9
2020年第41周,42.93,-2.7,3.1
2020年第42周,40.9,-4.7,-9.2
2020年第45周,38.91,0.0,-21.0
2020年第46周,38.77,-0.4,-14.2
2020年第47周,38.66,-0.3,-8.8
2020年第48周,39.39,1.9,-5.7
2020年第49周,41.67,5.8,-4.0
2020年第50周,42.51,2.0,-1.6
2020年第51周,43.24,1.7,0.1
2020年第52周,43.83,1.4,1.3
2020年第53周,45.37,3.5,2.4
2021年第01周,46.26,2.0,1.0
2021年第02周,46.48,0.5,-0.2
2021年第03周,45.9,-1.3,-2.5
2021年第04周,44.9,-2.2,-7.3
2021年第05周,43.02,-4.2,-12.8
2021年第06周,42.49,-1.2,-15.2
2021年第07周,40.88,-3.8,-17.8
2021年第08周,38.49,-5.9,-20.5
2021年第09周,38.43,-0.2,-19.5
2021年第10周,37.76,-1.7,-20.4
2021年第11周,36.87,-2.4,-21.3
2021年第12周,35.84,-2.8,-21.7
2021年第13周,33.95,-5.3,-24.4
2021年第14周,31.36,-7.6,-29.0
2021年第15周,31.32,-0.1,-28.3
2021年第16周,31.14,-0.6,-27.7
2021年第17周,30.2,-3.0,-28.6
2021年第18周,28.88,-4.4,-29.7
2021年第19周,26.91,-6.8,-29.9
2021年第20周,25.8,-4.1,-31.7
2021年第21周,24.87,-3.6,-35.3
2021年第22周,23.72,-4.6,-40.5
2021年第23周,22.34,-5.8,-45.3
2021年第24周,21.04,-5.8,-50.6
2021年第25周,20.79,-1.2,-52.5
2021年第26周,22.64,8.9,-49.9
2021年第27周,22.75,0.5,-51.8
2021年第28周,22.36,-1.7,-53.3
2021年第29周,22.36,0.0,-53.0
2021年第30周,22.19,-0.8,-53.6
2021年第31周,21.98,-1.0,-54.1
2021年第32周,21.83,-0.7,-54.3
2021年第33周,21.48,-1.6,-55.0
2021年第34周,21.19,-1.4,-55.5
2021年第35周,20.54,-3.1,-56.7
2021年第36周,20.07,-2.3,-57.3
2021年第37周,19.54,-2.6,-57.6
2021年第38周,18.8,-3.8,-58.1
2021年第39周,17.95,-4.5,-59.3
2021年第40周,17.43,-2.9,-59.4
2021年第41周,18.68,7.2,-54.3
2021年第42周,20.47,9.6,-48.4
2021年第43周,22.25,8.7,-42.8
2021年第44周,23.0,3.4,-40.9
2021年第45周,23.92,4.0,-38.3
2021年第46周,24.55,2.6,-36.5
2021年第47周,25.04,2.0,-36.4
2021年第48周,25.15,0.4,-39.6
2021年第49周,24.64,-2.0,-42.0
2021年第50周,24.06,-2.4,-44.4
2021年第51周,23.62,-1.8,-46.1
2021年第52周,23.38,-1.0,-48.5
2022年第01周,22.85,-2.3,-50.6
2022年第02周,21.83,-4.5,-53.0
2022年第03周,21.49,-1.6,-53.2
2022年第04周,21.29,-0.9,-52.6
2022年第05周,21.35,0.3,-50.4
2022年第06周,20.31,-4.9,-52.2
2022年第07周,19.59,-3.5,-52.1
2022年第08周,19.23,-1.8,-50.0
2022年第09周,18.93,-1.6,-50.7
2022年第10周,18.65,-1.5,-50.6
2022年第11周,18.35,-1.6,-50.2
2022年第12周,18.38,0.2,-48.7
2022年第13周,18.47,0.5,-45.6
2022年第14周,18.52,0.3,-40.9
2022年第15周,18.59,0.4,-40.6
2022年第16周,19.75,6.2,-36.6
2022年第17周,20.43,3.4,-32.4
2022年第18周,20.71,1.4,-28.3
2022年第19周,21.0,1.4,-22.0
2022年第20周,21.43,2.0,-16.9
2022年第21周,21.62,0.9,-13.1
2022年第22周,21.69,0.3,-8.6
2022年第23周,21.69,0.0,-2.9
2022年第24周,22.05,1.7,4.8
2022年第25周,23.04,4.5,10.8
2022年第26周,25.3,9.8,11.8
2022年第27周,28.58,13.0,25.6
2022年第28周,29.22,2.2,30.7
2022年第29周,29.15,-0.2,30.4
2022年第30周,28.58,-2.0,28.8
2022年第31周,28.51,-0.2,29.7
2022年第32周,28.4,-0.4,30.1
2022年第33周,28.42,0.1,32.3
2022年第34周,29.06,2.3,37.1
2022年第35周,29.96,3.1,45.9
2022年第36周,30.38,1.4,51.4
2022年第37周,30.68,1.0,57.0
2022年第38周,31.2,1.7,66.0
2022年第39周,31.6,1.3,76.0
2022年第40周,32.82,3.9,88.3
2022年第41周,34.75,5.9,86.0
2022年第42周,36.0,3.6,75.9
2022年第43周,35.65,-1.0,60.2
2022年第44周,34.86,-2.2,51.6
2022年第45周,33.65,-3.5,40.7
2022年第46周,32.92,-2.2,34.1
2022年第47周,31.73,-3.6,26.7
2022年第48周,31.03,-2.2,23.4
2022年第49周,30.29,-2.4,22.9
2022年第50周,28.13,-7.1,16.9
2022年第51周,25.66,-8.8,8.6
2022年第52周,25.18,-1.9,7.7
2023年第01周,23.54,-6.5,3.0
2023年第02周,22.38,-4.9,2.5
2023年第03周,22.5,0.5,4.7
2023年第04周,22.49,0.0,5.6
2023年第05周,21.31,-5.2,-0.2
2023年第06周,20.94,-1.7,3.1
2023年第07周,21.06,0.6,7.5
2023年第08周,21.65,2.8,12.6
2023年第09周,21.87,1.0,15.5
2023年第10周,21.73,-0.6,16.5
2023年第11周,21.42,-1.4,16.7
2023年第12周,21.29,-0.6,15.8
2023年第13周,20.97,-1.5,13.5
2023年第14周,20.64,-1.6,11.5
2023年第15周,20.39,-1.2,9.7
2023年第16周,20.21,-0.9,2.3
2023年第17周,20.48,1.3,0.2
2023年第18周,20.43,-0.2,-1.4
2023年第19周,20.27,-0.8,-3.5
2023年第20周,20.14,-0.6,-6.0
2023年第21周,20.09,-0.3,-7.1
2023年第22周,20.11,0.1,-7.3
2023年第24周,20.05,0.0,-9.1
2023年第25周,20.07,0.1,-12.9
2023年第26周,19.87,-1.0,-21.5
2023年第27周,19.9,0.2,-30.5
2023年第28周,19.9,0.0,-31.9
2023年第29周,19.95,0.3,-31.6
2023年第30周,20.83,4.4,-27.1
2023年第31周,22.61,8.5,-20.7
2023年第32周,23.1,2.2,-18.7
2023年第33周,23.17,0.3,-18.5
2023年第34周,23.2,0.1,-20.2
2023年第35周,23.09,-0.5,-22.9
2023年第36周,22.87,-1.0,-24.7
2023年第38周,22.53,-0.9,-27.8
2023年第39周,22.38,-0.7,-29.2
2023年第40周,22.09,-1.3,-32.7
2023年第41周,21.76,-1.5,-37.4
2023年第42周,21.68,-0.4,-39.8
2023年第43周,21.32,-1.7,-40.2
2023年第44周,21.14,-0.8,-39.4
2023年第45周,21.01,-0.6,-37.6
2023年第46周,20.98,-0.1,-36.3
2023年第47周,21.06,0.4,-33.6
2023年第48周,20.94,-0.6,-32.5
2023年第49周,20.63,-1.5,-31.9
2023年第50周,20.65,0.1,-26.6
2023年第51周,20.77,0.6,-19.1
2023年第52周,20.62,-0.7,-18.1
2024年第01周,20.36,-1.3,-13.5
2024年第02周,20.04,-1.6,-10.5
2024年第03周,19.96,-0.4,-11.3
2024年第04周,20.51,2.8,-8.8
2024年第05周,21.31,3.9,-8.8
2024年第06周,21.45,0.7,2.4
2024年第07周,21.31,-0.7,1.2
2024年第08周,20.61,3.3,4.8
2024年第09周,20.32,-1.4,-7.1
2024年第10周,20.36,0.2,-6.3
2024年第11周,20.5,0.7,-4.3
2024年第12周,20.72,1.1,-2.7
2024年第13周,20.97,1.2,-2.7
2024年第14周,21.02,0.2,1.8
2024年第15周,21.02,0.2,3.1
2024年第16周,20.93,-0.4,3.6
2024年第17周,20.88,-0.2,2.0
2024年第18周,20.84,-0.2,2.0
2024年第19周,20.79,-0.2,2.6
2024年第20周,20.88,0.4,3.7
2024年第21周,21.49,2.9,7.0
2024年第22周,22.47,4.6,11.7
2024年第23周,23.56,4.9,17.4
2024年第24周,24.04,2.0,19.9
2024年第25周,24.02,-0.1,19.7
2024年第26周,23.69,-1.4,19.2
2024年第27周,23.85,0.7,19.8
2024年第28周,24.19,1.4,21.6
2024年第29周,24.66,1.9,23.6
2024年第30周,25.03,1.5,20.2
2024年第31周,25.47,1.8,12.6
2024年第32周,26.36,3.5,14.1
2024年第33周,27.02,2.5,16.6
2024年第34周,26.9,-0.4,15.9
2024年第35周,26.39,-1.9,14.3
2024年第36周,26.37,-0.1,15.3
2024年第37周,26.2,-0.6,15.2
2024年第38周,25.79,-1.6,14.5
2024年第39周,25.18,-2.4,12.5
2024年第40周,24.68,-2.0,11.7
2024年第41周,24.58,-0.4,13.0
2024年第42周,24.5,-0.3,13.0
2024年第43周,24.37,-0.5,14.3
2024年第44周,24.24,-0.5,14.7
2024年第45周,23.95,-1.2,14.0
2024年第46周,23.57,-1.6,12.3
2024年第47周,23.25,-1.4,10.4
2024年第48周,23.3,0.2,11.3
2024年第49周,23.05,-1.1,11.7
2024年第50周,22.79,-1.1,10.4
2024年第51周,22.69,-0.4,9.2
2024年第52周,22.61,-0.4,9.7
2025年第01周,22.74,0.6,11.7
2025年第02周,22.82,0.4,13.9
2025年第03周,22.78,-0.2,14.1
2025年第04周,22.9,0.5,11.7
2025年第05周,23.1,0.9,8.4
2025年第06周,22.62,-2.1,5.5
2025年第07周,22.02,-2.7,3.3
2025年第08周,21.87,-0.7,6.1
2025年第09周,21.73,-0.6,6.9
2025年第10周,21.56,-0.8,5.9
2025年第11周,21.5,-0.3,4.9
2025年第12周,21.42,-0.4,3.4
2025年第13周,21.32,-0.5,1.7
2025年第14周,21.27,-0.2,1.2
2025年第15周,21.16,-0.5,0.7
2025年第16周,21.2,0.2,1.3
2025年第17周,21.23,0.1,1.7
2025年第18周,21.16,-0.3,1.5
2025年第19周,21.08,-0.4,1.4
2025年第20周,21.0,-0.4,0.6
2025年第21周,20.87,-0.6,-2.9
2025年第22周,20.85,-0.1,-7.2
2025年第23周,20.74,-0.5,-12.0
2025年第24周,20.59,-0.7,-14.4
2025年第25周,20.6,0.05,-14.2
2025年第26周,20.66,0.3,-12.8
2025年第27周,21.01,1.7,-11.9
2025年第28周,21.1,0.4,-12.8
2025年第29周,20.96,-0.7,-15.0
2025年第30周,20.81,-0.7,-16.9
2025年第31周,19.55,-6.1,-23.2
2025年第32周,19.44,-0.6,-26.3
2025年第33周,19.27,-0.9,-28.7
2025年第34周,19.19,-0.4,-28.7
2025年第35周,19.15,-0.2,-27.4
2025年第36周,19.17,0.1,-27.3
2025年第37周,18.94,-1.2,-27.7
2025年第38周,18.63,-1.6,-27.8
2025年第39周,18.3,-1.8,-27.3
2025年第40周,18.07,-1.3,-26.8
2025年第41周,17.58,-2.7,-28.5
2025年第42周,17.05,-3.0,-30.4
2025年第43周,17.16,0.6,-29.6
2025年第44周,17.6,2.6,-27.4
2025年第45周,17.58,-0.1,-26.6
2025年第46周,17.46,-0.7,-25.9
2025年第47周,17.28,-1.0,-25.7
2025年第48周,17.14,-0.8,-26.4
2025年第49周,16.98,-0.9,-26.3
2025年第50周,16.98,0.0,-25.5
2025年第51周,17.03,0.3,-24.9
2025年第52周,17.1,0.4,-24.4
2026年第01周,17.62,3.0,-22.5
2026年第02周,17.81,1.1,-22.0
2026年第03周,17.99,1.0,-21.0
2026年第04周,18.28,1.6,-20.02
2026年第05周,18.24,-0.2,-21.0
2026年第06周,18.03,-1.2,-20.3
2026年第07周,17.86,-0.9,-18.9
2026年第08周,18.01,0.8,-17.6
2026年第09周,17.24,-4.3,-20.7
2026年第10周,16.55,-4.0,-23.2
2026年第11周,16.05,-3.0,-25.3
2026年第12周,15.85,-1.2,-26.0
2026年第13周,15.55,-1.9,-27.1
2026年第14周,15.19,-2.3,-28.6
2026年第15周,14.85,-2.2,-29.8
2026年第16周,14.66,-1.3,-30.8
2026年第17周,15.02,2.5,-29.3
2026年第18周,15.13,0.7,-28.5
2026年第19周,14.98,-1.0,-28.9
2026年第20周,14.91,-0.5,-29.0
2026年第21周,14.95,0.3,-28.4
2026年第22周,14.89,-0.4,-28.6
2026年第23周,14.74,-1.0,-28.9
2026年第24周,14.69,-0.3,-28.7
2026年第25周,14.67,-0.1,-28.8
2026年第26周,14.66,-0.1,-29.0
2026年第27周,15.05,2.7,-28.4
2026年第28周,15.79,4.9,-25.2
2026年第29周,15.93,0.9,-24.0
2026年第30周,15.83,-0.6,-23.9
2026年第31周,15.63,-1.3,-20.1
2026年第32周,15.56,-0.4,-20.0
2026年第33周,15.78,1.4,-18.1
