周期,大豆进口金额,大豆播种面积,玉米进口金额,玉米播种面积
2012,3498872.22,7405.0,168926.71,39109.23
2013,3798510.43,7050.0,93749.62,41299.21
2014,4027222.08,7098.0,72966.71,42996.81
2015,3483177.55,6827.0,110850.63,44968.39
2016,3398474.26,7598.5,63855.65,44177.61
2017,3963770.65,8244.8,60337.38,42399.0
2018,3806009.79,8412.8,78883.78,42129.0
2019,3533687.24,9331.73,106318.54,41284.06
2020,3954558.14,9882.5,248250.77,41264.26
2021,5352538.09,7025.8,803167.56,43324.24
2022,6122672.98,10240.0,710548.3,43070.1
2023,5975549.2,10473.8,901285.7,44218.9
2024,5270000.0,10333.3,371900.0,44740.7
