股票代码,报告日期,分类类型,主营构成,主营收入,收入比例,主营成本,成本比例,主营利润,利润比例,毛利率
000972,2026-06-30,按行业分类,制造业,187508317.86,0.952739,227750246.31,0.965851,-40241928.45,1.032032,-0.214614
000972,2026-06-30,按行业分类,其他,8779978.59,0.044612,,,,,
000972,2026-06-30,按行业分类,租赁服务,521459.84,0.00265,,,,,
000972,2026-06-30,按产品分类,大桶原料酱,182874750.0,0.929196,220648535.02,0.935734,-37773785.02,0.968735,-0.206555
000972,2026-06-30,按产品分类,种子,6226600.0,0.031638,5570985.0,0.023626,655615.0,-0.016814,0.105293
000972,2026-06-30,按产品分类,小包装番茄制品,3141248.06,0.015961,5469599.33,0.023196,-2328351.27,0.059712,-0.741219
000972,2026-06-30,按产品分类,快消品,2421447.91,0.012303,2061050.7,0.008741,360397.21,-0.009243,0.148835
000972,2026-06-30,按产品分类,番茄红素,1492319.8,0.007583,467550.15,0.001983,1024769.65,-0.026281,0.686696
000972,2026-06-30,按产品分类,其他(补充),653390.52,0.00332,420387.94,0.001783,233002.58,-0.005976,0.356605
000972,2026-06-30,按产品分类,钢桶,,,1164561.81,0.004939,-1164561.81,0.029866,
000972,2026-06-30,按地区分类,国内,192695305.43,0.979094,232449476.27,0.98578,-39754170.84,1.019523,-0.206306
000972,2026-06-30,按地区分类,国外,4114450.86,0.020906,3353193.68,0.01422,761257.18,-0.019523,0.18502
000972,2025-12-31,按行业分类,制造业,473095374.44,0.96135,551260864.77,0.968497,-78165490.33,1.014131,-0.165221
000972,2025-12-31,按行业分类,其他,15251920.74,0.030993,16218725.78,0.028494,-966805.04,0.012543,-0.063389
000972,2025-12-31,按行业分类,租赁服务,3768312.35,0.007657,2173826.53,0.003819,1594485.82,-0.020687,0.42313
000972,2025-12-31,按产品分类,大桶原料酱,448391602.07,0.911151,539902109.08,0.948541,-91510507.01,1.187271,-0.204086
000972,2025-12-31,按产品分类,番茄红素,17366578.81,0.03529,4078648.09,0.007166,13287930.72,-0.1724,0.765144
000972,2025-12-31,按产品分类,快消品,13697210.04,0.027833,14740596.61,0.025897,-1043386.57,0.013537,-0.076175
000972,2025-12-31,按产品分类,小包装番茄制品,6033883.83,0.012261,6160007.61,0.010822,-126123.78,0.001636,-0.020903
000972,2025-12-31,按产品分类,其他(补充),4609663.05,0.009367,2531855.71,0.004448,2077807.34,-0.026958,0.45075
000972,2025-12-31,按产品分类,钢桶,1303309.73,0.002648,1120099.99,0.001968,183209.74,-0.002377,0.140573
000972,2025-12-31,按产品分类,种子,713360.0,0.00145,658629.0,0.001157,54731.0,-0.00071,0.076723
000972,2025-12-31,按地区分类,国内,474418307.91,0.964038,548619083.39,0.963856,-74200775.48,0.962692,-0.156404
000972,2025-12-31,按地区分类,国外,17697299.62,0.035962,20572862.7,0.036144,-2875563.08,0.037308,-0.162486
000972,2025-06-30,按行业分类,制造业,235288903.74,0.960624,270583954.47,0.971078,-35295050.73,1.047032,-0.150007
000972,2025-06-30,按行业分类,其他,6583624.53,0.026879,,,,,
000972,2025-06-30,按行业分类,租赁服务,3060792.0,0.012496,,,,,
000972,2025-06-30,按产品分类,大桶原料酱,216446589.79,0.883696,262753871.52,0.942977,-46307281.73,1.373712,-0.213943
000972,2025-06-30,按产品分类,番茄红素,14140456.77,0.057732,3115011.52,0.011179,11025445.25,-0.327071,0.779709
000972,2025-06-30,按产品分类,快消品,5534963.27,0.022598,5419397.11,0.019449,115566.16,-0.003428,0.020879
000972,2025-06-30,按产品分类,小包装番茄制品,4680788.15,0.01911,4695809.99,0.016852,-15021.84,0.000446,-0.003209
000972,2025-06-30,按产品分类,其他(补充),3396093.26,0.013865,1980949.4,0.007109,1415143.86,-0.04198,0.416698
000972,2025-06-30,按产品分类,种子,713360.0,0.002912,658629.0,0.002364,54731.0,-0.001624,0.076723
000972,2025-06-30,按产品分类,钢桶,21069.03,8.6e-05,19261.44,6.9e-05,1807.59,-5.4e-05,0.085794
000972,2025-06-30,按地区分类,国内,225353907.07,0.920062,256839815.78,0.921752,-31485908.71,0.934034,-0.139718
000972,2025-06-30,按地区分类,国外,16183319.94,0.066072,19822164.8,0.071138,-3638844.86,0.107947,-0.224852
000972,2025-06-30,按地区分类,其他(补充),3396093.26,0.013865,1980949.4,0.007109,1415143.86,-0.04198,0.416698
000972,2024-12-31,按行业分类,制造业,264320769.62,0.857756,261449579.11,0.892928,2871190.51,0.187003,0.010863
000972,2024-12-31,按行业分类,其他,35339686.88,0.114682,26450005.1,0.090335,8889681.78,0.578991,0.25155
000972,2024-12-31,按行业分类,租赁服务,8493421.52,0.027562,4900558.53,0.016737,3592862.99,0.234006,0.423017
000972,2024-12-31,按产品分类,大桶原料酱,221670861.19,0.719351,228608429.76,0.780766,-6937568.57,-0.451849,-0.031297
000972,2024-12-31,按产品分类,钢桶,24825444.27,0.080562,22569427.74,0.077081,2256016.53,0.146936,0.090875
000972,2024-12-31,按产品分类,种子,20037340.0,0.065024,18485900.4,0.063135,1551439.6,0.101046,0.077427
000972,2024-12-31,按产品分类,其他(补充),13922415.85,0.04518,5474525.08,0.018697,8447890.77,0.550217,0.606783
000972,2024-12-31,按产品分类,快消品,9873352.55,0.03204,7390138.15,0.02524,2483214.4,0.161734,0.251507
000972,2024-12-31,按产品分类,小包装番茄制品,9287364.07,0.030139,7637668.27,0.026085,1649695.8,0.107446,0.177628
000972,2024-12-31,按产品分类,番茄红素,8537100.09,0.027704,2634053.34,0.008996,5903046.75,0.38447,0.691458
000972,2024-12-31,按地区分类,国内,284558176.11,0.923429,283112155.26,0.966913,1446020.85,0.09418,0.005082
000972,2024-12-31,按地区分类,其他(补充),13922415.85,0.04518,5474525.08,0.018697,8447890.77,0.550217,0.606783
000972,2024-12-31,按地区分类,国外,9673286.06,0.031391,4213462.4,0.01439,5459823.66,0.355602,0.564423
000972,2024-06-30,按行业分类,制造业,218585694.63,0.891715,179995913.23,0.888005,38589781.4,0.909439,0.176543
000972,2024-06-30,按行业分类,其他,24754385.06,0.100985,,,,,
000972,2024-06-30,按行业分类,租赁服务,1789484.98,0.0073,,,,,
000972,2024-06-30,按产品分类,大桶原料酱,193838986.96,0.790761,161225867.73,0.795403,32613119.23,0.768588,0.168249
000972,2024-06-30,按产品分类,种子,19822580.0,0.080866,17922530.0,0.08842,1900050.0,0.044778,0.095853
000972,2024-06-30,按产品分类,钢桶,15523398.25,0.063327,13587168.29,0.067032,1936229.96,0.045631,0.12473
000972,2024-06-30,按产品分类,小包装番茄制品,9440012.37,0.03851,7779486.98,0.03838,1660525.39,0.039133,0.175903
000972,2024-06-30,按产品分类,番茄红素,4503572.16,0.018372,983554.7,0.004852,3520017.46,0.082956,0.781606
000972,2024-06-30,按产品分类,其他(补充),1988822.0,0.008113,1194333.74,0.005892,794488.26,0.018724,0.399477
000972,2024-06-30,按产品分类,其他,12192.93,5e-05,4105.62,2e-05,8087.31,0.000191,0.663279
000972,2024-06-30,按地区分类,国内,238803012.81,0.974191,197868863.56,0.97618,40934149.25,0.964688,0.171414
000972,2024-06-30,按地区分类,国外,6326551.86,0.025809,4828183.5,0.02382,1498368.36,0.035312,0.236838
000972,2023-12-31,按行业分类,制造业,538073405.56,0.934513,401793729.18,0.933938,136279676.38,0.936213,0.253273
000972,2023-12-31,按行业分类,其他,26322532.13,0.045716,,,,,
000972,2023-12-31,按行业分类,租赁服务,11383512.22,0.019771,,,,,
000972,2023-12-31,按产品分类,大桶番茄酱,513168171.91,0.891258,383162724.29,0.890632,130005447.62,0.89311,0.253339
000972,2023-12-31,按产品分类,其他,21393504.6,0.037156,17916235.45,0.041645,3477269.15,0.023888,0.162539
000972,2023-12-31,按产品分类,小包装番茄制品,14763869.61,0.025642,13983951.75,0.032505,779917.86,0.005358,0.052826
000972,2023-12-31,按产品分类,租赁服务,11383512.22,0.019771,6408842.66,0.014897,4974669.56,0.034175,0.437007
000972,2023-12-31,按产品分类,农产品销售,8934097.46,0.015517,7678442.0,0.017848,1255655.46,0.008626,0.140546
000972,2023-12-31,按产品分类,番茄红素胶囊,6136294.11,0.010657,1064362.09,0.002474,5071932.02,0.034843,0.826546
000972,2023-12-31,按地区分类,国内,507967382.35,0.882226,386428275.19,0.898222,121539107.16,0.834948,0.239266
000972,2023-12-31,按地区分类,国外,67812067.56,0.117774,43786283.05,0.101778,24025784.51,0.165052,0.3543
000972,2023-06-30,按行业分类,制造业,282988929.3,0.982861,,,,,
000972,2023-06-30,按行业分类,其他,4778174.96,0.016595,,,,,
000972,2023-06-30,按行业分类,租赁服务,156574.92,0.000544,,,,,
000972,2023-06-30,按产品分类,大桶原料酱,256278381.43,0.890091,178775418.1,0.863729,77502963.33,0.957503,0.302417
000972,2023-06-30,按产品分类,小包装番茄制品,24926810.68,0.086574,23863559.17,0.115294,1063251.51,0.013136,0.042655
000972,2023-06-30,按产品分类,农产品销售,3088810.0,0.010728,2672060.0,0.01291,416750.0,0.005149,0.134923
000972,2023-06-30,按产品分类,其他(补充),1845939.88,0.006411,1265481.65,0.006114,580458.23,0.007171,0.314451
000972,2023-06-30,按产品分类,番茄红素,1783737.19,0.006195,404342.89,0.001954,1379394.3,0.017042,0.773317
000972,2023-06-30,按地区分类,国内,263614919.45,0.915572,192852233.46,0.931739,70762685.99,0.874231,0.268432
000972,2023-06-30,按地区分类,国外,22462819.85,0.078017,12863146.7,0.062147,9599673.15,0.118598,0.427358
000972,2023-06-30,按地区分类,其他(补充),1845939.88,0.006411,1265481.65,0.006114,580458.23,0.007171,0.314451
000972,2022-12-31,按行业分类,制造业,576599200.85,0.978472,427719466.46,0.984337,148879734.39,0.962004,0.258203
000972,2022-12-31,按行业分类,租赁服务,8990033.49,0.015256,,,,,
000972,2022-12-31,按行业分类,其他,3696316.0,0.006273,,,,,
000972,2022-12-31,按产品分类,大桶原料酱,488096441.04,0.828285,407398379.32,0.937571,80698061.72,0.52144,0.165332
000972,2022-12-31,按产品分类,番茄红素,88502759.81,0.150187,20321087.14,0.046766,68181672.67,0.440564,0.77039
000972,2022-12-31,按产品分类,其他(补充),12299406.7,0.020872,6591464.61,0.015169,5707942.09,0.036883,0.464083
000972,2022-12-31,按产品分类,小包装番茄制品,386942.79,0.000657,214579.14,0.000494,172363.65,0.001114,0.44545
000972,2022-12-31,按产品分类,其中:租赁服务,8990033.49,0.015256,6343804.44,0.014599,2646229.05,0.017099,0.294351
000972,2022-12-31,按产品分类,其中:销售材料,3297751.53,0.005596,247660.17,0.00057,3050091.36,0.019709,0.9249
000972,2022-12-31,按产品分类,其中:其他,11621.68,2e-05,0.0,,11621.68,7.5e-05,
000972,2022-12-31,按地区分类,国内,576986143.64,0.979128,427934045.6,0.984831,149052098.04,0.963117,0.258329
000972,2022-12-31,按地区分类,其他(补充),12299406.7,0.020872,6591464.61,0.015169,5707942.09,0.036883,0.464083
000972,2022-06-30,按行业分类,制造业,100583757.73,0.995081,92541855.74,0.99851,8041901.99,0.957252,0.079952
000972,2022-06-30,按行业分类,其他,273533.93,0.002706,0.0,,273533.93,0.03256,
000972,2022-06-30,按行业分类,租赁服务,223681.9,0.002213,138084.98,0.00149,85596.92,0.010189,0.382673
000972,2022-06-30,按产品分类,大桶原料酱,92225255.0,0.91239,91181133.96,0.983828,1044121.04,0.124285,0.011321
000972,2022-06-30,按产品分类,番茄红素,8358502.73,0.082691,1360721.78,0.014682,6997780.95,0.832967,0.837205
000972,2022-06-30,按产品分类,其他(补充),497215.83,0.004919,138084.98,0.00149,359130.85,0.042748,0.722284
000972,2022-06-30,按地区分类,国内,100583757.73,0.995081,92541855.74,0.99851,8041901.99,0.957252,0.079952
000972,2022-06-30,按地区分类,其他(补充),497215.83,0.004919,138084.98,0.00149,359130.85,0.042748,0.722284
000972,2021-12-31,按行业分类,制造业,165753883.7,0.950142,,,,,
000972,2021-12-31,按行业分类,租赁服务,7987472.83,0.045786,,,,,
000972,2021-12-31,按行业分类,其他,710256.33,0.004071,,,,,
000972,2021-12-31,按产品分类,大桶原料酱,158933143.77,0.911044,155157837.74,0.942934,3775306.03,0.3812,0.023754
000972,2021-12-31,按产品分类,其他(补充),8697729.16,0.049858,7416821.57,0.045074,1280907.59,0.129336,0.147269
000972,2021-12-31,按产品分类,番茄红素,6820739.93,0.039098,1973212.24,0.011992,4847527.69,0.489464,0.710704
000972,2021-12-31,按地区分类,国内,165753883.7,0.950142,157131049.98,0.954926,8622833.72,0.870664,0.052022
000972,2021-12-31,按地区分类,其他(补充),8697729.16,0.049858,7416821.57,0.045074,1280907.59,0.129336,0.147269
000972,2021-06-30,按行业分类,其他,3125663.72,1.0,3454096.38,1.0,-328432.66,1.0,-0.105076
000972,2021-06-30,按行业分类,制造业,0.0,,0.0,,0.0,,
000972,2021-06-30,按产品分类,其他,3125663.72,1.0,3454096.38,1.0,-328432.66,1.0,-0.105076
000972,2021-06-30,按产品分类,番茄红素制品,0.0,,0.0,,0.0,,
000972,2021-06-30,按地区分类,国内,3125663.72,1.0,3454096.38,1.0,-328432.66,1.0,-0.105076
000972,2020-12-31,按行业分类,租赁服务,22879701.44,0.996239,36439676.73,0.999055,-13559975.29,1.003843,-0.592664
000972,2020-12-31,按行业分类,其他,86366.17,0.003761,34458.97,0.000945,51907.2,-0.003843,0.601013
000972,2020-12-31,按产品分类,其他(补充),22879701.44,0.996239,36439676.73,0.999055,-13559975.29,1.003843,-0.592664
000972,2020-12-31,按产品分类,其他,86366.17,0.003761,34458.97,0.000945,51907.2,-0.003843,0.601013
000972,2020-12-31,按地区分类,其他(补充),22879701.44,0.996239,36439676.73,0.999055,-13559975.29,1.003843,-0.592664
000972,2020-12-31,按地区分类,国内,86366.17,0.003761,34458.97,0.000945,51907.2,-0.003843,0.601013
000972,2020-06-30,按行业分类,其他(补充),2759876.59,0.978092,5949866.09,0.995798,-3189989.5,1.011642,-1.155845
000972,2020-06-30,按行业分类,制造业,61817.49,0.021908,,,,,
000972,2020-06-30,按产品分类,租赁服务,2759876.59,0.978092,5949866.09,0.995798,-3189989.5,1.011642,-1.155845
000972,2020-06-30,按产品分类,番茄红素制品,61817.49,0.021908,25106.22,0.004202,36711.27,-0.011642,0.593865
000972,2020-06-30,按地区分类,其他(补充),2759876.59,0.978092,5949866.09,0.995798,-3189989.5,1.011642,-1.155845
000972,2020-06-30,按地区分类,国内,61817.49,0.021908,25106.22,0.004202,36711.27,-0.011642,0.593865
000972,2019-12-31,按行业分类,制造业,197338730.57,0.925652,188316204.63,0.940236,9022525.94,0.699269,0.045721
000972,2019-12-31,按行业分类,其他(补充),15850095.54,0.074348,11969831.84,0.059764,3880263.7,0.300731,0.24481
000972,2019-12-31,按产品分类,大桶番茄酱,192504754.63,0.902978,186242439.56,0.929882,6262315.07,0.485346,0.032531
000972,2019-12-31,按产品分类,其他(补充),15850095.54,0.074348,11969831.84,0.059764,3880263.7,0.300731,0.24481
000972,2019-12-31,按产品分类,其他,4833975.94,0.022675,2073765.07,0.010354,2760210.87,0.213924,0.571002
000972,2019-12-31,按地区分类,国内,213188826.11,1.0,200286036.47,1.0,12902789.64,1.0,0.060523
000972,2019-06-30,按行业分类,制造业,196094730.16,0.979112,186289147.8,0.987208,9805582.36,0.847137,0.050004
000972,2019-06-30,按行业分类,其他(补充),4183330.91,0.020888,2413953.61,0.012792,1769377.3,0.152863,0.422959
000972,2019-06-30,按产品分类,大桶原料酱,191379347.33,0.955568,184265075.44,0.976481,7114271.89,0.614626,0.037174
000972,2019-06-30,按产品分类,其他,4715382.83,0.023544,2024072.36,0.010726,2691310.47,0.232511,0.570751
000972,2019-06-30,按产品分类,其他(补充),4183330.91,0.020888,2413953.61,0.012792,1769377.3,0.152863,0.422959
000972,2019-06-30,按地区分类,国内,196094730.16,0.979112,186289147.8,0.987208,9805582.36,0.847137,0.050004
000972,2019-06-30,按地区分类,其他(补充),4183330.91,0.020888,2413953.61,0.012792,1769377.3,0.152863,0.422959
000972,2018-12-31,按行业分类,制造业,613359200.82,0.97876,726449665.44,0.983576,-113090464.62,1.010545,-0.184379
000972,2018-12-31,按行业分类,其他(补充),13310388.71,0.02124,12130284.56,0.016424,1180104.15,-0.010545,0.08866
000972,2018-12-31,按产品分类,大桶原料酱,519702876.01,0.829309,630820848.05,0.8541,-111117972.04,0.992919,-0.213811
000972,2018-12-31,按产品分类,小包装番茄制品,55085233.75,0.087902,80455843.36,0.108933,-25370609.61,0.226705,-0.46057
000972,2018-12-31,按产品分类,其他,38571091.06,0.061549,15172974.03,0.020543,23398117.03,-0.209079,0.606623
000972,2018-12-31,按产品分类,其他(补充),13310388.71,0.02124,12130284.56,0.016424,1180104.15,-0.010545,0.08866
000972,2018-12-31,按地区分类,国内,533549245.99,0.851404,616344623.67,0.8345,-82795377.68,0.739837,-0.155179
000972,2018-12-31,按地区分类,国外,79809954.83,0.127356,110105041.77,0.149077,-30295086.94,0.270709,-0.37959
000972,2018-12-31,按地区分类,其他(补充),13310388.71,0.02124,12130284.56,0.016424,1180104.15,-0.010545,0.08866
000972,2018-06-30,按行业分类,制造业,328337897.61,0.977164,323469134.29,0.962898,4868763.32,62.406001,0.014829
000972,2018-06-30,按行业分类,其他(补充),7673077.72,0.022836,12463823.49,0.037102,-4790745.77,-61.406001,-0.624358
000972,2018-06-30,按产品分类,大桶原料酱,263922435.29,0.785458,256798215.31,0.764433,7124219.98,91.315608,0.026994
000972,2018-06-30,按产品分类,小包装番茄制品,46976931.34,0.139808,56046679.34,0.166839,-9069748.0,-116.252664,-0.193068
000972,2018-06-30,按产品分类,其他,17438530.98,0.051899,10624239.64,0.031626,6814291.34,87.343057,0.390761
000972,2018-06-30,按产品分类,其他(补充),7673077.72,0.022836,12463823.49,0.037102,-4790745.77,-61.406001,-0.624358
000972,2018-06-30,按地区分类,国内,257264002.28,0.765642,243822559.89,0.725807,13441442.39,172.28742,0.052248
000972,2018-06-30,按地区分类,国外,71073895.33,0.211523,79646574.4,0.237091,-8572679.07,-109.881419,-0.120616
000972,2018-06-30,按地区分类,其他(补充),7673077.72,0.022836,12463823.49,0.037102,-4790745.77,-61.406001,-0.624358
000972,2017-12-31,按行业分类,制造业,499536660.99,0.964896,420079991.9,0.976714,79456669.09,0.906881,0.159061
000972,2017-12-31,按行业分类,其他(补充),18173943.79,0.035104,10015254.23,0.023286,8158689.56,0.093119,0.448922
000972,2017-12-31,按产品分类,大桶原料酱,292813714.91,0.565593,264147290.69,0.61416,28666424.22,0.327185,0.0979
000972,2017-12-31,按产品分类,小包装番茄制品,132224860.73,0.255403,132032841.84,0.306985,192018.89,0.002192,0.001452
000972,2017-12-31,按产品分类,其他,74498085.35,0.143899,23899859.37,0.055569,50598225.98,0.577504,0.679188
000972,2017-12-31,按产品分类,其他(补充),18173943.79,0.035104,10015254.23,0.023286,8158689.56,0.093119,0.448922
000972,2017-12-31,按地区分类,国外,291327090.6,0.562722,269823709.9,0.627358,21503380.7,0.245429,0.073812
000972,2017-12-31,按地区分类,国内,208209570.39,0.402174,150256282.0,0.349356,57953288.39,0.661451,0.278341
000972,2017-12-31,按地区分类,其他(补充),18173943.79,0.035104,10015254.23,0.023286,8158689.56,0.093119,0.448922
000972,2017-06-30,按行业分类,制造业,169306663.95,0.962129,141604044.39,0.944833,27702619.56,1.061451,0.163624
000972,2017-06-30,按行业分类,其他(补充),6664240.77,0.037871,8268029.75,0.055167,-1603788.98,-0.061451,-0.240656
000972,2017-06-30,按产品分类,大桶原料酱,106785702.42,0.606837,85226791.37,0.568664,21558911.05,0.826049,0.201889
000972,2017-06-30,按产品分类,小包装番茄制品,43670170.82,0.248167,44825747.25,0.299093,-1155576.43,-0.044277,-0.026461
000972,2017-06-30,按产品分类,其他,18850790.71,0.107124,11551505.77,0.077076,7299284.94,0.279679,0.387214
000972,2017-06-30,按产品分类,其他(补充),6664240.77,0.037871,8268029.75,0.055167,-1603788.98,-0.061451,-0.240656
000972,2017-06-30,按地区分类,国外,124530141.09,0.707675,99525781.6,0.664072,25004359.49,0.958064,0.20079
000972,2017-06-30,按地区分类,国内,44776522.86,0.254454,42078262.79,0.280761,2698260.07,0.103386,0.060261
000972,2017-06-30,按地区分类,其他(补充),6664240.77,0.037871,8268029.75,0.055167,-1603788.98,-0.061451,-0.240656
000972,2016-12-31,按行业分类,制造业,569964564.5,0.969037,523296208.44,0.972253,46668356.06,0.934384,0.081879
000972,2016-12-31,按行业分类,其他(补充),18211449.29,0.030963,14934239.48,0.027747,3277209.81,0.065616,0.179953
000972,2016-12-31,按产品分类,大桶原料酱,407999074.96,0.693668,393335091.65,0.730793,14663983.31,0.293599,0.035941
000972,2016-12-31,按产品分类,小包装番茄制品,109583930.49,0.186311,110984589.21,0.206203,-1400658.72,-0.028044,-0.012782
000972,2016-12-31,按产品分类,其他,52381559.05,0.089058,18976527.58,0.035257,33405031.47,0.668829,0.637725
000972,2016-12-31,按产品分类,其他(补充),18211449.29,0.030963,14934239.48,0.027747,3277209.81,0.065616,0.179953
000972,2016-12-31,按地区分类,国外,419698681.08,0.71356,395363229.31,0.734561,24335451.77,0.487239,0.057983
000972,2016-12-31,按地区分类,国内,150265883.42,0.255478,127932979.13,0.237692,22332904.29,0.447145,0.148623
000972,2016-12-31,按地区分类,其他(补充),18211449.29,0.030963,14934239.48,0.027747,3277209.81,0.065616,0.179953
000972,2016-06-30,按行业分类,制造业,162204288.08,0.9363,148198688.04,0.91937,14005600.04,1.162892,0.086345
000972,2016-06-30,按行业分类,其他(补充),11035386.39,0.0637,12997215.86,0.08063,-1961829.47,-0.162892,-0.177776
000972,2016-06-30,按产品分类,大桶原料酱,87328258.83,0.504089,76757596.99,0.476176,10570661.84,0.877687,0.121045
000972,2016-06-30,按产品分类,小包装番茄制品,60027678.13,0.346501,61031629.41,0.378618,-1003951.28,-0.083359,-0.016725
000972,2016-06-30,按产品分类,其他(补充),11035386.39,0.0637,12997215.86,0.08063,-1961829.47,-0.162892,-0.177776
000972,2016-06-30,按产品分类,其他,10912679.52,0.062992,8501084.89,0.052738,2411594.63,0.200236,0.22099
000972,2016-06-30,按产品分类,番茄红素,3935671.6,0.022718,1908376.75,0.011839,2027294.85,0.168327,0.515108
000972,2016-06-30,按地区分类,国外,121930905.93,0.703828,111755931.8,0.693293,10174974.13,0.844833,0.083449
000972,2016-06-30,按地区分类,国内,40273382.15,0.232472,36442756.24,0.226077,3830625.91,0.318059,0.095116
000972,2016-06-30,按地区分类,其他(补充),11035386.39,0.0637,12997215.86,0.08063,-1961829.47,-0.162892,-0.177776
000972,2015-12-31,按行业分类,制造业,674545470.79,0.987771,614251822.16,0.9911,60293648.63,0.955086,0.089384
000972,2015-12-31,按行业分类,其他(补充),8351236.68,0.012229,5515835.09,0.0089,2835401.59,0.044914,0.339519
000972,2015-12-31,按产品分类,大桶原料酱,451374868.0,0.660971,420842680.63,0.679033,30532187.37,0.483647,0.067643
