股东户数统计截止日,区间涨跌幅,股东户数-本次,股东户数-上次,股东户数-增减,股东户数-增减比例,户均持股市值,户均持股数量,总市值,总股本,股本变动,股本变动原因,股东户数公告日期,代码,名称
2013-03-31,25.59607293,13879,14387,-508,-3.530965454925,362374.479162764,20233.0809136105,5029395396.3,280814930,0,,2013-04-26,600201,生物股份
2013-04-19,4.29927415,14903,13879,1024,7.37805317386,351984.358343958,18842.8457357579,5245622892.4,280814930,0,,2013-04-26,600201,生物股份
2013-06-30,10.27837259,14072,14903,-831,-5.576058511709,411084.960062536,19955.58058556,5784787558.0,280814930,0,,2013-08-29,600201,生物股份
2013-09-30,13.15378417,13384,14072,-688,-4.889141557703,485509.375388524,20981.3904662283,6498057480.2,280814930,0,,2013-10-21,600201,生物股份
2013-12-31,11.36560069,12538,13384,-846,-6.320980274955,577173.452392726,22397.1071941298,7236600746.1,280814930,0,,2014-03-20,600201,生物股份
2014-03-13,3.06558013,11740,12538,-798,-6.364651459563,635301.92,23919.5,7458444540.8,280814930,0,,2014-03-20,600201,生物股份
2014-03-31,4.21686747,11530,11740,-210,-1.788756388416,674150.673235039,24355.1543798786,7772957262.4,280814930,0,,2014-04-29,600201,生物股份
2014-06-30,13.42678564,11031,11530,-499,-4.327840416305,806436.897978424,25913.7820687154,8895805421.6,285854930,5040000,股权激励,2014-08-22,600201,生物股份
2014-09-30,12.69280206,11876,11031,845,7.660230260176,844133.748324352,24069.9671606602,10024932395.1,285854930,0,,2014-10-25,600201,生物股份
2014-12-31,0.0285144,11594,11876,-282,-2.374536881105,864912.104916336,24655.4191823357,10027790944.4,285854930,0,,2015-03-19,600201,生物股份
2015-03-12,48.46066135,9393,11594,-2201,-18.983957219251,1584938.22574257,30432.7616310018,14887324754.4,285854930,0,,2015-03-19,600201,生物股份
2015-03-31,7.69969278,11650,9393,2257,24.028531885447,1376274.93765665,24536.9038626609,16033603023.7,285854930,0,,2015-04-28,600201,生物股份
2015-06-30,27.4411648,12582,11650,932,8.0,1618965.96897155,22763.8634557304,20369829821.6,286414930,560000,股权激励,2015-08-20,600201,生物股份
2015-09-30,-31.77727784,13190,12582,608,4.83230011127,1053590.02301744,21714.5511751327,13896852403.6,286414930,0,,2015-10-28,600201,生物股份
2015-12-31,52.39077149,21423,13190,8233,62.418498862775,988541.283863138,26739.0122765252,21177519924.2,572829860,286414930,分红派息,2016-04-27,600201,生物股份
2016-03-31,-16.31052204,18478,21423,-2945,-13.746907529291,959159.858664358,31000.6418443554,17723355868.4,572829860,0,,2016-04-27,600201,生物股份
2016-06-30,-10.36250239,21340,18478,2862,15.488689252084,733619.497366448,26843.0112464855,15655440073.8,572829860,0,,2016-08-26,600201,生物股份
2016-09-30,13.68459568,19285,21340,-2055,-9.629803186504,987847.877148043,31794.2670469277,19050646310.8,613152440,40322580,发行融资,2016-10-26,600201,生物股份
2016-12-31,1.67364017,17818,19285,-1467,-7.606948405497,1087074.05879448,34411.9676731395,19369485579.6,613152440,0,,2017-04-25,600201,生物股份
2017-03-31,7.24912947,15928,17818,-1890,-10.607251094399,1304219.27845304,38495.2561526871,20773604667.2,613152440,0,,2017-04-25,600201,生物股份
2017-06-30,6.54449169,18370,15928,2442,15.331491712707,1187252.71044094,33377.9227000544,21809832290.8,613152440,0,,2017-08-26,600201,生物股份
2017-09-30,-5.9881923,19007,18370,637,3.467610234077,1129947.99776924,33790.3109380754,21476921593.6,642252440,29100000,股权激励,2017-10-26,600201,生物股份
2017-12-31,32.85893453,19867,19007,860,4.524648813595,1436509.25775608,45258.6407610611,28539129423.84,899153416,256900976,分红派息,2018-04-28,600201,生物股份
2018-03-31,-13.73660996,23022,19867,3155,15.8806060301,1069360.63461385,39056.2686126314,24618820530.08,899153416,0,,2018-04-28,600201,生物股份
2018-06-30,-17.75787152,27738,23022,4716,20.484753713839,721194.204686712,42199.7779219843,20004484849.6,1170537440,271384024,"分红派息,股权激励",2018-08-22,600201,生物股份
2018-09-30,-0.40959626,27865,27738,127,0.45785564929,714966.704783779,42007.4444643818,19922547228.8,1170537440,0,,2018-10-26,600201,生物股份
2018-12-31,-2.46768508,26391,27865,-1474,-5.289790059214,736270.755333258,44353.6599598348,19430921504.0,1170537440,0,,2019-04-29,600201,生物股份
2019-03-31,7.10843373,35311,26391,8920,33.799401311053,583916.449292855,32841.1951233327,20618673740.98,1159655441,-10881999,资产重组,2019-04-29,600201,生物股份
2019-06-30,-11.75478065,41710,35311,6399,18.121831723825,436226.177638216,27802.8156557181,18194993869.29,1159655441,0,,2019-08-23,600201,生物股份
2019-09-30,22.94880879,38335,41710,-3375,-8.091584751858,554379.896900222,29378.9028563976,21252153347.67,1126240241,-33415200,资产重组,2019-10-19,600201,生物股份
2019-12-31,-0.79491256,39910,38335,1575,4.108517020999,528269.038123779,28219.4998997745,21083217311.52,1126240241,0,,2020-03-30,600201,生物股份
2020-02-29,16.39957265,31835,39910,-8075,-20.233024304686,770874.033340349,35377.4223653212,24540774851.39,1126240241,0,,2020-03-30,600201,生物股份
2020-03-31,-2.15695273,31515,31835,-320,-1.005182974713,761905.186042202,35736.6409963509,24011441938.12,1126240241,0,,2020-04-15,600201,生物股份
2020-06-30,30.90024757,31772,31515,257,0.81548468983,986860.389948382,35447.571478031,31354528309.44,1126240241,0,,2020-08-15,600201,生物股份
2020-09-30,-3.01724138,36158,31772,4386,13.804607830794,840989.172714199,31147.7471375629,30408486507.0,1126240241,0,,2020-10-23,600201,生物股份
2020-12-31,-22.62962963,40654,36158,4496,12.434316057304,578716.943830619,27703.0609780095,23527158634.49,1126240241,0,,2021-04-23,600201,生物股份
2021-03-31,-8.52082336,55256,40654,14602,35.917744871353,389504.325421855,20382.2252968003,21522451005.51,1126240241,0,,2021-04-23,600201,生物股份
2021-06-30,-8.05243296,59570,55256,4314,7.807296945128,329912.576891892,18906.1648648649,19652892205.45,1126240241,0,,2021-08-27,600201,生物股份
2021-09-30,-14.49856734,60708,59570,1138,1.910357562531,276782.918819925,18551.1339691639,16802937435.72,1126202241,-38000,资产重组,2021-10-29,600201,生物股份
2021-12-31,9.5844504,58428,60708,-2280,-3.755682941293,315146.961052064,19275.0434894229,18413406640.35,1126202241,0,,2022-04-22,600201,生物股份
2022-03-31,-28.56269113,67591,58428,9163,15.682549462586,194612.332631268,16662.0147800743,13154042174.88,1126202241,0,,2022-04-22,600201,生物股份
2022-06-30,-21.57534247,77279,67591,9688,14.333269222234,133490.502304119,14573.1989414977,10316012527.56,1126202241,0,,2022-08-30,600201,生物股份
2022-09-30,-13.56410427,74093,77279,-3186,-4.122724155333,118247.167037642,15121.1211045578,8761287347.32,1120369226,-5833015,资产重组,2022-10-31,600201,生物股份
2022-12-31,15.2173913,68838,74093,-5255,-7.092437882121,146641.778178622,16275.4470786484,10094526726.26,1120369226,0,,2023-04-21,600201,生物股份
2023-03-31,31.85349612,58496,68838,-10342,-15.023678782068,227536.693190646,19152.9203022429,13309986404.88,1120369226,0,,2023-04-21,600201,生物股份
2023-06-30,-19.43907166,58381,58496,-115,-0.19659463895,182503.063312722,19190.6480875627,10654711339.26,1120369226,0,,2023-08-25,600201,生物股份
2023-09-30,-1.05152471,56321,58381,-2060,-3.528545245885,187189.04878571,19892.5662896611,10542674416.66,1120369226,0,,2023-10-31,600201,生物股份
2023-12-31,14.45270988,53270,56321,-3051,-5.417162337316,226513.54541055,21031.8983668106,12066376564.02,1120369226,0,,2024-04-26,600201,生物股份
2024-03-31,-19.22005571,52262,53270,-1008,-1.892247043364,186506.682985726,21437.5497684742,9747212266.2,1120369226,0,,2024-04-26,600201,生物股份
2024-06-30,-17.12643678,55040,52262,2778,5.31552562091,146763.483275073,20355.5455305233,8077862119.46,1120369226,0,,2024-08-31,600201,生物股份
2024-09-30,2.47366211,54673,55040,-367,-0.666787790698,149592.949898487,20492.184917601,8178695349.8,1120369226,0,,2024-10-31,600201,生物股份
2024-12-31,-6.02739726,57482,54673,2809,5.137819398972,133706.775866532,19490.7836540134,7685732890.36,1120369226,0,,2025-04-25,600201,生物股份
2025-03-31,4.51895044,52876,57482,-4606,-8.012943182214,151922.372161661,21188.6153642484,8033047350.42,1120369226,0,,2025-04-25,600201,生物股份
2025-06-30,12.27179571,54906,52876,2030,3.839170890385,163649.896049976,20405.2239463811,8985361192.52,1120369226,0,,2025-08-20,600201,生物股份
2025-09-30,20.19950125,49033,54906,-5873,-10.696463045933,218572.166553954,22673.4612607836,10717249042.64,1111747826,-8621400,资产重组,2025-10-28,600201,生物股份
2025-12-31,56.32780083,43303,49033,-5730,-11.686007382783,386902.518019999,25673.69064499,16754039737.82,1111747826,0,,2026-04-23,600201,生物股份
2026-03-31,-4.44591904,44780,43303,1477,3.410849132855,357507.116891469,24826.8831174632,16009168694.4,1111747826,0,,2026-04-23,600201,生物股份
2026-06-30,-18.82482593,41853,44780,-2927,-6.536400178651,309460.783525673,26563.157384178,12951862172.9,1111747826,0,,2026-08-04,600201,生物股份
